part_number,name,model_number,equipment,engineering_system,unit_of_measure,quantity_in_stock,unit_price,minimum_stock,supplier,location,rack,row,bin,picture_1_path,picture_2_path,notes,status,last_updated
$GP208758,"REMOVE BEFORE FLIGHT RED FLAG 2 X24""",,MISCELLANEOUS,MECHANICAL,EA,16.0,0.01,1.0,McMASTER CARR,CABINET C,2,H,1,,,,Active,2026-05-09 12:25:38
$K-PA$P-1-A,SEAL KIT,,MISCELLANEOUS,MECHANICAL,EA,1.0,0.01,1.0,AIRR ENGINEERING,CABINET C,2,H,,,,,Active,2026-05-09 12:25:38
0 450 904 058,FUEL FLITER,,MISCELLANEOUS,MECHANICAL,EA,5.0,4.5,1.0,,CABINET C,3,L,6,,,,Active,2026-05-09 12:25:38
00131-011-000,AIR HYDRAULIC PUMP,,MISCELLANEOUS,HYDRAULIC,EA,1.0,875.0,1.0,HYRDO PRECISION,3RD FLR. MRO,2,2,,,,,Active,2026-05-09 12:25:38
00166-024-000,SWIVEL CASTER,,MISCELLANEOUS,MECHANICAL,EA,3.0,23.97,1.0,LENKROLLE,CABINET C,2,F,4,,,,Active,2026-05-09 12:25:38
003-28600,MALE GREY CONNECTOR 50MM (160A),MASTER MOVER APPROVED SPARE PARTS,MISCELLANEOUS,ELECTRICAL CABINET,EA,1.0,0.01,1.0,,CABINET I,2,1,1,,,,Active,2026-05-09 12:25:38
003-28800,160/320 HANDLE BLK + 4 SCREWS (MT),MASTER MOVER APPROVED SPARE PARTS,MISCELLANEOUS,ELECTRICAL CABINET,EA,1.0,0.01,1.0,,CABINET I,2,1,1,,,,Active,2026-05-09 12:25:38
00302-051-000,WIPER,,MISCELLANEOUS,MECHANICAL,EA,4.0,0.01,0.0,HYRDO SYSTEM,CABINET C,2,D,6,,,,Active,2026-05-09 12:25:38
00407-008-000,CLIP PIN,,MISCELLANEOUS,MISCELLANEOUS,EA,0.0,14.0,0.0,HYDRO,CABINET C,,,,,,,Active,2026-05-09 12:25:38
00409-035-000,LINCHPIN COMPL.,,MISCELLANEOUS,MISCELLANEOUS,EA,0.0,139.0,0.0,HYDRO,CABINET C,,,,,,,Active,2026-05-09 12:25:38
00411-056-000,DRAIN PLUS GASKET,,MISCELLANEOUS,MECHANICAL,EA,12.0,1.5,1.0,HYDRO SYSTEMS,CABINET C,1,F,7,,,,Active,2026-05-09 12:25:38
00432-513-00,RETAINING PIN,,MISCELLANEOUS,MECHANICAL,EA,12.0,9.49,1.0,,CABINET C,2,B,10,,,,Active,2026-05-09 12:25:38
00432-525-000,SHEAR PIN,,MISCELLANEOUS,MECHANICAL,EA,15.0,10.79,1.0,,CABINET C,2,B,10,,,,Active,2026-05-09 12:25:38
00471-001-000,CIRCULAR SPIRIT LEVEL,HYDRO SYSTM - NOSE & WING JACK,MISCELLANEOUS,ELECTRICAL CABINET,EA,3.0,0.01,1.0,,CABINET I,2,3,2,,,,Active,2026-05-09 12:25:38
006-11900,SWIVEL CASTER WHEELS,MASTER MOVER APPROVED SPARE PARTS,MISCELLANEOUS,ELECTRICAL CABINET,EA,2.0,23.99,1.0,AMAZON,CABINET I,2,1,1,,,,Active,2026-05-09 12:25:38
008-04400,PLASTIC LID HANDLE,MASTER MOVER APPROVED SPARE PARTS,MISCELLANEOUS,ELECTRICAL CABINET,EA,1.0,0.01,1.0,,CABINET I,2,1,1,,,,Active,2026-05-09 12:25:38
008-17600,GAS SPRING 400N C/W 2X EYLETS (TILLER),MASTER MOVER APPROVED SPARE PARTS,MISCELLANEOUS,ELECTRICAL CABINET,EA,1.0,0.01,1.0,,CABINET I,2,1,1,,,,Active,2026-05-09 12:25:38
008-94100,80 GAS SPRING (F2 EYES),MASTER MOVER APPROVED SPARE PARTS,MISCELLANEOUS,ELECTRICAL CABINET,EA,1.0,0.01,1.0,,CABINET I,2,1,1,,,,Active,2026-05-09 12:25:38
01-4-0151OO,SPEED CONTROLLER,"MOTOR SPEED CONTROLLER ""BIG JOE""",MISCELLANEOUS,ELECTRICAL CABINET,EA,1.0,0.01,1.0,AMAZON,CABINET I,1,9,1,,,,Active,2026-05-09 12:25:38
0101,WING ADAPTER ASSY KIT,,MISCELLANEOUS,MECHANCAL,EA,1.0,0.01,1.0,,CABINET C,1,E,,,,,Active,2026-05-09 12:25:38
0102,KNOB - BLACK ROUND,,MISCELLANEOUS,MECHANCAL,EA,2.0,11.99,1.0,AMAZON,CABINET C,1,F,2,,,,Active,2026-05-09 12:25:38
014-01103,175A FUSE,MASTER MOVER APPROVED SPARE PARTS,MISCELLANEOUS,ELECTRICAL CABINET,EA,2.0,58.37,1.0,MERSEN,CABINET I,2,1,1,,,,Active,2026-05-09 12:25:38
014-01301,TEMO KEY SWITCH,MASTER MOVER APPROVED SPARE PARTS,MISCELLANEOUS,ELECTRICAL CABINET,EA,1.0,0.01,1.0,,CABINET I,2,1,1,,,,Active,2026-05-09 12:25:38
014-01302,THROTTLE SWITCH MOTOR,MASTER MOVER APPROVED SPARE PARTS,MISCELLANEOUS,ELECTRICAL CABINET,EA,2.0,0.01,1.0,,CABINET I,2,1,1,,,,Active,2026-05-09 12:25:38
014-12500,MASTER MOVER CONTROLLER,1234E-2321-AC CONT,MISCELLANEOUS,ELECTRICAL CABINET,EA,1.0,0.01,1.0,,CABINET I,2,9,3,,,,Active,2026-05-09 12:25:38
014-15100,1212P 24V 50A (90A BOOST) MOTOR SPEED CONTROL,MASTER MOVER APPROVED SPARE PARTS,MISCELLANEOUS,ELECTRICAL CABINET,EA,1.0,0.01,1.0,,CABINET I,2,1,1,,,,Active,2026-05-09 12:25:38
015567-25-5D,NUT ASSY,,MISCELLANEOUS,MECHANICAL,EA,2.0,0.02,1.0,,CABINET C,3,J,2,,,,Active,2026-05-09 12:25:38
015567S5-12D,COUPLING HALF,,MISCELLANEOUS,MECHANICAL,EA,3.0,0.01,1.0,,CABINET C,2,D,1,,,,Active,2026-05-09 12:25:38
01567-Z5-5D,NUT ASSY,,MISCELLANEOUS,MECHANICAL,EA,2.0,0.01,1.0,EATON,CABINET C,3,B,4,,,,Active,2026-05-09 12:25:38
016-80686-0,PRESSURE REGULATOR HPU,,MISCELLANEOUS,MECHANICAL,EA,3.0,0.01,1.0,PARKER,CABINET C,2,G,1,,,,Active,2026-05-09 12:25:38
0206FM,"DISPLAY, YELLOW 5' W/TAPE",,MISCELLANEOUS,MISCELLANEOUS,EA,4.0,0.01,1.0,McMASTER CARR,"3RD FLR, MRO",6,1,,,,,Active,2026-05-09 12:25:38
0313015.HXP,FUSE GLASS 15A 32VAC 3AB 3AG,,MISCELLANEOUS,ELECTRICAL,EA,0.0,0.98,0.0,DIGIKEY,CABINET I,,,,,,,Active,2026-05-09 12:25:38
0319,FAHRHEBEL SET,MASTER MOVER APPROVED SPARE PARTS,MISCELLANEOUS,ELECTRICAL CABINET,SET,1.0,0.01,1.0,,CABINET I,2,1,1,,,,Active,2026-05-09 12:25:38
035-RA/RA/EK/CN/1600/20023,THREADED ROD ASSEMBLY,,MISCELLANEOUS,Mechanical,EA,0.0,97.0,0.0,HELIX,3RD FLR. MRO,2,2,,,,,Active,2026-05-09 12:25:38
06-00394,NITROGEN VALVE SEAL,,MISCELLANEOUS,Mechanical,EA,38.0,0.01,1.0,McMASTER CARR,CABINET C,1,C,2,,,,Active,2026-05-09 12:25:38
06-5024-3610,HYDROLIC TRANSFER PUMP (SKYDOL),,PUMP,HYDRAULIC,EA,1.0,3356.76,1.0,TRONAIR,3RD FLR. MRO,4,3,,,,,Active,2026-05-09 12:25:38
0V323287,DCL FILTERS-2,,MISCELLANEOUS,PNEUMATIC,EA,0.0,0.01,0.0,,SHOP FLOOR RACK,B,1,C,,,,Active,2026-05-09 12:25:38
1/4X2GOK,THERMOID AIR HOSE 1/4 V200x30 200psi,,MISCELLANEOUS,PNEUMATIC,EA,2.0,256.0,1.0,PENSCOLA RUBBER AND GASKET,3RD FLR. MRO,6,3,,,,,Active,2026-05-09 12:25:38
10.3038,"INFER RED LAMP 36"" (2000-WATT 120-VOLT) BULB",,MISCELLANEOUS,ELECTRICAL,EA,1.0,18.49,1.0,ELEMENT,3RD FLR. MRO,5,4,,,,,Active,2026-05-09 12:25:38
1003K50TUX,BEACON LIGHTS (MALE CORD 15MP),,MISCELLANEOUS,ELECTRICAL,EA,7.0,25.62,1.0,,3RD FLR. MRO,3,3,,,,,Active,2026-05-09 12:25:38
10059-05,LOAD CELL MOD #1210CRS-10K,,ENGINE LOADER,ELECTRICAL,EA,1.0,968.99,1.0,INTERFACE,3RD FLR. MRO,3,2,,,,,Active,2026-05-09 12:25:38
1009AW02L/9767053,GAUGE-60 PSI,PRESSURE GAUGE 60 PSI,MISCELLANEOUS,ELECTRICAL CABINET,EA,1.0,0.01,1.0,ASHCROFT,CABINET I,2,1,3,,,,Active,2026-05-09 12:25:38
1009AW02L/9767096,GAUGE-300 PSI,PRESSURE GAUGE 300 PSI,MISCELLANEOUS,ELECTRICAL CABINET,EA,3.0,0.01,1.0,ASHCROFT,CABINET I,2,1,2,,,,Active,2026-05-09 12:25:38
102-017,RUBBER MAT NEOPRENE 60A DURO (222X6.00X0.63),,MISCELLANEOUS,MISCELLANEOUS,EA,1.0,120.0,0.0,MISCELLANEOUS,3RD FLR. MRO,3,1,,,,,Active,2026-05-09 12:25:38
1078A35,PULL JANDLE (ORANGE),,MISCELLANEOUS,MECHANICAL,EA,1.0,0.01,1.0,McMASTER CARR,CABINET C,2,B,1,,,,Active,2026-05-09 12:25:38
108946,TUBE LIGHT,,MISCELLANEOUS,ELECTRICAL,EA,1.0,157.5,1.0,NORTHERN TOOL,3RD FLR. MRO,5,4,,,,,Active,2026-05-09 12:25:38
10C37KBC,DRILLING JIG SCREWS/BUTTON SOCKET HEAD CAP,,MISCELLANEOUS,MECHANICAL,EA,88.0,0.01,10.0,KERR,CABINET C,1,M,5,,,,Active,2026-05-09 12:25:38
10FTM16B21,"GAUGE, PRESSURE, DIAL INDICATING",,MISCELLANEOUS,MECHANICAL,EA,1.0,0.01,1.0,,CABINET C,2,I,2,,,,Active,2026-05-09 12:25:38
1102585,AIR FILTERSECINDARY ELEMENT,,MISCELLANEOUS,PNEUMATIC,EA,1.0,51.75,1.0,MANN FILTER,3RD FLR. MRO,4,3,,,,,Active,2026-05-09 12:25:38
1113586,FUEL FILTER,,MISCELLANEOUS,HYDRAULIC,EA,1.0,14.49,1.0,DEUTZ,3RD FLR. MRO,4,3,,,,,Active,2026-05-09 12:25:38
1116K25,SIGHT GLASSES,,MISCELLANEOUS,MECHANICAL,EA,12.0,51.29,1.0,McMASTER CARR,CABINET C,2,G,1,,,,Active,2026-05-09 12:25:38
111RIB16S01-Z,PRESSURE GAUGE (RAT),,MISCELLANEOUS,MECHANICAL,EA,1.0,0.01,1.0,,CABINET C,2,F,2,,,,Active,2026-05-09 12:25:38
1120-340003-00,BIG JOE CONTROL HANDLE L/H,,MISCELLANEOUS,Mechanical,EA,2.0,0.01,1.0,ONE SOURCE,CABINET C,1,D,3,,,,Active,2026-05-09 12:25:38
1127038,FUEL FILTER,,MISCELLANEOUS,PNEUMATIC,EA,4.0,14.49,1.0,FLEETGUARD,3RD FLR. MRO,4,3,,,,,Active,2026-05-09 12:25:38
1169N16,"""O"" RING (SCOOP PLUG SPARE)",,MISCELLANEOUS,MECHANICAL,EA,6.0,0.01,1.0,McMASTER CARR,CABINET C,3,N,3,,,,Active,2026-05-09 12:25:38
11713-ABA,ENGINE LOADER HMI,CR1204,ENGINE LOADER,ELECTRICAL,EA,1.0,3548.5,1.0,IFM ELECTRONIS,3RD FLR. MRO,7,3,,,,,Active,2026-05-09 12:25:38
117297,"SKDAL HOSE, CONNECTALL 5000Psi 1Q16",,HOSE,HYDRAULIC,FT,40.0,25.25,1.0,CONNECTALL,3RD FLR. MRO,6,2,,,,,Active,2026-05-09 12:25:38
1198A1,LOCK - COMBINATION PADLOCK,,MISCELLANEOUS,MECHANICAL,EA,1.0,19.49,1.0,McMASTER CARR,CABINET C,1,H,5,,,,Active,2026-05-09 12:25:38
1201442,TERMINAL BLOCK,END CLAMP FOR  TERMINAL BLOCK,MISCELLANEOUS,ELECTRICAL CABINET,EA,2.0,0.01,1.0,PHOENIX CANTACT,CABINET I,1,5,2,,,,Active,2026-05-09 12:25:38
1212282,BRACKET ASSEMBLY - TANK TSA/INLPG - 1036,,MISCELLANEOUS,MECHANICAL,EA,1.0,0.01,1.0,McMASTER CARR,SHOP FLOOR RACK,J,2,B,,,,Active,2026-05-09 12:25:38
1243-03,LOAD CELL MOD #WMC-200-320,,ENGINE LOADER,ELECTRICAL,EA,1.0,724.99,1.0,INTERFACE,3RD FLR. MRO,3,2,,,,,Active,2026-05-09 12:25:38
125033-1,DIGITAL FLOW METER (FOR WATER),,MISCELLANEOUS,ELECTRICAL CABINET,EA,1.0,0.01,1.0,,CABINET I,2,9,3,,,,Active,2026-05-09 12:25:38
125479,PLC MODULES,PLC MODULES,MISCELLANEOUS,ELECTRICAL CABINET,EA,10.0,0.01,1.0,ALLEN BRADLEY,CABINET I,2,4,4,,,,Active,2026-05-09 12:25:38
127076,LEAD MALE 50MM,LEAD MALE 50MM,MISCELLANEOUS,ELECTRICAL CABINET,EA,4.0,9.99,1.0,,CABINET I,3,6,4,,,,Active,2026-05-09 12:25:38
127077,LEAD MALE 50MM,,MISCELLANEOUS,ELECTRICAL CABINET,EA,3.0,9.99,1.0,,CABINET I,3,6,2,,,,Active,2026-05-09 12:25:38
127078,LEAD MALE 50MM,,MISCELLANEOUS,ELECTRICAL CABINET,EA,1.0,9.99,1.0,,CABINET I,3,6,1,,,,Active,2026-05-09 12:25:38
127079,LEAD MALE 50MM,LEAD MALE 50MM,MISCELLANEOUS,ELECTRICAL CABINET,EA,4.0,9.99,1.0,,CABINET I,3,6,3,,,,Active,2026-05-09 12:25:38
127080,LEAD FEMALE 50MM,LEAD FEMALE 50MM,MISCELLANEOUS,ELECTRICAL CABINET,EA,4.0,9.99,1.0,,CABINET I,3,6,4,,,,Active,2026-05-09 12:25:38
127081,LEAD FEMALE 50MM,LEAD FEMALE 50MM,MISCELLANEOUS,ELECTRICAL CABINET,EA,3.0,9.99,1.0,,CABINET I,3,6,2,,,,Active,2026-05-09 12:25:38
127082,LEAD FEMALE 50MM,,MISCELLANEOUS,ELECTRICAL CABINET,EA,1.0,9.99,1.0,,CABINET I,3,6,1,,,,Active,2026-05-09 12:25:38
127083,LEAD FEMALE 50MM,LEAD FEMALE 50MM,MISCELLANEOUS,ELECTRICAL CABINET,EA,4.0,9.99,1.0,,CABINET I,3,6,3,,,,Active,2026-05-09 12:25:38
13-02818,"REMOVE BEFORE FLIGHT RED FLAG 1 X 7""",,MISCELLANEOUS,MECHANICAL,EA,16.0,0.01,1.0,McMASTER CARR,CABINET C,2,H,1,,,,Active,2026-05-09 12:25:38
1311311,FALL PROTECTION 100FT (RED),,MISCELLANEOUS,MECHANICAL,EA,1.0,0.01,1.0,,SHOP FLOOR RACK,B,2,B,,,,Active,2026-05-09 12:25:38
133242,POWER SUPPLY FOR STATIC GUN,,MISCELLANEOUS,ELECTRICAL,EA,1.0,491.0,1.0,IMS,3RD FLR. MRO,1,2,,,,,Active,2026-05-09 12:25:38
133462,RIBBED PLUG CAP 1 1/4 SQ 14-2Q0G,,MISCELLANEOUS,MECHANICAL,EA,48.0,0.01,1.0,,CABINET C,2,A,7,,,,Active,2026-05-09 12:25:38
133481,RIBBED PLUG CAP 30 X 30MM 1.0-2.0MM,,MISCELLANEOUS,MECHANICAL,EA,38.0,0.01,1.0,,CABINET C,2,A,8,,,,Active,2026-05-09 12:25:38
13382-ABAP,STEEL CABLE - 1/2 X 10' 6X26 RWRC 2LB,,MISCELLANEOUS,MISCELLANEOUS,EA,1.0,686.67,1.0,TURNER SUPPY COMPANY,3RD FLR. MRO,WOODBOX,,,,,,Active,2026-05-09 12:25:38
1342N41,PIPE CLIPS,PIPE CLIPS,MISCELLANEOUS,ELECTRICAL CABINET,EA,24.0,0.01,1.0,,CABINET I,1,10,1,,,,Active,2026-05-09 12:25:38
1343N41,ALLIGATOR CLIPS,ALLIGATOR CLIPS,MISCELLANEOUS,ELECTRICAL CABINET,EA,31.0,12.99,1.0,AMAZON,CABINET I,1,11,2,,,,Active,2026-05-09 12:25:38
13515K55,CAPS-BLACK,,MISCELLANEOUS,MECHANICAL,EA,2.0,0.01,1.0,McMASTER CARR,CABINET C,2,C,10,,,,Active,2026-05-09 12:25:38
13DG,SWITCHCRAFT SWC 512B MICROPHONEJAC,,MISCELLANEOUS,ELECTRICAL CABINET,EA,7.0,6.5,1.0,AIRCRAFT SPRUCE,CABINET I,3,11,4,,,,Active,2026-05-09 12:25:38
1400700340,JACK FEET,,MISCELLANEOUS,MISCELLANEOUS,EA,4.0,21.99,1.0,CURT,3RD FLR. MRO,5,5,,,,,Active,2026-05-09 12:25:38
141720,LONG SCREW ROD (NOISE JACK),,MISCELLANEOUS,MECHANICAL,EA,18.0,0.01,1.0,,CABINET C,2,F,4,,,,Active,2026-05-09 12:25:38
146F15,TAPER BUSHING (TL110818MM),1108-16MM BUSHING,MISCELLANEOUS,ELECTRICAL CABINET,EA,1.0,25.43,1.0,TB WOODS/MOTIONS,CABINET I,3,3,1,,,,Active,2026-05-09 12:25:38
146G29,TAPER BUSHING (TL201222MM),1210-22MM,MISCELLANEOUS,ELECTRICAL CABINET,EA,1.0,25.43,1.0,TB WOOD,CABINET I,3,3,1,,,,Active,2026-05-09 12:25:38
1481-01,LOAD CELL MOD #WMC-7500-1024,,ENGINE LOADER,ELECTRICAL,EA,1.0,968.5,1.0,INTERFACE,3RD FLR. MRO,3,2,,,,,Active,2026-05-09 12:25:38
1481-02,LOAD CELL MOD #WMC -10K-321,,ENGINE LOADER,ELECTRICAL,EA,1.0,986.5,1.0,INTERFACE,3RD FLR. MRO,3,2,,,,,Active,2026-05-09 12:25:38
14855-000,BATTERY CHARGER,BATTERY CHARGER 14V/75W,MISCELLANEOUS,ELECTRICAL CABINET,EA,2.0,0.01,1.0,VXI POWER,CABINET I,2,4,5,,,,Active,2026-05-09 12:25:38
1489-M,CIRCUIT BREAKER,SINGLE POLE 20AMP BREAKER,MISCELLANEOUS,ELECTRICAL CABINET,EA,1.0,29.91,1.0,ALLEN BRADLEY,CABINET I,1,14,1,,,,Active,2026-05-09 12:25:38
14RCA-QS9,"GENERATOR - 14RCA, 3 PH, 480V, CUL",336TGHNK0258,MISCELLANEOUS,MISCELLANEOUS,EA,1.0,4999.99,1.0,PURE GENERATOR,SHOP FLOOR RACK,J,2,B,,,,Active,2026-05-09 12:25:38
15000-00,WINGGRIP  SMALL VACUUM ABCHOR,,VACUUM,PNEUMATIC,EA,1.0,9552.93,1.0,MSA,3RD FLR. MRO,2,3,,,,,Active,2026-05-09 12:25:38
15200-02,WINGGRIP GUARD RAIL INSERT SPIGOT,,MISCELLANEOUS,MECHANICAL,EA,1.0,0.01,1.0,,CABINET C,2,E,4,,,,Active,2026-05-09 12:25:38
15205A84,"SPRING HINGE 3 1/2 2X 3/4""",,MISCELLANEOUS,MECHANICAL,EA,8.0,0.01,1.0,,CABINET C,1,N,3,,,,Active,2026-05-09 12:25:38
1526A71,STRAP HINGE,,MISCELLANEOUS,MECHANICAL,EA,2.0,0.01,1.0,McMASTER CARR,CABINET C,1,L,4,,,,Active,2026-05-09 12:25:38
1550320117,JACKS (5000 LBS),,MISCELLANEOUS,MISCELLANEOUS,EA,2.0,200.32,1.0,BULLDOG,3RD FLR. MRO,5,5,,,,,Active,2026-05-09 12:25:38
1577--9001,SLIPPRING ASSY ENGINELOADER,KIT#01,MISCELLANEOUS,MISCELLANEOUS,EA,1.0,0.01,1.0,,3RD FLR. MRO,5,4,,,,,Active,2026-05-09 12:25:38
1577-9001,SLIPPRING ASSY ENGINE LOADER,,KIT#01,MISCELLANEOUS,EA,1.0,0.01,1.0,,3RD FLR. MRO,5,4,,,,,Active,2026-05-09 12:25:38
1577-9011,SERVO MOTOR & GEAR DUNKE,KIT#01,MISCELLANEOUS,MISCELLANEOUS,EA,1.0,0.01,1.0,,3RD FLR. MRO,5,4,,,,,Active,2026-05-09 12:25:38
1577-9017,ENGINE LOADER REMOTE,,ENGINE LOADER,ELECTRICAL,EA,1.0,250.89,1.0,RADWELL,3RD FLR. MRO,1,3,,,,,Active,2026-05-09 12:25:38
158452,POT CONTROL KIT,,MISCELLANEOUS,MECHANICAL,EA,2.0,0.01,1.0,INTERGRITY,CABINET C,1,L,3,,,,Active,2026-05-09 12:25:38
1585J,ETHERNET ACCESSORY,RJ 45 FIELD ATTACHABLE/LANDING GEAR ROBOT,MISCELLANEOUS,ELECTRICAL CABINET,EA,24.0,12.99,1.0,ALLEN BRADLEY,CABINET I,2,3,1,,,,Active,2026-05-09 12:25:38
15F2834,CASTER ASSY,,MISCELLANEOUS,MECHANICAL,EA,1.0,607.0,1.0,CLYDE MACHINES,SHOP FLOOR RACK,,,,,,,Active,2026-05-09 12:25:38
16-1000,"INFER RED LAMP 36"" (2000-WATT 120-VOLT)",,MISCELLANEOUS,ELECTRICAL,EA,1.0,153.0,1.0,INFRATECH,3RD FLR. MRO,5,4,,,,,Active,2026-05-09 12:25:38
1606-XLE240E-3,POWER SUPPLY,3 PHASE POWER SUPPLY 480/24V/10A,MISCELLANEOUS,ELECTRICAL CABINET,EA,2.0,0.01,1.0,ALLEN BRADLEY,CABINET I,2,4,3,,,,Active,2026-05-09 12:25:38
16130,SHIM SHEETS -GAUGE .001,,MISCELLANEOUS,Mechanical,EA,1.0,34.64,1.0,PRECISION BRAND,3RD FLR. MRO,4,2,,,,,Active,2026-05-09 12:25:38
16195,SHIM SHEETS -GAUGE .002,,MISCELLANEOUS,Mechanical,EA,1.0,34.65,1.0,PRECISION BRAND,3RD FLR. MRO,4,2,,,,,Active,2026-05-09 12:25:38
16209584,NEDERMAN PLASTIC BAG,,MISCELLANEOUS,MISCELLANEOUS,RL,1.0,176.0,1.0,ULINE,3RD FLR. MRO,1,4,,,,,Active,2026-05-09 12:25:38
16320,SHIM SHEETS -GAUGE .005,,MISCELLANEOUS,Mechanical,EA,1.0,34.6,1.0,PRECISION BRAND,3RD FLR. MRO,4,2,,,,,Active,2026-05-09 12:25:38
16530,SHIM SHEETS -GAUGE .015,,MISCELLANEOUS,Mechanical,EA,1.0,34.65,1.0,PRECISION BRAND,3RD FLR. MRO,4,2,,,,,Active,2026-05-09 12:25:38
16VF16,"QUICK DISCONNECT COUPLER STEEL 2""IN",,MISCELLANEOUS,MECHANICAL,EA,4.0,0.01,1.0,,CABINET C,2,G,3,,,,Active,2026-05-09 12:25:38
17169,PIN ASSEMBLY,,MISCELLANEOUS,MECHANICAL,EA,4.0,0.01,1.0,,CABINET C,2,A,6,,,,Active,2026-05-09 12:25:38
17240,SHIM SHEETS -GAUGE .003,,MISCELLANEOUS,Mechanical,EA,1.0,34.65,1.0,PRECISION BRAND,3RD FLR. MRO,4,2,,,,,Active,2026-05-09 12:25:38
1736-1019-ND,AC/DC DIN RAIL SUPPLY 24V 480W - PULS,,ELECTRICAL,ELECTRICAL,EA,1.0,775.0,0.0,DIGIKEY,CABINET I,2,4,3,,,,Active,2026-05-09 12:25:38
1815T16,CLAMP FOR THREADED ROD/STRUT TO BEAM CLAMP,MCBC700000EG,MISCELLANEOUS,MECHANICAL,EA,3.0,0.01,1.0,McMASTER CARR,CABINET C,1,N,5,,,,Active,2026-05-09 12:25:38
1826T583,READY TO US OUTLET BOX,,MISCELLANEOUS,ELECTRICAL,EA,1.0,0.01,1.0,McMASTER CARR,SHOP FLOOR RACK,J,2,B,,,,Active,2026-05-09 12:25:38
183497,CERAMIC 5 AMP FUSE,CERAMIC 5 AMP FUSE,MISCELLANEOUS,ELECTRICAL CABINET,EA,10.0,5.99,1.0,McMASTER CARR,CABINET I,1,6,1,,,,Active,2026-05-09 12:25:38
184203,LED LIGHT BAR,,MISCELLANEOUS,ELECTRICAL,EA,8.0,0.01,8.0,DIGKEY,SHOP FLOOR RACK,J,1,B,,,,Active,2026-05-09 12:25:38
184584,CERAMIC  2 AMP FUSE,CERAMIC  2 AMP FUSE,MISCELLANEOUS,ELECTRICAL CABINET,EA,10.0,5.99,1.0,McMASTER CARR,CABINET I,1,6,1,,,,Active,2026-05-09 12:25:38
189 846,IN LINE ETHERNET CORD COUPLER,,MISCELLANEOUS,ELECTRICAL CABINET,EA,1.0,0.01,1.0,E COMMERICAL ELECTRIC,CABINET I,3,15,3,,,,Active,2026-05-09 12:25:38
1914787,PRESSURE CART GAUGE,IGP10S-T52E1FP-M7L1,PRESSURE CART,ELECTRICAL,EA,1.0,1350.0,1.0,SCHNEIDER ELECTRIC,3RD FLR. MRO,2,4,,,,,Active,2026-05-09 12:25:38
1942N759,SPRING,,MISCELLANEOUS,MECHANICAL,EA,6.0,0.01,1.0,McMASTER CARR,CABINET C,2,E,8,,,,Active,2026-05-09 12:25:38
1964484,PRESSURE CART GAUGE,IGP10S-T22E1CM,PRESSURE CART,ELECTRICAL,EA,1.0,1343.0,1.0,SCHNEIDER ELECTRIC,3RD FLR. MRO,2,4,,,,,Active,2026-05-09 12:25:38
1979T5,AIR LINE HOSE (3/16 ID) (5/16 OD),,MISCELLANEOUS,PNEUMATIC,FT,50.0,78.0,10.0,,3RD FLR. MRO,2,4,,,,,Active,2026-05-09 12:25:38
199250,JACK (7000 LBS),,MISCELLANEOUS,MISCELLANEOUS,EA,1.0,127.5,1.0,BULLDOG,3RD FLR. MRO,5,5,,,,,Active,2026-05-09 12:25:38
1FK700-5AK71-1UB0,ELECTRIC MOTOER  INVERTER DUTY,,MISCELLANEOUS,ELECTRICAL,EA,1.0,942.86,1.0,SIEMENS,3RD FLR. MRO,2,2,,,,,Active,2026-05-09 12:25:38
1FK7022-5AK71-1UB0,ELECTRIC MOTOER  INVERTER DUTY,,MISCELLANEOUS,ELECTRICAL,EA,1.0,1648.0,1.0,SIEMENS,3RD FLR. MRO,7,3,,,,,Active,2026-05-09 12:25:38
1FK7032-2AK71-1UHO,SERVO MOTOR,,MISCELLANEOUS,ELECTRICAL,EA,1.0,1348.62,1.0,SIEMENS,3RD FLR. MRO,7,3,,,,,Active,2026-05-09 12:25:38
1FK7032-5AK71,GEAR BOX,,MISCELLANEOUS,ELECTRICAL,EA,2.0,1366.0,1.0,"WITTENSTEIN, INC",3RD FLR. MRO,7,3,,,,,Active,2026-05-09 12:25:38
1FK7032-5AK71-1UH0,SERVO MOTOR,,ELECTRICAL,ELECTRICAL,EA,1.0,1132.43,1.0,SIEMENS - RADWELL,3RD FLR. MRO,7,2,,,,,Active,2026-05-09 12:25:38
1FK7042-2AK7 1-1UHO,SERVO MOTOR,,MISCELLANEOUS,ELECTRICAL,EA,2.0,1666.0,1.0,SIEMENS,3RD FLR. MRO,7,3,,,,,Active,2026-05-09 12:25:38
1FK7042-2AK71-1UH0,ELECTRICAL MOTOR INVERTER DUTY,,MISCELLANEOUS,ELECTRICAL,EA,2.0,0.01,1.0,SIEMENS,3RD FLR. MRO,7,4,,,,,Active,2026-05-09 12:25:38
1FK7042-5AK71,GEAR BOX,NP 0358-MF2-35-1E1-18,MISCELLANEOUS,ELECTRICAL,EA,1.0,1635.0,1.0,SIEMENS/RADWELL,3RD FLR. MRO,7,3,,,,,Active,2026-05-09 12:25:38
1FK7042-5AK71-1KHO,SERVO MOTOR,,MISCELLANEOUS,ELECTRICAL,EA,1.0,1449.0,0.0,SIEMENS/EUAUTOMATIONS,3RD FLR. MRO.,7,3,,,,,Active,2026-05-09 12:25:38
1GAT3,"KEY BLANK, AR1, BRASS (PK10)",,MECHANICAL,MISCELLANEOUS,EA,1.0,6.37,1.0,GRAINGER,KEYS AND ACCESSORIES,,1,,,,,Active,2026-05-09 12:25:38
1Z907,PUMP AIR TURBO (HYDROLIC PATEL),,MISCELLANEOUS,HYDRAULIC,EA,0.0,1370.09,1.0,GRAINGER,3RD FLR. MRO,5,4,,,,,Active,2026-05-09 12:25:38
200112,VALVE,,MISCELLANEOUS,PNEUMATIC,EA,1.0,241.0,1.0,FAIRCHILD,3RD FLR. MRO,4,2,,,,,Active,2026-05-09 12:25:38
20020035FS,Threaded Rod Assembly 3/8 X 5,,MISCELLANEOUS,Mechanical,EA,2.0,93.0,1.0,HELIX,3RD FLR. MRO,2,2,,,,,Active,2026-05-09 12:25:38
200518444,ECU CONTROL,ELECTRONIC CONTROL UNIT,MISCELLANEOUS,ELECTRICAL CABINET,EA,1.0,0.01,1.0,,CABINET I,1,7,2,,,,Active,2026-05-09 12:25:38
2012-16MM,"TAPER LOCK BUSING 2012 X 16MM, 5 X 2.3MM",,MISCELLANEOUS,MECHANICAL,EA,1.0,0.01,1.0,,CABINET C,3,E,3,,,,Active,2026-05-09 12:25:38
2016865,"SHEAR BOLT , CLYDE",AS5007612,MISCELLANEOUS,MECHANICAL,EA,9.0,0.01,1.0,,CABINET C,3,I,6,,,,Active,2026-05-09 12:25:38
2016867,"SHEAR BOLT , CLYDE (BRZ)",AS5007612,MISCELLANEOUS,MECHANICAL,EA,9.0,0.01,1.0,,CABINET C,3,J,4,,,,Active,2026-05-09 12:25:38
2029N23,MULTI PURPOSE BINDING FORM TUBE,2-1/4 X 1-1/2 ID 10FT,MISCELLANEOUS,MISCELLANEOUS,FT,20.0,0.01,1.0,AMAZON/McMASTER CARR,3RD FLR. MRO,5,1,,,,,Active,2026-05-09 12:25:38
2035A28,SINGLE AXEL TILT INDICATOR,,MISCELLANEOUS,MECHANICAL,EA,1.0,0.01,1.0,McMASTER CARR,CABINET C,3,M,2,,,,Active,2026-05-09 12:25:38
2049118,CC 600 18AWG 4 COND YELLOW JKT,,WIRE,MISCELLANEOUS,RL,1.0,343.48,1.0,GRAINGER,3RD FLR. MRO,6,3,,,,,Active,2026-05-09 12:25:38
2100-601,SCREEN DOOR GATE HINGES,,MISCELLANEOUS,MECHANICAL,EA,4.0,0.01,1.0,,CABINET C,2,E,3,,,,Active,2026-05-09 12:25:38
216600,CERAMIC 2 AMP FUSE,CERAMIC 2 AMP FUSE,MISCELLANEOUS,ELECTRICAL CABINET,EA,5.0,5.99,1.0,LITTEL FUSE,CABINET I,1,6,1,,,,Active,2026-05-09 12:25:38
2167K66,AIR FILTER,,MISCELLANEOUS,MISCELLANEOUS,PK,1.0,117.06,1.0,McMASTER CARR,3RD FLR. MRO,6,1,,,,,Active,2026-05-09 12:25:38
217062,SAFETY RELAY,GUARDMASTER SAFETY RELAY,MISCELLANEOUS,ELECTRICAL CABINET,EA,1.0,0.01,1.0,ALLEN BRADLEY,CABINET I,2,4,4,,,,Active,2026-05-09 12:25:38
2190A21,"FRICTION HINGE, BLK",,MISCELLANEOUS,MECHANICAL,EA,3.0,0.01,1.0,McMASTER CARR,CABINET C,3,A,2,,,,Active,2026-05-09 12:25:38
2204T63,2 Swivel Brake and 2 Rigid Casters for 1200 lb. Capacity Steel Cart with Polyurethane Wheels,,MISCELLANEOUS,MECHANICAL,SET,3.0,130.18,0.0,McMASTER CARR,3RD FLR. MRO,2,4,,,,,Active,2026-05-09 12:25:38
22050A3,GAS STRUT A3A3Z-3-255-410/60lbs (270N),A3A3Z-3-255-410,MISCELLANEOUS,MECHANCAL,EA,2.0,121.77,1.0,BANSBACH EASYLIFT,3RD FLR. MRO,2,3,,,,,Active,2026-05-09 12:25:38
22239-02-00,"15"" ACME SCREW ASSEMBLY 1 1/2 - 5 RH",,MISCELLANEOUS,Mechanical,EA,1.0,434.4,1.0,NOOK INDUSTRIES,3RD FLR. MRO,3,3,,,,,Active,2026-05-09 12:25:38
223468,CERAMIC 20 AMP FUSE,CERAMIC 20 AMP FUSE,MISCELLANEOUS,ELECTRICAL CABINET,EA,10.0,5.99,1.0,McMASTER CARR,CABINET I,1,6,1,,,,Active,2026-05-09 12:25:38
2243T23,"CART WHEEL 5"" X 1""IN",,MISCELLANEOUS,MECHANICAL,EA,4.0,0.01,1.0,McMASTER CARR,CABINET C,2,A,2,,,,Active,2026-05-09 12:25:38
230-365-24V,SOLENOID FEMALE PLUG,,MISCELLANEOUS,ELECTRICAL,EA,1.0,29.93,1.0,PURVIS INDUSTRIES,3RD FLR. MRO,2,2,,,,,Active,2026-05-09 12:25:38
2308A1,FLAT MOUNTED TABLE LEVEL,WING LIFTER JACK,MISCELLANEOUS,ELECTRICAL CABINET,EA,1.0,0.01,1.0,McMASTER CARR,CABINET I,2,3,2,,,,Active,2026-05-09 12:25:38
233810879,LOAD CELL,LOAD CELL MLG ROBOT,MISCELLANEOUS,ELECTRICAL CABINET,EA,1.0,0.01,1.0,HBM,CABINET I,2,6,2,,,,Active,2026-05-09 12:25:38
236-127,SOLENOID CAPSULE ASSEMBLY,,MISCELLANEOUS,ELECTRICAL,EA,1.0,295.0,1.0,PURVIS INDUSTIRES,3RD FLR. MRO,2,2,,,,,Active,2026-05-09 12:25:38
24.10 DML-04W-879,12 VDC FAN,,MISCELLANEOUS,ELECTRICAL CABINET,EA,2.0,0.01,1.0,,CABINET I,3,2,1,,,,Active,2026-05-09 12:25:38
24175K48,HD RUBBER TRIM,,MISCELLANEOUS,MISCELLANEOUS,FT,3.0,9.99,1.0,McMASTER CARR,3RD FLR. MRO,6,2,,,,,Active,2026-05-09 12:25:38
245596,PROX SENSIOR (VACUUM),CCB10-30GS55-N1,MISCELLANEOUS,ELECTRICAL CABINET,EA,1.0,0.01,1.0,PEPPERL+FUCHS,CABINET I,2,2,5,,,,Active,2026-05-09 12:25:38
2478T67,PLATEFORM CRANK HANDLE FLOOR-LOCK W/ SIDE PEDAL - 7-7/16 -N7-5/8,,MISCELLANEOUS,MECHANICAL,EA,2.0,0.01,1.0,McMASTER CARR,CABINET C,2,E,6,,,,Active,2026-05-09 12:25:38
2484792-1,BNC PLUG Str,,MISCELLANEOUS,ELECTRICAL CABINET,PK,7.0,0.01,1.0,,CABINET I,3,12,1,,,,Active,2026-05-09 12:25:38
25-1009-SW-02L-15#,PRESSURE GAUGE,,MISCELLANEOUS,MECHANICAL,EA,3.0,0.01,1.0,ASHCROFT,CABINET C,2,F,2,,,,Active,2026-05-09 12:25:38
2517450000,PICOPAK-CI-CO-LP-S,,MISCELLANEOUS,ELECTRICAL CABINET,EA,8.0,149.47,1.0,DIGIKEY,CABINET I,3,12,,,,,Active,2026-05-09 12:25:38
2517T85,"RUBBER FEET 1"" OD 15/32 DIA",,MISCELLANEOUS,MECHANICAL,EA,22.0,0.81,1.0,McMASTER CARR,CABINET C,2,B,8,,,,Active,2026-05-09 12:25:38
252060,CERAMIC 1 AMP FUSE,CERAMIC 1 AMP FUSE,MISCELLANEOUS,ELECTRICAL CABINET,EA,10.0,5.99,1.0,McMASTER CARR,CABINET I,1,6,1,,,,Active,2026-05-09 12:25:38
2521A575,"Uncoated High-Speed Steel Tap, Taper Chamfer, 1/2""-13 Thread Size, 1-21/32"" Thread Length",,MISCELLANEOUS,MISCELLANEOUS,EA,1.0,17.52,0.0,McMASTER CARR,CABINET C,2,C,6,,,,Active,2026-05-09 12:25:38
2521A645,"Uncoated High-Speed Steel Tap, Bottoming Chamfer, 1/2""-13 Thread Size, 1-21/32"" Thread Length",,MISCELLANEOUS,MISCELLANEOUS,EA,1.0,17.52,0.0,McMASTER CARR,CABINET C,2,C,6,,,,Active,2026-05-09 12:25:38
2522A741,"Uncoated High-Speed Steel Tap, Bottoming Chamfer, 12-24 Thread SZ, 15/16"" Thread Length",,MISCELLANEOUS,MISCELLANEOUS,EA,6.0,20.01,1.0,McMASTER CARR,CABINET C,2,C,6,,,,Active,2026-05-09 12:25:38
2531K36,"LEVELING MOUNT1/2 -13 4"", 2"" BASE",,MISCELLANEOUS,MECHANICAL,EA,4.0,0.01,1.0,McMASTER CARR,CABINET C,1,I,2,,,,Active,2026-05-09 12:25:38
2532110778,LOAD CELL CABLE,LOAD CELL MLG ROBOT,MISCELLANEOUS,ELECTRICAL CABINET,EA,2.0,32.49,1.0,HOTTINGER BALDWIN MESSTECHNIK Gmbh,CABINET I,2,6,2,,,,Active,2026-05-09 12:25:38
254-7646,RS COMPONENT,,MISCELLANEOUS,ELECTRICAL CABINET,EA,1.0,0.01,1.0,,CABINET I,1,8,3,,,,Active,2026-05-09 12:25:38
25544-36B28,"GAUGE, PRESSURE, DIAL INDICATING",,MISCELLANEOUS,MECHANICAL,EA,1.0,0.01,1.0,,CABINET C,2,I,2,,,,Active,2026-05-09 12:25:38
2565K21,WINGNUT W/EXP PLUG,,MISCELLANEOUS,MECHANICAL,EA,4.0,0.01,1.0,McMASTER CARR,CABINET C,3,H,6,,,,Active,2026-05-09 12:25:38
2580T6,"LIFT TRUCK HORN 5 3/8X4 3/4X 4 1/4"" 36V DC/48V DC",,MISCELLANEOUS,MECHANICAL,EA,2.0,0.01,1.0,McMASTER CARR,CABINET C,2,F,4,,,,Active,2026-05-09 12:25:38
25928,"THHN, THWN 300M 12AWG 19STR 600V",,WIRE,MISCELLANEOUS,RL,1.0,155.11,1.0,,3RD FLR. MRO,6,3,,,,,Active,2026-05-09 12:25:38
2598K21,3/8' QUICK-SNAP,,MISCELLANEOUS,MECHANICAL,EA,15.0,0.01,1.0,McMASTER CARR,CABINET C,2,B,2,,,,Active,2026-05-09 12:25:38
25C225KFC/X,FLAT SOCKET HD CAP SCREW,,MISCELLANEOUS,MECHANICAL,EA,69.0,0.01,1.0,,CABINET C,3,G,5,,,,Active,2026-05-09 12:25:38
25W1001TH 02B X,Desc: Vacunn Gauge with Steel Case- Wing Lifter,,MISCELLANEOUS,PNEUMATIC,EA,3.0,102.6,1.0,ASHCROFT,3RD FLR. MRO,2,2,,,,,Active,2026-05-09 12:25:38
26082,HANDLE ASSY,,MISCELLANEOUS,MECHANICAL,EA,1.0,0.01,1.0,,CABINET C,2,A,6,,,,Active,2026-05-09 12:25:38
26221,SPRING - PDOS HAND PUMP ASSY,,MISCELLANEOUS,MECHANICAL,EA,6.0,0.01,1.0,PNEUMATIC & HYDRAULIC,CABINET C,A,2,6,,,,Active,2026-05-09 12:25:38
263810121,LOAD CELL,LOAD CELL MLG ROBOT,MISCELLANEOUS,ELECTRICAL CABINET,EA,2.0,0.01,1.0,,CABINET I,2,6,2,,,,Active,2026-05-09 12:25:38
2653K13,BARBED FITTING STRAIGHT CONNECTOR 1/4 TUBE ID,,MISCELLANEOUS,MECHANICAL,EA,2.0,0.01,1.0,McMASTER CARR,CABINET C,3,F,5,,,,Active,2026-05-09 12:25:38
2653K14,"BARBED FITTING STRAIGHT CONNECTOR 5/16 "" TUBE ID",,MISCELLANEOUS,MECHANICAL,EA,2.0,0.01,1.0,McMASTER CARR,CABINET C,3,F,6,,,,Active,2026-05-09 12:25:38
2653K15,BARBED FITTING STRAIGHT CONNECTOR 3/8 TUBE ID,,MISCELLANEOUS,MECHANICAL,EA,1.0,0.01,1.0,McMASTER CARR,CABINET C,3,F,5,,,,Active,2026-05-09 12:25:38
2686147,TRAVEL/AMCE SCREW ASSEMBLY,,MISCELLANEOUS,MISCELLANEOUS,EA,1.0,184.85,1.0,NOOK INDUSTRIES,3RD FLR. MRO,3,3,,,,,Active,2026-05-09 12:25:38
26955A56,"High-Speed Steel Tap, Plug Chamfer, Uncoated, 1/2""-13 Thread Size, 3 Flutes",,MISCELLANEOUS,MISCELLANEOUS,EA,1.0,20.3,0.0,McMASTER CARR,CABINET C,2,C,6,,,,Active,2026-05-09 12:25:38
27185T121,RH SIDE MOUNT,,MISCELLANEOUS,MISCELLANEOUS,EA,1.0,0.01,1.0,McMASTER CARR,3RD FLR. MRO,5,4,,,,,Active,2026-05-09 12:25:38
277-2057-ND,CONN TERM BLK DISCONN 10-28AWG,,ELECTRICAL,ELECTRICAL,EA,5.0,9.56,0.0,DIGIKEY,CABINET I,2,5,4,,,,Active,2026-05-09 12:25:38
2779K3,PANEL LIGHT QUICK DISCONNECT,QUICK CONNECT LIGHT PANEL,MISCELLANEOUS,ELECTRICAL CABINET,EA,2.0,0.01,1.0,McMASTER CARR,CABINET I,1,3,2,,,,Active,2026-05-09 12:25:38
280PKG,LITTLE PLUG,,MISCELLANEOUS,ELECTRICAL CABINET,PK,3.0,0.01,1.0,McMASTER CARR,CABINET I,3,13,1,,,,Active,2026-05-09 12:25:38
28275,PIN ON JACK FEET (2000 LBS),,MISCELLANEOUS,MISCELLANEOUS,EA,2.0,23.99,1.0,,3RD FLR. MRO,5,5,,,,,Active,2026-05-09 12:25:38
28581,CLEVIS ASSEM-M PUMP DIE CAST- PDOS HAND PUMP,,MISCELLANEOUS,MECHANICAL,EA,3.0,0.01,1.0,PNEUMATIC & HYDRAULIC,CABINET C,A,2,6,,,,Active,2026-05-09 12:25:38
28582,"BRACKET, M PUMP DIE CAST - PDOS HAND PUMP ASSY",1066634,MISCELLANEOUS,MECHANICAL,EA,5.0,0.01,1.0,PNEUMATIC & HYDRAULIC,CABINET C,A,2,6,,,,Active,2026-05-09 12:25:38
287001,AUTOMOTIVE FUSES-1 AMP FUSE,1 AMP FUSE,MISCELLANEOUS,ELECTRICAL CABINET,EA,5.0,6.99,1.0,LITTEL FUSE,CABINET I,1,6,2,,,,Active,2026-05-09 12:25:38
287004,AUTOMOTIVE FUSES-4 AMP FUSE-,4 AMP FUSE,MISCELLANEOUS,ELECTRICAL CABINET,EA,3.0,6.99,1.0,LITTEL FUSE,CABINET I,1,6,2,,,,Active,2026-05-09 12:25:38
287005,AUTOMOTIVE FUSES-5 AMP FUSE,5 AMP FUSE,MISCELLANEOUS,ELECTRICAL CABINET,EA,5.0,1.0,1.0,LITTEL FUSE,CABINET I,1,6,2,,,,Active,2026-05-09 12:25:38
287010,AUTOMOTIVE FUSES-10 AMP FUSE,10 AMP FUSE,MISCELLANEOUS,ELECTRICAL CABINET,EA,5.0,1.0,1.0,LITTEL FUSE,CABINET I,1,6,3,,,,Active,2026-05-09 12:25:38
287015,AUTOMOTIVE FUSES-15 AMP FUSE,15 AMP FUSE,MISCELLANEOUS,ELECTRICAL CABINET,EA,5.0,1.0,1.0,LITTEL FUSE,CABINET I,1,6,3,,,,Active,2026-05-09 12:25:38
287020,AUTOMOTIVE FUSES-20 AMP FUSE,20 AMP FUSE,MISCELLANEOUS,ELECTRICAL CABINET,EA,2.0,1.0,1.0,LITTEL FUSE,CABINET I,1,6,3,,,,Active,2026-05-09 12:25:38
2908K18,EXPANSION PLUG - T-HANDLE,,MISCELLANEOUS,MECHANICAL,EA,1.0,0.01,1.0,McMASTER CARR,CABINET C,3,E,4,,,,Active,2026-05-09 12:25:38
297PKG,"LITTLE PLUG, RoHS",,MISCELLANEOUS,ELECTRICAL CABINET,PK,5.0,0.01,1.0,McMASTER CARR,CABINET I,3,13,2,,,,Active,2026-05-09 12:25:38
2G-IC-14C/32,AIR HOSE (NON-CONDUCTIVE 3/8 300PSI),3402,HOSE,PNEUMATIC,FT,200.0,0.01,10.0,CONTNENTAL,3RD FLR. MRO,6,3,,,,,Active,2026-05-09 12:25:38
2HKY2,"ANGLED AIR CHUCK, 0-150 psi",,MECHANICAL,MISCELLANEOUS,EA,4.0,14.13,1.0,GRAINGER,CABINET C,D,2,7,,,,Active,2026-05-09 12:25:38
2TLA010028R1000,SAFTEY RELAY,,MISCELLANEOUS,MISCELLANEOUS,EA,1.0,71.99,1.0,CURTIS,3RD FLR. MRO,3,3,,,,,Active,2026-05-09 12:25:38
3-912,SYDROL O-RING,,MISCELLANEOUS,MECHANICAL,EA,23.0,0.01,1.0,,CABINET C,2,A,3,,,,Active,2026-05-09 12:25:38
3001T52,"Forged Galvanized Steel Turnbuckle-Not for Lifting, Clevis-to-Clevis, 800 lb. Capacity, 9-1/4"" Retracted Length",,MISCELLANEOUS,MISCELLANEOUS,EA,3.0,31.7,0.0,McMASTER CARR,CABINET C,2,H,2,,,,Active,2026-05-09 12:25:38
300600400,AIR FILTER,,WING LIFTER,WING LIFTER,EA,1.0,0.01,1.0,,3RD FLR. MRO,2,2,,,,,Active,2026-05-09 12:25:38
3022A64,"Drill Bit, TiN-Coated High-Speed Steel, 17/32"" Size, 6-5/8"" Overall Length",,MISCELLANEOUS,MISCELLANEOUS,EA,4.0,43.67,0.0,McMASTER CARR,CABINET C,2,C,6,,,,Active,2026-05-09 12:25:38
303-6,"INSERT E-Z LOCK 1/2"" X 20 w/ TAPP AND BIT",,MISCELLANEOUS,MECHANICAL,EA,19.0,0.01,1.0,McMASTER CARR,CABINET C,2,D,12,,,,Active,2026-05-09 12:25:38
303-8,INSERT E-Z LOCK 1/2-13 X 3/4-10 w/ TAPP AND BIT,,MISCELLANEOUS,MECHANICAL,EA,41.0,0.01,1.0,,CABINET C,2,D,12,,,,Active,2026-05-09 12:25:38
304-8BX,MLG CART HYDROLIC HOSE WP 24.0 Mpa (3500 PSI) 12.5 MM (1/2) 2 2W,,MLG CART,HYDRAULIC,IN,576.0,0.01,10.0,PARKER,3RD FLR. MRO,4,1,,,,,Active,2026-05-09 12:25:38
30470-RJF 73697729,CONNECTORS,,MISCELLANEOUS,ELECTRICAL CABINET,EA,2.0,0.01,1.0,AMAZON,CABINET I,3,7,3,,,,Active,2026-05-09 12:25:38
3048T61,CLAMP FOR THREADED ROD,,MISCELLANEOUS,MECHANICAL,EA,10.0,0.01,1.0,McMASTER CARR,CABINET C,1,N,4,,,,Active,2026-05-09 12:25:38
306503S5-4D,COUPLING HALF,,MISCELLANEOUS,MECHANICAL,EA,2.0,0.01,1.0,,CABINET C,2,D,1,,,,Active,2026-05-09 12:25:38
3067T74,LOW VISIBILITY EYE-BOLT,,MISCELLANEOUS,MECHANICAL,EA,12.0,0.01,1.0,McMASTER CARR,CABINET C,3,J,1,,,,Active,2026-05-09 12:25:38
31-98243-K04,"PLUG, MALE PIN",4224-31-98243-K04-ND,ELECTRICAL,ELECTRICAL,EA,1.0,643.12,0.0,DIGIKEY,ELECTRICAL CABINET,,,,,,,Active,2026-05-09 12:25:38
3100T13,THREADED STAINLESS EYEBOLT,,MISCELLANEOUS,MECHANICAL,EA,4.0,0.01,1.0,McMASTER CARR,CABINET C,1,O,6,,,,Active,2026-05-09 12:25:38
3114T91,STERLING SPRING,,MISCELLANEOUS,MECHANICAL,EA,100.0,0.01,1.0,McMASTER CARR,CABINET C,2,E,8,,,,Active,2026-05-09 12:25:38
3182T12,"Controlled-Tension Cargo Bar for Trailers 83"" TO 114""",,MISCELLANCEOUS,MECHANICAL,EA,1.0,159.33,1.0,McMASTER CARR,3RD FLR. MRO,2,5,,,,,Active,2026-05-09 12:25:38
3182T72,"40"" - 70"" Long Cargo Bar for Small Trucks",,MISCELLANEOUS,MECHANICAL,EA,1.0,43.0,0.0,McMASTER CARR,3RD FLR. MRO,2,5,,,,,Active,2026-05-09 12:25:38
319-8,INSERT E-Z LOCK 1/2-13 5 5/8-11 w/ TAPP AND BIT,90259A163,MISCELLANEOUS,MECHANICAL,EA,0.0,0.01,1.0,McMASTER CARR,CABINET C,2,D,12,,,,Active,2026-05-09 12:25:38
3300-0456,O-RING (SEALANT MIXER PART),,MISCELLANEOUS,MECHANICAL,EA,17.0,0.01,1.0,OK INTERNATIONAL,CABINET C,2,F,5,,,,Active,2026-05-09 12:25:38
3300-0908,N/A (SEALANT MIXER PART),,MISCELLANEOUS,MECHANICAL,EA,3.0,0.01,1.0,OK INTERNATIONAL,CABINET C,2,F,6,,,,Active,2026-05-09 12:25:38
3301-00161-00,GREY COVER,MASTER MOVER APPROVED SPARE PARTS,MISCELLANEOUS,ELECTRICAL CABINET,EA,1.0,0.01,1.0,,CABINET I,2,1,1,,,,Active,2026-05-09 12:25:38
3310T64,STRUT CHANNEL 1-1/8,,MISCELLANEOUS,MECHANICAL,FT,5.0,0.01,1.0,McMASTER CARR,SHOP FLOOR RACK,J,1,B,,,,Active,2026-05-09 12:25:38
3504,"HOSE CLAMP 7/32"" - 5/8"" 5.6 - 16MM",,MISCELLANEOUS,MECHANICAL,EA,9.0,0.01,1.0,,CABINET C,3,N,5,,,,Active,2026-05-09 12:25:38
3506,"HOSE CLAMP 7/16"" - 25/32 11-20MM",,MISCELLANEOUS,MECHANICAL,EA,10.0,0.01,1.0,,CABINET C,3,N,5,,,,Active,2026-05-09 12:25:38
3508,"HOSE CLAMP 1/2"" - 29/32"" 13-24MM",,MISCELLANEOUS,MECHANICAL,EA,10.0,0.01,1.0,,CABINET C,3,N,5,,,,Active,2026-05-09 12:25:38
3534N1,NIITROGEN VALVE,NITROGEN VALVE,MISCELLANEOUS,ELECTRICAL CABINET,EA,7.0,0.01,1.0,McMASTER CARR,CABINET I,3,1,1,,,,Active,2026-05-09 12:25:38
3534N4,COUPLER-HIGH PRESSURE FILL VALVE,,MISCELLANEOUS,Mechanical,EA,3.0,0.01,1.0,McMASTER CARR,CABINET C,1,C,1,,,,Active,2026-05-09 12:25:38
3558T46,SCREW - GALVINIZED STEEL 5/16 THICK,,MISCELLANEOUS,MECHANICAL,EA,2.0,0.01,1.0,McMASTER CARR,CABINET C,3,D,3,,,,Active,2026-05-09 12:25:38
3605T12,RETRACKABLE SEAT BELT,,MISCELLANEOUS,MECHANICAL,EA,2.0,0.01,1.0,McMASTER CARR,CABINET C,2,F,3,,,,Active,2026-05-09 12:25:38
3628T22,PULLEY FOR WIRE ROPE/HORZ WITH BEARING SS 3/16IN DI,,MISCELLANEOUS,MECHANICAL,EA,8.0,0.01,1.0,McMASTER CARR,CABINET C,2,C,12,,,,Active,2026-05-09 12:25:38
36VJ25,"FLOW CONTROL VALVE 1/8 NPT, 1/4 PTC\",1FPRN8,MISCELLANEOUS,MECHANICAL,EA,1.0,0.01,1.0,,CABINET C,3,E,2,,,,Active,2026-05-09 12:25:38
3746-WTG2065-ND,SWITCH TOGGLE 2-POLE MOM OFF MOM,,MISCELLANEOUS,ELECTRICAL CABINET,PK,2.0,13.71,1.0,DIGIKEY,CABINET I,3,14,2,,,,Active,2026-05-09 12:25:38
378145271,MOTOR CONTROLLER,1234-5271,MISCELLANEOUS,MISCELLANEOUS,EA,8.0,393.0,1.0,CURTIS-RADWELL,3RD FLR. MRO,3,3,,,,,Active,2026-05-09 12:25:38
384-8MGT-20,Power Grip GT 4- RUBBER,,MISCELLANEOUS,Mechanical,EA,1.0,45.63,1.0,POWER GRIP,3RD FLR. MRO,2,2,,,,,Active,2026-05-09 12:25:38
384-8MGT-30,Power Grip GT 4- RUBBER,,MISCELLANEOUS,Mechanical,EA,1.0,22.97,1.0,POWER GRIP,3RD FLR. MRO,2,2,,,,,Active,2026-05-09 12:25:38
3881T25,AIR FILTER #825P,,MISCELLANEOUS,Pneumatic,PK,1.0,145.81,1.0,McMASTER CARR,3RD FLR. MRO,6,1,,,,,Active,2026-05-09 12:25:38
3901T433,DUAL BOLT SNAP,,MISCELLANEOUS,Mechanical,EA,0.0,0.01,0.0,McMASTER CARR,CABINET C,1,G,1,,,,Active,2026-05-09 12:25:38
3903T22,SNAP W/SWIVEL EYE,,MISCELLANEOUS,MECHANICAL,EA,8.0,0.01,1.0,McMASTER CARR,CABINET C,2,C,5,,,,Active,2026-05-09 12:25:38
3905T14,"Zinc Snap Hook with Eye, 9/16"" Snap Opening Width",,MISCELLANEOUS,MECHANICAL,EA,7.0,5.21,0.0,McMASTER CARR,CABINET C,2,C,5,,,,Active,2026-05-09 12:25:38
3906T12,BOLT SNAP W/EYE,,MISCELLANEOUS,Mechanical,EA,0.0,0.01,0.0,McMASTER CARR,CABINET C,1,F,6,,,,Active,2026-05-09 12:25:38
3933T41,"PLATED STEEK CARABINER - 100LBS CAP. 3/16"" THICK, 1/4 NARROW INSIDE",,MISCELLANEOUS,MECHANICAL,EA,6.0,0.01,1.0,McMASTER CARR,CABINET C,2,C,5,,,,Active,2026-05-09 12:25:38
3992T25,"BLACK-OXIDE STEEL FOUR ARM KNOB W 1/4-20"" THREAD HOLE",,MISCELLANEOUS,MECHANICAL,EA,4.0,0.01,1.0,McMASTER CARR,CABINET C,1,D,7,,,,Active,2026-05-09 12:25:38
3CNE8,MINIATURE CIRCUIT BREAKER,"20 A Amps, 120V AC, 1 Poles, Std Q120",MISCELLANEOUS,ELECTRICAL CABINET,EA,2.0,0.01,1.0,SIEMENS,CABINET I,3,13,3,,,,Active,2026-05-09 12:25:38
3D-00,3D Custom Print - A ONYX RH/LH,,DRILL JIG,Mechanical,SET,2.0,0.01,1.0,,3RD FLR. MRO,2,2,,,,,Active,2026-05-09 12:25:38
3D-01,3D Custom Print -A-ONYX INFILL DENSITY,,DRILL JIG,Mechanical,SET,1.0,0.01,1.0,,3RD FLR. MRO,2,2,,,,,Active,2026-05-09 12:25:38
3D-02,3D Custom Print -MIRRORED ONYX INFILL DENSITY,,DRILL JIG,Mechanical,SET,1.0,0.01,1.0,,3RD FLR. MRO,2,2,,,,,Active,2026-05-09 12:25:38
3D-03,3D Custom Print -MIRRORED-ONYX,,DRILL JIG,Mechanical,SET,1.0,0.01,1.0,,3RD FLR. MRO,2,2,,,,,Active,2026-05-09 12:25:38
3RH1262-1BB40,CONTROLOR RELAY,,MISCELLANEOUS,ELECTRICAL,EA,2.0,241.02,1.0,SIEMENS - RS,3RD FLR. MRO,7,2,,,,,Active,2026-05-09 12:25:38
3RH2262-1BB40,"CONTACTOR RELAY, AUXILARY 10AMP",,MISCELLANEOUS,ELECTRICAL,EA,4.0,0.01,1.0,RADWELL,CABINET I,7,2,,,,,Active,2026-05-09 12:25:38
400-8330,1/4 27 SS 12PT NUT,,MISCELLANEOUS,Mechanical,EA,27.0,0.01,1.0,ARP AUTOMOTIVE,CABINET C,1,H,1,,,,Active,2026-05-09 12:25:38
4002K21,VACUUM GAUGE,,MISCELLANEOUS,MECHANICAL,EA,2.0,0.01,1.0,McMASTER CARR,CABINET C,3,A,7,,,,Active,2026-05-09 12:25:38
4008-XVBL-6B3,GREEN FLASH LIGHT,XVBL6B3,ELECTRICAL,ELECTRICAL,EA,1.0,173.45,0.0,DIGIKEY,3RD FLR. MRO,2,5,1,,,,Active,2026-05-09 12:25:38
40143,LOCK NUT M3-0.5 (FASTENAL),,MISCELLANEOUS,MECHANICAL,EA,250.0,0.01,1.0,,CABINET C,3,J,3,,,,Active,2026-05-09 12:25:38
4023160,BUMPER - SCALE PLATFROM,,MISCELLANEOUS,Mechanical,EA,4.0,0.01,1.0,,CABINET C,1,B,4,,,,Active,2026-05-09 12:25:38
4100600003DD,ACCORDEN - ENCLOSED BELT CUFF E/E,,MISCELLANEOUS,MISCELLANEOUS,FT,25.0,0.01,10.0,FLEXUAST,3RD FLR. MRO,3,3,,,,,Active,2026-05-09 12:25:38
4164659,FUEL SUPPLY PUMP,9012563,MISCELLANEOUS,MECHANICAL,EA,1.0,0.01,1.0,McMASTER CARR,CABINET C,2,A,4,,,,Active,2026-05-09 12:25:38
41UR02,FLOW VALVE SENSOR GASKET,,MISCELLANEOUS,MECHANICAL,EA,145.0,0.01,1.0,GRAINGER,CABINET C,1,G,7,,,,Active,2026-05-09 12:25:38
4231,PDOS HAND PUMP SPRING,,MISCELLANEOUS,MECHANICAL,EA,12.0,0.01,1.0,McMASTER CARR,CABINET C,2,D,2,,,,Active,2026-05-09 12:25:38
42B75,INSERT E-Z LOCK 3/8-16 X 9/16-12  w/ TAPP AND BIT,,MISCELLANEOUS,MECHANICAL,EA,4.0,0.01,1.0,McMASTER CARR,CABINET C,2,D,12,,,,Active,2026-05-09 12:25:38
431262,ELEMENT 2000-WATT 120 VOLT LIGHTBULB,E-2012SR30,MISCELLANEOUS,ELECTRICAL,EA,3.0,130.0,1.0,IINFRATECH,3RD FLR. MRO,3,2,,,,,Active,2026-05-09 12:25:38
440N-Z21S26A,SWITCH NON CONTACT,ELEVATOR SENSOR,MISCELLANEOUS,ELECTRICAL CABINET,EA,1.0,0.01,1.0,ALLEN BRALEY,CABINET I,2,5,4,,,,Active,2026-05-09 12:25:38
4450A4,DRILLING ATTACH,,MISCELLANEOUS,MECHANICAL,EA,4.0,0.01,1.0,,CABINET C,2,B,3,,,,Active,2026-05-09 12:25:38
4464K263,"304 Stainless Steel Threaded Pipe Fitting, Low-Pressure, Bushing Adapter, 3/8 Male x 1/4 Female",,MISCELLANEOUS,MISCELLANEOUS,EA,0.0,3.89,0.0,McMASTER CARR,CABINET C,,,,,,,Active,2026-05-09 12:25:38
4464K265,"304 Stainless Steel Threaded Pipe Fitting, Low-Pressure, Bushing Adapter, 1/2 Male x 1/4 Female",,MISCELLANEOUS,MISCELLANEOUS,EA,0.0,6.46,0.0,McMASTER CARR,CABINET C,,,,,,,Active,2026-05-09 12:25:38
4464K268,"304 Stainless Steel Threaded Pipe Fitting, Low-Pressure, Bushing Adapter, 3/4 Male x 1/4 Female",,MISCELLANEOUS,MISCELLANEOUS,EA,0.0,6.46,0.0,McMASTER CARR,CABINET C,,,,,,,Active,2026-05-09 12:25:38
4464K269,"304 Stainless Steel Threaded Pipe Fitting, Low-Pressure, Bushing Adapter, 3/4 Male x 3/8 Female",,MISCELLANEOUS,MISCELLANEOUS,EA,0.0,6.49,0.0,McMASTER CARR,CABINET C,,,,,,,Active,2026-05-09 12:25:38
4511K11,"CONNECTOR FOR DRAIN (NIKFISK) 1 1/2"" QWIK ELL QL-150",,MISCELLANEOUS,MECHANICAL,EA,2.0,0.01,1.0,McMASTER CARR,CABINET C,2,D,6,,,,Active,2026-05-09 12:25:38
4511K73,"CONNECTOR FOR DRAIN (NIKFISK) 1 1/2"" CI PLASTIC",,MISCELLANEOUS,MECHANICAL,EA,4.0,0.01,1.0,McMASTER CARR,CABINET C,2,D,6,,,,Active,2026-05-09 12:25:38
462,HAND WINCH,,MISCELLANEOUS,Mechanical,EA,2.0,87.92,1.0,THERN,3RD FLR. MRO,2,4,,,,,Active,2026-05-09 12:25:38
4724K75,N/OFF VALVE 1 1/2 FEM NFT,,MISCELLANEOUS,MECHANICAL,EA,1.0,0.01,1.0,McMASTER CARR,CABINET C,2,B,7,,,,Active,2026-05-09 12:25:38
4738T84,1 1/2 FEM SOCKET X 1 1/2 NOT MALE,,MISCELLANEOUS,MECHANICAL,EA,1.0,0.01,1.0,McMASTER CARR,CABINET C,2,B,7,,,,Active,2026-05-09 12:25:38
4748K24,PDOS HAND PUMP SIGHTGLASS,,MISCELLANEOUS,MECHANICAL,EA,2.0,0.01,1.0,McMASTER CARR,CABINET C,2,C,6,,,,Active,2026-05-09 12:25:38
4795K2,"BARBED INLINE FILTER 1/4"" TUBE ID 10SCIM BLU",,MISCELLANEOUS,MECHANICAL,EA,2.0,0.01,1.0,McMASTER CARR,CABINET C,3,F,6,,,,Active,2026-05-09 12:25:38
47UF400V,CAPACITOR,,MISCELLANEOUS,ELECTRICAL CABINET,EA,8.0,0.01,1.0,McMASTER CARR,CABINET I,1,1,2,,,,Active,2026-05-09 12:25:38
4830K111,"Standard-Wall 304/304L Stainless Steel Pipe Nipple, Fully Threaded, 1/8 NPT, 3/4"" Long",,MISCELLANEOUS,MECHANICAL,EA,0.0,2.09,0.0,McMASTER CARR,CABINET C,,,,,,,Active,2026-05-09 12:25:38
4830K131,"Standard-Wall 304/304L Stainless Steel Pipe Nipple, Fully Threaded, 1/4 NPT, 7/8"" Long",,MISCELLANEOUS,MECHANICAL,EA,0.0,2.39,0.0,McMASTER CARR,CABINET C,,,,,,,Active,2026-05-09 12:25:38
4830K151,"Standard-Wall 304/304L Stainless Steel Pipe Nipple, Fully Threaded, 3/8 NPT, 1"" Long",,MISCELLANEOUS,MECHANICAL,EA,0.0,15.28,0.0,MCMASTER CARR,CABINET C,,,,,,,Active,2026-05-09 12:25:38
48435K72,RELEIF VALVE,,MISCELLANEOUS,Mechanical,EA,2.0,0.01,1.0,McMASTER CARR,CABINET C,1,C,3,,,,Active,2026-05-09 12:25:38
4869A62,HIGH TEM. FORM TRIM,,MISCELLANEOUS,MISCELLANEOUS,FT,3.0,8.54,1.0,McMASTER CARR,3RD FLR. MRO,6,2,,,,,Active,2026-05-09 12:25:38
4880K46,REDUCER,,MISCELLANEOUS,MISCELLANEOUS,EA,1.0,4.09,1.0,McMASTER CARR,3RD FLR. MRO,3,2,,,,,Active,2026-05-09 12:25:38
4880K46-2,PVC T-FITTING,,MISCELLANEOUS,MISCELLANEOUS,EA,3.0,4.09,1.0,McMASTER CARR,3RD FLR. MRO,3,2,,,,,Active,2026-05-09 12:25:38
4880K685,REDUCER,,MISCELLANEOUS,MISCELLANEOUS,EA,4.0,4.09,1.0,McMASTER CARR,3RD FLR. MRO,3,2,,,,,Active,2026-05-09 12:25:38
4880K75,1 1/2 FEM SOCKET COUPLING,,MISCELLANEOUS,MECHANICAL,EA,2.0,0.01,1.0,McMASTER CARR,CABINET C,2,B,7,,,,Active,2026-05-09 12:25:38
4952K465,AIR CYNDER (SEALANT MIXER),,MISCELLANEOUS,MECHANICAL,EA,3.0,0.01,1.0,McMASTER CARR,CABINET C,2,I,4,,,,Active,2026-05-09 12:25:38
4991T32,ANGLED INNE TUBE (TIRE Z4.10/3.05-4),,MISCELLANEOUS,PNEUMATIC,EA,2.0,7.92,1.0,McMASTER CARR,3RD FLR. MRO,2,2,,,,,Active,2026-05-09 12:25:38
4991T36,ANGLED INNER TUBE (TIRED SZ 4.10/3.05-6),,MISCELLANEOUS,PNEUMATIC,EA,2.0,7.92,1.0,McMASTER CARR,3RD FLR. MRO,2,2,,,,,Active,2026-05-09 12:25:38
4A-0804-UL-CSA-WXP,8-4C PORTABLE CORD TYPE SOOW 600V 90C UL/CSA,,CABLE,ELECTRICAL,FT,250.0,0.01,1.0,McMASTER CARR,SHOP FLOOR RACK,J,2,B,,,,Active,2026-05-09 12:25:38
4FNTX-S,WASTE BLANKING CAPS,,MISCELLANEOUS,MECHANICAL,EA,3.0,0.01,1.0,,CABINET C,1,H,4,,,,Active,2026-05-09 12:25:38
4PA59,SAFTEY GATE HINGE,,MISCELLANEOUS,MECHANICAL,EA,5.0,0.01,1.0,McMASTER CARR,CABINET C,1,N,6,,,,Active,2026-05-09 12:25:38
5-15P,REPLACMENT PLUG 5-15P,,MISCELLANEOUS,MISCELLANEOUS,EA,7.0,19.99,1.0,STARELO,3RD FLR. MRO,3,3,,,,,Active,2026-05-09 12:25:38
5071A62,LATCH STLYE CLAMP W/LOCKING,,MISCELLANEOUS,MECHANICAL,EA,3.0,0.01,1.0,,CABINET C,2,A,10,,,,Active,2026-05-09 12:25:38
509423,MICRO 820,I/O ENET/IP CONTROLLER,MISCELLANEOUS,ELECTRICAL CABINET,EA,1.0,0.01,1.0,ALLEN BRADLEY,CABINET I,2,4,4,,,,Active,2026-05-09 12:25:38
5100-0077,SAFETY DOOR LATCH (SEALANT MIXER PART),,MISCELLANEOUS,MECHANICAL,EA,13.0,0.01,1.0,OK INTERNATIONAL,CABINET C,2,F,5,,,,Active,2026-05-09 12:25:38
5100-0109,N/A (SEALANT MIXER PART),,MISCELLANEOUS,MECHANICAL,EA,5.0,0.01,1.0,OK INTERNATIONAL,CABINET C,2,F,6,,,,Active,2026-05-09 12:25:38
5100-S10-5,CHAIN - AREOQUIP - SKDOL,00624,MECHANCAL,MECHANCAL,EA,12.0,0.01,0.0,,CABINET C,2,E,1,,,,Active,2026-05-09 12:25:38
5125K62,BRASS KNURLED SS KNOB 1/4-20X1-1-4 STUD,BSKS-014,MISCELLANEOUS,MECHANICAL,EA,13.0,0.01,1.0,,CABINET C,1,M,6,,,,Active,2026-05-09 12:25:38
51C1051-1,"PULLEY ASSY, HOIST BARREL",,MISCELLANEOUS,MECHANICAL,EA,0.0,226.0,1.0,FISHPOLE HOISTS,CABINET C,2,G,2,,,,Active,2026-05-09 12:25:38
51C1096-1,"CABLE WIRE ASSEMBLY, 40 FT",,MISCELLANEOUS,MECHANICAL,FT,80.0,410.0,1.0,PF FISHPOLE HOISTS,CABINET C,2,G,,,,,Active,2026-05-09 12:25:38
51C1120-1,"FTG-FORK, HOIST BARREL",,MISCELLANEOUS,MECHANICAL,EA,0.0,359.0,1.0,FISHPOLE HOISTS,CABINET C,2,G,2,,,,Active,2026-05-09 12:25:38
5204K11,"CLAMP TIGHT-SEAL 1-7/8IN TP T0  2-1/8"" ID",,MISCELLANEOUS,MECHANICAL,EA,4.0,0.01,1.0,McMASTER CARR,CABINET C,1,D,6,,,,Active,2026-05-09 12:25:38
5204K207,"CLAMP TIGHT-SEAL 1-1/8"" TO 1 1/4"" ID",,MISCELLANEOUS,MECHANICAL,EA,5.0,0.01,1.0,McMASTER CARR,CABINET C,1,E,2,,,,Active,2026-05-09 12:25:38
5204K341,CLAMP TIGHT-SEAL 1-15/32 TO 1-5/8ID,,MISCELLANEOUS,Mechanical,EA,4.0,0.01,1.0,McMASTER CARR,CABINET C,1,E,1,,,,Active,2026-05-09 12:25:38
5225K334,"TUBE FITTING - 90""",,MISCELLANEOUS,MECHANICAL,EA,7.0,22.32,1.0,McMASTER CARR,CABINET C,1,M,3,,,,Active,2026-05-09 12:25:38
5235K42,"0.1 RESISTANT BUNA-N-RUBBER TUBING 1/8"" ID 1/4""",,MISCELLANEOUS,MECHANICAL,FT,25.0,0.01,1.0,McMASTER CARR,CABINET C,2,G,2,,,,Active,2026-05-09 12:25:38
533,N/A (SEALANT MIXER PART),,MISCELLANEOUS,MECHANICAL,EA,8.0,0.01,1.0,OK INTERNATIONAL,CABINET C,2,G,3,,,,Active,2026-05-09 12:25:38
53385A14,"PICK-NONMARRING 7""",AT-6241/10,MISCELLANEOUS,MECHANICAL,EA,8.0,0.01,1.0,McMASTER CARR,CABINET C,1,O,3,,,,Active,2026-05-09 12:25:38
5346K12,"BRASS HOSE FITTING 3/16"" HOSE ID (MALE)",MC1020304C,MISCELLANEOUS,MECHANICAL,EA,17.0,0.01,1.0,McMASTER CARR,CABINET C,3,I,3,,,,Active,2026-05-09 12:25:38
5346K14,"BRASS HOSE FITTING 1/4"" HOSE ID",,MISCELLANEOUS,MECHANICAL,EA,15.0,0.01,1.0,McMASTER CARR,CABINET C,3,H,2,,,,Active,2026-05-09 12:25:38
5346K18,"BRASS HOSE FITTING (AIR/WATER) STR. ADAPTER 3/8' ID, 1/4 NPTF MALE",,MISCELLANEOUS,MECHANICAL,EA,10.0,0.01,1.0,McMASTER CARR,CABINET C,E,2,7,,,,Active,2026-05-09 12:25:38
5346K19,BRASS HOSE FITTING (AIR/WATER) STR. ADAPTER 3/8'ID 3/8 NPTF MALE,,MISCELLANEOUS,MECHANICAL,EA,4.0,0.01,1.0,McMASTER CARR,CABINET C,E,2,7,,,,Active,2026-05-09 12:25:38
5346K24,"BRASS HOSE FITTING 3/8"" HOSE ID",,MISCELLANEOUS,MECHANICAL,EA,10.0,0.01,1.0,McMASTER CARR,CABINET C,3,H,1,,,,Active,2026-05-09 12:25:38
5346K397,BRASS BARBED HOSE FITTING (AIR/WATER) STR ADAPTER 3/4 ID 1 NPT MALE,,MISCELLANEOUS,MECHANICAL,EA,4.0,0.01,1.0,McMASTER CARR,CABINET C,E,2,7,,,,Active,2026-05-09 12:25:38
5346K42,"BRASS HOSE FITTING-AIR & WATER 1/4"" HOSE ID (MALE)",MC1040404C,MISCELLANEOUS,MECHANICAL,EA,20.0,0.01,1.0,McMASTER CARR,CABINET C,3,I,4,,,,Active,2026-05-09 12:25:38
5346K51,"BRASS HOSE FITTING 3/16"" HOSE ID (FEMALE)",MC1040304C,MISCELLANEOUS,MECHANICAL,EA,7.0,0.01,1.0,McMASTER CARR,CABINET C,3,I,2,,,,Active,2026-05-09 12:25:38
5346K52,"BRASS HOSE FITTING 1/4"" HOSE ID (FEMALE)",MC1040406C,MISCELLANEOUS,MECHANICAL,EA,10.0,0.01,1.0,McMASTER CARR,CABINET C,3,I,,,,,Active,2026-05-09 12:25:38
5346K71,"BRASS HOSE FITTING (AIR/WATER) STR. ADAPTER 1' HOSE ID 1, NPTF MALE",,MISCELLANEOUS,MECHANICAL,EA,8.0,0.01,1.0,McMASTER CARR,CABINET C,E,2,7,,,,Active,2026-05-09 12:25:38
535,N/A (SEALANT MIXER PART),,MISCELLANEOUS,MECHANICAL,EA,3.0,0.01,1.0,OK INTERNATIONAL,CABINET C,2,F,,,,,Active,2026-05-09 12:25:38
5350K58,"BARBED HOSE FITTING STR. ADAPTER 1-1/2"" HOSE ID 1-1/2 NPT MALE",,5350K58,MECHANICAL,EA,4.0,0.01,1.0,McMASTER CARR,CABINET C,E,2,7,,,,Active,2026-05-09 12:25:38
5388K18,"DRIVE CLAMP (FIRM HOSE & TUBE, STEEL SCREW 5/16""W, 9/16 -1-1/16",,MISCELLANEOUS,MECHANICAL,EA,10.0,0.01,1.0,McMASTER CARR,CABINET C,3,F,2,,,,Active,2026-05-09 12:25:38
5397K17,VACUMM CONNECTER,,MISCELLANEOUS,MISCELLANEOUS,EA,4.0,0.01,1.0,McMASTER CARR,3RD FLR. MRO,3,3,,,,,Active,2026-05-09 12:25:38
5397K18,DUCK HOSE FITTING - VACUMM CONN,,MISCELLANEOUS,MECHANICAL,EA,2.0,0.01,1.0,McMASTER CARR,CABINET C,2,E,1,,,,Active,2026-05-09 12:25:38
53CJ95,LIQUID-TIGHT FLEXABLE PLASTIC CONDUIT 1,,MISCELLANEOUS,ELECTRICAL,FT,40.0,0.01,1.0,GRAINGER,SHOP FLOOR RACK,J,2,B,,,,Active,2026-05-09 12:25:38
5405K5,"AIR HEPDM RUBBER, 3/8"" ID 11/16 OD 200 psi,",,MISCELLANEOUS,MECHANICAL,FT,50.0,0.01,1.0,McMASTER CARR,SHOP FLOOR RACK,J,2,B,,,,Active,2026-05-09 12:25:38
5423K22,"BAND CLAMP 5/8X1""",,MISCELLANEOUS,MECHANICAL,EA,0.0,0.01,0.0,McMASTER CARR,CABINET C,2,D,5,,,,Active,2026-05-09 12:25:38
5423K72,"BAND CLAMP 3/4X1""",,MISCELLANEOUS,MECHANICAL,EA,1.0,0.01,1.0,McMASTER CARR,CABINET C,2,D,5,,,,Active,2026-05-09 12:25:38
5423K73,BAND CLAMP 3/4 X 1 1/4,,MISCELLANEOUS,MECHANICAL,EA,49.0,0.01,1.0,McMASTER CARR,CABINET C,2,D,5,,,,Active,2026-05-09 12:25:38
5423K93,BAND CLAMP 1/2 X 1 3/8,,MISCELLANEOUS,MECHANICAL,EA,31.0,0.01,1.0,McMASTER CARR,CABINET C,2,D,5,,,,Active,2026-05-09 12:25:38
5424K3,BANDING TOOL,,MISCELLANEOUS,MECHANICAL,EA,1.0,0.01,1.0,McMASTER CARR,CABINET C,2,D,5,,,,Active,2026-05-09 12:25:38
54285K21,"EAR CLAMP 21/64"" - 25/64""   W/ MECHANICAL INTERLOCK",10500070,MISCELLANEOUS,MECHANICAL,EA,45.0,0.01,1.0,McMASTER CARR,CABINET C,3,H,5,,,,Active,2026-05-09 12:25:38
54285K22,"EAR CLAMP 11/32"" - 13/32  W/ MECHANICAL INTERLOCK",10500000,MISCELLANEOUS,MECHANICAL,EA,48.0,0.01,1.0,McMASTER CARR,CABINET C,3,H,4,,,,Active,2026-05-09 12:25:38
54285K23,EAR CLAMP 3/8 W/ MECHANICAL INTERLOCK,10500337,MISCELLANEOUS,MECHANICAL,EA,41.0,0.01,1.0,McMASTER CARR,CABINET C,3,H,3,,,,Active,2026-05-09 12:25:38
54605K32,"LOW PRESSURE PETROLEUM HOSE, 50PSI 1/4 BK FUE 30R7 HBD 10'",,MISCELLANEOUS,MISCELLANEOUS,FT,10.0,0.01,1.0,McMASTER CARR,CABINET C,2,I,3,,,,Active,2026-05-09 12:25:38
54605K33,"LOW-PRESSURE PETROLEUM HOSE, 50PSI 5/16 BK FUE 30R7 HBD 10'",,MISCELLANEOUS,MISCELLANEOUS,FT,10.0,0.01,1.0,McMASTER CARR,CABINET C,2,C,3,,,,Active,2026-05-09 12:25:38
54605K34,"LOW-PRESSURE PETROLEUM HOSE, 20PSA 3/8 BK FUE 30R7 HBD 10""",,MISCELLANEOUS,MISCELLANEOUS,FT,10.0,0.01,1.0,McMSTER CARR,CABINET C,2,I,3,,,,Active,2026-05-09 12:25:38
54996,RIGHT ANGEL DRIVE,,ELEVATOR,Mechanical,EA,1.0,1622.85,1.0,BOSTON GEAR,3RD FLR. MRO,5,5,,,,,Active,2026-05-09 12:25:38
54998,RIGHT ANGEL DRIVE,,ELEVATOR,Mechanical,EA,2.0,1622.0,1.0,BOSTON GEAR,3RD FLR. MRO,5,5,,,,,Active,2026-05-09 12:25:38
54XH38,BATTERY TILT TAIL,PS-1250F1,MISCELLANEOUS,ELECTRICAL CABINET,EA,1.0,11.59,1.0,SAGER ELECTORNIC,CABINET I,2,5,3,,,,Active,2026-05-09 12:25:38
5500-280011-TFIX20,WHITE LARGE BARREL CAP,,MISCELLANEOUS,MISCELLANEOUS,EA,1.0,0.01,1.0,,3RD FLR. MRO,6,4,,,,,Active,2026-05-09 12:25:38
5542N136,HIGH TEMP SILCONE RUBBER STRIP,,MISCELLANEOUS,MECHANICAL,FT,2.0,0.01,1.0,McMASTER CARR,CABINET C,3,E,1,,,,Active,2026-05-09 12:25:38
55AX99A,"5/16"" CHAIN SHACKLE, SCREW PIN 1500LB",,MISCELLANEOUS,MISCELLANEOUS,EA,2.0,10.0,1.0,,CABINET 1,2,3,2,,,,Active,2026-05-09 12:25:38
56050558,1/4 NPT TYLNE EKSCENTRYCZNE (LAVATORY CART),,MISCELLANEOUS,MECHANICAL,EA,1.0,0.01,1.0,,CABINET C,2,F,2,,,,Active,2026-05-09 12:25:38
561.29513,"Cummins 5.13"" V-Band Clamp",,MISCELLANEOUS,MECHANICAL,EA,0.0,29.99,0.0,VAN HORN TRUCK PARTS,3RD FLR. MRO,1,2,,,,,Active,2026-05-09 12:25:38
5657K42,BANDING TOOL,,MISCELLANEOUS,MECHANICAL,EA,1.0,0.01,1.0,McMASTER CARR,CABINET C,2,D,5,,,,Active,2026-05-09 12:25:38
57095K511,TAPER-LOCK BUSHING,32MM LOCK BUSHING,MISCELLANEOUS,ELECTRICAL CABINET,EA,1.0,0.01,1.0,MARTIN SPROCKET,CABINET I,1,5,1,,,,Active,2026-05-09 12:25:38
5733N195,"TUBING 3/16"" (WATER SYSEM)",,MISCELLANEOUS,MECHANICAL,IN,5.0,0.01,1.0,McMASTER CARR,CABINET C,3,A,1,,,,Active,2026-05-09 12:25:38
576193,"MCA38 T-SCAN SENSOR EXTENSION CABLE, 10 M",,MISCELLANEOUS,ELECTRICAL,EA,1.0,0.01,1.0,HEXAGON KIT,3RD FLR. MRO,3,1,,,,,Active,2026-05-09 12:25:38
576873,MPS21 POWER SUPPLY UNIT,,MISCELLANEOUS,ELECTRICAL,EA,1.0,226.23,1.0,HEXAGON KIT,3RD FLR. MRO,3,2,,,,,Active,2026-05-09 12:25:38
576886,"MCS12 SENDOR CABLE, 10 M",,MISCELLANEOUS,ELECTRICAL,EA,1.0,72.89,1.0,HEXAGON KIT,3RD FLR. MRO,3,1,,,,,Active,2026-05-09 12:25:38
576889,SHIM ROBOT TEMP SENSOR,,MISCELLANEOUS,ELECTRICAL CABINET,EA,1.0,0.01,1.0,LEICA,CABINET I,2,2,5,,,,Active,2026-05-09 12:25:38
576898,MAT33 OPTIAL CLEANING KIT,,MISCELLANEOUS,ELECTRICAL,EA,1.0,46.0,1.0,HEXAGON KIT,3RD FLR. MRO,3,1,,,,,Active,2026-05-09 12:25:38
576962,SUPER CATEYE REPLECTOR (SCE),,MISCELLANEOUS,ELECTRICAL,EA,1.0,23.95,1.0,HEXAGON KIT,3RD FLR. MRO,3,1,,,,,Active,2026-05-09 12:25:38
5862K103,MAGNETIC (SILVER),,MISCELLANEOUS,ELECTRICAL CABINET,EA,14.0,0.01,1.0,McMASTER CARR,CABINET I,3,2,4,,,,Active,2026-05-09 12:25:38
59754-72,1.25 - 16RH X 72IN OAL ACME SCREW,,MISCELLANEOUS,Mechanical,EA,1.0,328.48,1.0,ROTON,3RD FLR. MRO,4,3,,,,,Active,2026-05-09 12:25:38
59755298,HEX NIPPLE 3/8 TO 3/8 NPTF 10K PSI,,MISCELLANEOUS,Mechanical,EA,1.0,0.01,1.0,McMASTER CARR,CABINET C,1,E,4,,,,Active,2026-05-09 12:25:38
598873,EUROPEAN FUSEES,4 AMP FUSE,MISCELLANEOUS,ELECTRICAL CABINET,EA,2.0,0.01,1.0,McMASTER CARR,CABINET I,3,1,4,,,,Active,2026-05-09 12:25:38
5988T18,EUROPEAN FUSE16 AMP,16 AMP FUSE,MISCELLANEOUS,ELECTRICAL CABINET,EA,1.0,0.01,1.0,,CABINET I,1,1,2,,,,Active,2026-05-09 12:25:38
5SJ4220-7HG42,MINIATURE CIRCUIT BREAKER,,MISCELLANEOUS,ELECTRICAL,EA,4.0,166.21,1.0,US.RS.COM,3RD FLR. MRO,7,1,,,,,Active,2026-05-09 12:25:38
6008-2RSR-L038,FAG BEARING,,MISCELLANEOUS,MECHANICAL,EA,1.0,0.01,1.0,McMASTER CARR,CABINET C,1,M,4,,,,Active,2026-05-09 12:25:38
60115K19,"1/4"" NPT FILTER",,PRESSURE CART,PNEUMATIC,EA,1.0,101.55,1.0,McMASTER CARR,3RD FLR. MRO,4,1,,,,,Active,2026-05-09 12:25:38
60135K51,"Track Roller with Adjustable Shoulder, Corrosion-Resistant, for 1.16"" Wide Rail",,MISCELLANEOUS,MECHANICAL,EA,2.0,51.3,1.0,McMASTER CARR,CABINET C,,,,,,,Active,2026-05-09 12:25:38
60145T194,Retractable Belt Barrier Wall Mount,,MISCELLANEOUS,Mechanical,EA,1.0,117.66,1.0,McMASTER CARR,3RD FLR. MRO,2,2,,,,,Active,2026-05-09 12:25:38
6020223,PROXIMITY SWITCH,PROXIMITY SWITCH MLG AND ENGINE LOADER,MISCELLANEOUS,ELECTRICAL CABINET,EA,8.0,0.01,1.0,SICK,CABINET I,2,5,4,,,,Active,2026-05-09 12:25:38
60202982,PRESSURE CART GAUGE,IDP10S-T22C21CM-M1,PRESSURE CART,ELECTRICAL,EA,2.0,1350.0,1.0,SCHNEIDER ELECTRIC,3RD FLR. MRO,2,4,,,,,Active,2026-05-09 12:25:38
603212,BEAD BLASTER GLOVES,,MISCELLANEOUS,MECHANICAL,EA,1.0,0.01,1.0,,CABINET C,2,D,11,,,,Active,2026-05-09 12:25:38
60965K361,KNOB 4-ARM,,MISCELLANEOUS,MECHANICAL,EA,6.0,0.01,1.0,McMASTER CARR,CABINET C,2,B,5,,,,Active,2026-05-09 12:25:38
60C-0060N,CRANE REMOTE WING LIFTER,,MISCELLANEOUS,ELECTRICAL CABINET,EA,1.0,0.01,1.0,CATTRON,CABINET I,2,1,5,,,,Active,2026-05-09 12:25:38
6103K41,3/8-16 SWIVEL LEVELING MOUNT/PLASTIC,,MISCELLANEOUS,MECHANICAL,EA,7.0,0.01,1.0,McMASTER CARR,CABINET C,2,C,3,,,,Active,2026-05-09 12:25:38
6103K46,"3/8-16 TAPPED, 1-1/4 BASE, SWIEL LEVELING MOUNT",,MISCELLANEOUS,MISCELLANEOUS,EA,5.0,0.01,1.0,McMASTER CARR,CABINET C,2,C,3,,,,Active,2026-05-09 12:25:38
6111K216,LEVELING MOUNT 1/4X20 1-1/4 THREAD  1IN,,MISCELLANEOUS,MECHANICAL,EA,8.0,0.01,1.0,McMASTER CARR,CABINET C,1,I,3,,,,Active,2026-05-09 12:25:38
6111K217,"LEVELING MOUNT BLK PAINTED 1"" BASE 1/4""-20 THREAD",,MISCELLANEOUS,MECHANICAL,EA,8.0,0.01,1.0,McMASTER CARR,CABINET C,1,I,4,,,,Active,2026-05-09 12:25:38
6120K34,SWIVEL LEVELING MOUNT,,MISCELLANEOUS,MECHANICAL,EA,2.0,0.01,1.0,McMASTER CARR,CABINET C,3,L,2,,,,Active,2026-05-09 12:25:38
6130018,WIRE PULLEY,KIT#01,MISCELLANEOUS,MISCELLANEOUS,EA,1.0,0.01,1.0,,3RD FLR. MRO,5,4,,,,,Active,2026-05-09 12:25:38
6130020,WIRE PULLEY 2,KIT#01,MISCELLANEOUS,MISCELLANEOUS,EA,1.0,0.01,1.0,,3RD FLR. MRO,5,4,,,,,Active,2026-05-09 12:25:38
6130106,Y-AXIS LEAD UNIT NUT ASSY,,ENGINE LOADER,Mechanical,EA,1.0,44.99,1.0,AIT PART,3RD FLR. MRO,4,3,,,,,Active,2026-05-09 12:25:38
6130114,X-AXIS LEAD UNIT NUT ASSY,,ENGINE LOADER,Mechanical,EA,1.0,44.99,1.0,AIT PART,3RD FLR. MRO,4,3,,,,,Active,2026-05-09 12:25:38
61316-72,1 1/2 - 10RH X 72IN OAL ACME SCREW,,MISCELLANEOUS,MECHANICAL,EA,2.0,0.01,1.0,ROTON,3RD FLR. MRO,4,3,,,,,Active,2026-05-09 12:25:38
6204-2RSR-L038,FAG BEARING,,MISCELLANEOUS,MECHANICAL,EA,1.0,0.01,1.0,FAG,CABINET C,1,M,4,,,,Active,2026-05-09 12:25:38
6205-2RSR-L038,FAG BEARING,,MISCELLANEOUS,MECHANICAL,EA,1.0,0.01,1.0,FAG,CABINET C,1,M,4,,,,Active,2026-05-09 12:25:38
6214K26,"CONFORT-GRIP PLASTIC KNURLED KNOB W1/4""-20 Threaded Hole, 1-9/16"" Head Diameter",,MISCELLANEOUS,Mechanical,EA,13.0,0.01,1.0,McMASTER CARR,CABINET C,3,J,5,,,,Active,2026-05-09 12:25:38
62215K53,4-ARM CAST IRON KNOB W/ 5/16 -18 STUD,,MISCELLANEOUS,Mechanical,EA,1.0,0.01,1.0,McMASTER CARR,CABINET C,1,E,5,,,,Active,2026-05-09 12:25:38
6303K1,"Lever Handle with Ball Knob, 10-32 Thread, 3"" Long",,MISCELLANEOUS,MECHANICAL,EA,5.0,7.06,0.0,McMASTER CARR,CABINET C,1,H,7,,,,Active,2026-05-09 12:25:38
6314-2NSEC3,BEARING (DC01 & DC05),,MISCELLANEOUS,MECHANICAL,EA,4.0,0.01,1.0,,CABINET C,2,I,,,,,Active,2026-05-09 12:25:38
6448K93,PLUG TAPERED ROUND,TPE-017,MISCELLANEOUS,MECHANICAL,EA,15.0,0.01,1.0,McMASTER CARR,CABINET C,3,C,7,,,,Active,2026-05-09 12:25:38
6448K96,PLUG TAPERED ROUND,TPE-023,MISCELLANEOUS,MECHANICAL,EA,13.0,0.01,1.0,McMASTER CARR,CABINET C,3,C,6,,,,Active,2026-05-09 12:25:38
6509T12,"PARKING - CURB AND VEHICLE MAKER, 36"" HIGH",,MISCELLANEOUS,MISCELLANEOUS,EA,1.0,13.99,1.0,McMASTER CARR,CABINET C,,,,,,,Active,2026-05-09 12:25:38
65645K61,ELECTRICAL STOP BUTTON,E-STOP BUTTON,MISCELLANEOUS,ELECTRICAL CABINET,EA,2.0,0.01,1.0,McMASTER CARR,CABINET I,3,4,2,,,,Active,2026-05-09 12:25:38
65825A61,SUCTION CUTS -180 Degree Pivoting Tie Down,,MISCELLANEOUS,PNEUMATIC,EA,6.0,55.62,1.0,McMASTER CARR,3RD FLR. MRO,2,2,,,,,Active,2026-05-09 12:25:38
67714030,SPACER - ROUND 1/4 SS,,MISCELLANEOUS,MECHANICAL,EA,8.0,0.01,1.0,MSC,CABINET C,1,F,4,,,,Active,2026-05-09 12:25:38
685979-37A,AEMC MICRO OHMMETER 6240,,MISCELLANEOUS,ELECTRICAL CABINET,EA,10.0,0.01,1.0,AEMC,CABINET I,3,10,3,,,,Active,2026-05-09 12:25:38
685979-37B,AEMC MICRO OHMMETER 6240,,MISCELLANEOUS,ELECTRICAL CABINET,EA,11.0,0.01,1.0,AEMC,CABINET I,3,10,4,,,,Active,2026-05-09 12:25:38
6890K1,"1"" DIA CONTROL KNOB",WSS-015-S,MISCELLANEOUS,MECHANICAL,EA,4.0,0.01,1.0,McMASTER CARR,CABINET C,3,G,2,,,,Active,2026-05-09 12:25:38
68995K67,UNSHEILDED CRIMP - ON DATA CONNECTOR FOR SE CABLE,,MISCELLANEOUS,ELECTRICAL CABINET,EA,6.0,0.01,1.0,McMASTER CARR,CABINET I,1,15,3,,,,Active,2026-05-09 12:25:38
68B-205-4,JOYSTICK W/HALL EFFECT ROCKERS SWITCH,Blue Accent 5V 4Inch Cable with Deutsch Connector,MISCELLANEOUS,ELECTRICAL CABINET,EA,1.0,120.96,1.0,ONLINE COMPONETS,CABINET I,3,14,1,,,,Active,2026-05-09 12:25:38
69115K55,PLASTIC SUBMERSIBLE CORD GRIP 3/4IN,,MISCELLANEOUS,ELECT. TOOL/SUPPLY,EA,5.0,0.01,1.0,McMASTER CARR,TOOLS/SUPPLY CABINET,,1,1,,,,Active,2026-05-09 12:25:38
691519000,POWER ADAPTER,,ELECTRICAL,ELECTRICAL,EA,0.0,79.99,0.0,"CHAUVIN ARNOUX, INC.",CABINET I,2,1,1,,,,Active,2026-05-09 12:25:38
6926K81,"Tin-Plated Copper Compression Lug with 1 Hole, Single Crimp, for 2/0 Wire Gauge- 1/2"" Screw SZ",,MISCELLANEOUS,MISCELLANEOUS,EA,8.0,6.49,0.0,McMASTER CARR,CABINET C,2,E,3,,,,Active,2026-05-09 12:25:38
699115K72,PLASTIC SUBMERSIBLE CORD GRIP 1IN,,MISCELLANEOUS,ELECT. TOOL/SUPPLY,EA,6.0,0.01,1.0,McMASTER CARR,TOOLS/SUPPLY CABINET,,1,1,,,,Active,2026-05-09 12:25:38
69915K56,"PLACTIC SUB 0.35 0.63"" 3/4 KNOCKOUT",,MISCELLANEOUS,MISCELLANEOUS,EA,4.0,0.01,1.0,McMASTER CARR,CABINET C,2,I,1,,,,Active,2026-05-09 12:25:38
69915K57,PLASTIC SUB CORD GRIP NPT THREAD 0.39 - 055 1/2 KNOCKOUT,,MISCELLANEOUS,MECHANICAL,EA,4.0,0.01,1.0,McMASTER CARR,CABINET C,2,I,1,,,,Active,2026-05-09 12:25:38
69915K75,"Plastic Submersible Cord Grip, NPT Thread, for 0.87""-1.26"" Cord OD, 1-1/2 Knockout",,MISCELLANEOUS,MECHANICAL,EA,0.0,37.87,0.0,McMASTER CARR,CABINET C,,,,,,,Active,2026-05-09 12:25:38
6AU01445-2AD00-0AA0,CONTROL UNIT D445-2 DP/PN,,MISCELLANEOUS,ELECTRICAL,EA,1.0,8756.7,1.0,SIEMENS,3RD FLR. MRO,7,1,,,,,Active,2026-05-09 12:25:38
6AU1445-2AD00-0AA0,CONTROL UNIT D445-2 PD/PN,,PLC,ELECTRICAL,EA,2.0,10611.06,1.0,SIEMENS,3RD FLR. MRO,7,2,,,,,Active,2026-05-09 12:25:38
6ES7 131-4BF00-0AA0,DIGITAL INPUT MODULE,,ELECTRICAL,ELECTRICAL,EA,4.0,40.07,1.0,AWC/RADWELL,3RD FLR. MRO,7,2,,,,,Active,2026-05-09 12:25:38
6ES7 131-4BF00-0AA6,DIGITAL INPUT MODULE,D/I MODULE,MISCELLANEOUS,ELECTRICAL CABINET,EA,2.0,0.01,1.0,SIEMENS,CABINET I,1,2,2,,,,Active,2026-05-09 12:25:38
6ES7 131-4BF00-0AA6/0,DIGITAL INPUT MODULE,,MISCELLANEOUS,ELECTRICAL CABINET,EA,2.0,0.01,1.0,SIEMENS,CABINET I,1,2,4,,,,Active,2026-05-09 12:25:38
6ES7 132-4BF00-0AA6,DIGITAL OUTPUT MODULE,D/O MODULE,MISCELLANEOUS,ELECTRICAL CABINET,EA,2.0,0.01,1.0,SIEMENS,CABINET I,1,2,2,,,,Active,2026-05-09 12:25:38
6ES7 132-4BF00-0AA6/O,DIGITAL OUTPUT MODULE,,MISCELLANEOUS,ELECTRICAL CABINET,EA,2.0,0.01,1.0,SIEMENS,CABINET I,1,2,2,,,,Active,2026-05-09 12:25:38
6ES7 134-4GD00-0AB0,ANALOG INPUT MODULE,,MISCELLANEOUS,ELECTRICAL CABINET,EA,2.0,0.01,1.0,SIEMENS,CABINET I,1,15,3,,,,Active,2026-05-09 12:25:38
6ES7 141-6BF00-0AB0,SIMATIC ET 200ECO DIGITAL INPUT MODULE,,ELECTRICAL,MISSCELLANEOUS,EA,1.0,673.0,1.0,SIEMENS,3RD FLR. MRO,7,2,,,,,Active,2026-05-09 12:25:38
6ES7 141-6BG00-0AB0,"MODULE, INPUT, 12DI,24VDC",,ELECTRICAL,ELECTRICAL,EA,2.0,697.1,1.0,AWC/SIEMENS,3RD FLR. MRO,7,2,,,,,Active,2026-05-09 12:25:38
6ES7-132-4BF00-0AAO,DIGITAL OUTPUT MODULE,,MISCELLANEOUS,ELECTRICAL,EA,4.0,0.01,1.0,SIEMENS,CABINET I,2,4,5,,,,Active,2026-05-09 12:25:38
6ES7138-4C01-0AB0,DIGITAL INPUT/OUTPUT MODULE,DIGITAL I/O D/O,MISCELLANEOUS,ELECTRICAL CABINET,EA,2.0,0.01,1.0,SIEMENS,CABINET I,2,3,4,,,,Active,2026-05-09 12:25:38
6ES7138-4FB04-0AB0,DIGITAL OUTPUT MODULE,,MISCELLANEOUS,ELECTRICAL,EA,6.0,1577.84,1.0,SIEMENS-RADWELL,3RD FLR. MRO,7,2,,,,,Active,2026-05-09 12:25:38
6ES7138-FB04-0AB0,ELECTRONIC MODULE (ET200S),,ELECTRICAL,ELECTRICAL,EA,0.0,0.01,1.0,SIEMENS - RADWELL,3RD FLR. MRO,7,2,,,,,Active,2026-05-09 12:25:38
6ES7141-6BG00-0AB0,DIGITSL I/O DEVICES,,ELECTRICAL,ELECTRICAL,EA,1.0,485.0,0.0,EUAUTOMATION,3RD FLR. MRO,7,1,,,,,Active,2026-05-09 12:25:38
6ES7151-3BA23-0AB0,SIMATIC INTERFACE MODULE,INTERFACE MODULE,MISCELLANEOUS,ELECTRICAL CABINET,EA,2.0,0.01,1.0,SIEMENS,CABINET I,2,3,4,,,,Active,2026-05-09 12:25:38
6ES7151-8FB01-0AB0,CPU INTERFACE MODULE,CPU INTERFACE MODULE,MISCELLANEOUS,ELECTRICAL CABINET,EA,2.0,3604.87,1.0,SIEMENS,CABINET I,2,3,4,,,,Active,2026-05-09 12:25:38
6FX2003-0DM67,LANDING GEAR ROBOT,,MISCELLANEOUS,ELECTRICAL CABINET,EA,3.0,0.01,1.0,SIEMENS,CABINET I,2,3,1,,,,Active,2026-05-09 12:25:38
6FX2003-0LU00,LANDING GEAR ROBOT,,MISCELLANEOUS,ELECTRICAL CABINET,EA,2.0,0.01,1.0,SIEMENS,CABINET I,2,3,1,,,,Active,2026-05-09 12:25:38
6GK5108-0BA00-2AA3,"SCALANCE X108, UNMANAGED IE SWITCH, 8X 10/100 MBPS RJ45",,MISCELLANEOUS,ELECTRICAL,EA,1.0,588.0,1.0,EUATOMATION,3RD FLR. MRO,7,1,,,,,Active,2026-05-09 12:25:38
6GK5204-0BA00-2BA3,SIGNALING CONTACT W/SET PUSHBUTTOM,,MISCELLANEOUS,ELECTRICAL,EA,1.0,1285.0,1.0,EUATOMATION,3RD FLR. MRO,7,1,,,,,Active,2026-05-09 12:25:38
6SL3000-0CE21-0AA0,LINE REACTOR FOR 10KW SLM,BKO/TO01025446,ELECTRICAL,ELECTRICAL,EA,1.0,336.3,0.0,AWC,3RD FLR. MRO,7,1,,,,,Active,2026-05-09 12:25:38
6SL3040-1MA00-0AA0,CONTRON UNIT - CU320-2DP,,PLC,ELECTRICAL,EA,3.0,1201.0,1.0,SIEMENS,3RD FLR. MRO,7,2,,,,,Active,2026-05-09 12:25:38
6SL3040-1MA00-0AAO,CONTROL UNIT CU320 2 DP,,MISCELLANEOUS,ELECTRICAL,EA,1.0,3935.65,1.0,SIEMENS,3RD FLR. MRO,7,2,,,,,Active,2026-05-09 12:25:38
6SL3040-1MA01-0AA0,CONTROL UNIT CU320-2 PN,,PLC,ELECTRICAL,EA,2.0,1053.0,1.0,SIEMENS,3RD FLR. MRO,7,2,,,,,Active,2026-05-09 12:25:38
6SL3055-0AA00-2EBO,PROFINET MODULE,I/O MODULE,MISCELLANEOUS,ELECTRICAL CABINET,EA,3.0,0.01,1.0,SIEMENS,CABINET I,2,3,4,,,,Active,2026-05-09 12:25:38
6SL3060-4AK00-0AA0,DRIVE CABLE (DRIVE-CLIQ)-CONNECTION SYSTEM,A5E00261695,ELECTRICAL,ELECTRICAL,EA,18.0,44.1,1.0,SIEMENS - RADWELL,3RD FLR. MRO,7,2,,,,,Active,2026-05-09 12:25:38
6SL3060-4AK00-0AAO,CONNECTION CABLE,,MISCELLANEOUS,ELECTRICAL CABINET,EA,1.0,49.0,1.0,SIEMENS,3RD FLR. MRO,7,1,,,,,Active,2026-05-09 12:25:38
6SL3120-1TE13-0AA0,SINGLE MOTOR MODULE 5A,N//A,PLC,ELECTRICAL,EA,2.0,0.01,1.0,SIEMENS,3RD FLR. MRO,2,3,,,,,Active,2026-05-09 12:25:38
6SL3120-1TE13-0AA3,SINGLE MOTOR MODULE INPUT,,MISCELLANEOUS,ELECTRICAL,EA,1.0,1385.0,1.0,EUATOMATION,3RD FLR. MRO,7,1,,,,,Active,2026-05-09 12:25:38
6SL3120-1TE13-0AA4,DOUBLE MOTOR MODULE INPUT,,MISCELLANEOUS,ELECTRICAL,EA,1.0,3110.6,1.0,EUAUTOMATION,3RD FLR. MRO,7,2,,,,,Active,2026-05-09 12:25:38
6SL3120-1TE15-0AD0,SINGLE MOTOR MODULE 5A,,PLC,ELECTRICAL,EA,1.0,1060.0,1.0,SIEMENS,3RD FLR. MRO,7,3,,,,,Active,2026-05-09 12:25:38
6SL3120-1TE21-0AA4,FREQUENCY CONVERTER (SINGLE),,PLC,ELECTRICAL,EA,1.0,3558.65,1.0,SIEMENS,3RD FLR. MRO,7,3,,,,,Active,2026-05-09 12:25:38
6SL3120-1TE21-0AD0,SERVO DRIVE,,MISCELLANEOUS,ELECTRICAL CABINET,EA,2.0,2718.0,1.0,SIEMENS,3RD FLR. MRO,7,2,,,,,Active,2026-05-09 12:25:38
6SL3120-2TE12-0AA4,FREQENCY CONVERTER - DOUBLE MOTOR MODULE,,MISCELLANEOUS,ELECTRICAL,EA,1.0,0.01,0.0,EUAUTOMATION,3RD FLR. MRO,7,1,,,,,Active,2026-05-09 12:25:38
6SL3120-2TE13-0AD0,FREQUENCY CONVERTER (DOUBLE) 2X3A,,PLC,ELECTRICAL,EA,1.0,1401.0,1.0,SIEMENS,3RD FLR. MRO,7,3,,,,,Active,2026-05-09 12:25:38
6SL3120-2TE15-0AA4,FREQUENCY CONVERTER - SINGLE MOTOR MUDULE,,MISCELLANEOUS,ELECTRICAL,EA,1.0,0.01,0.0,EUAUTOMATION,3RD FLR. MRO,7,1,,,,,Active,2026-05-09 12:25:38
6SL3120-2TE15-0AD0,DOUBLE MOTOR MODULE 2X5A/FREQUENCY CONVERTER,,PLC,ELECTRICAL,EA,5.0,1511.0,1.0,SIEMENS,3RD FLR. MRO,7,2,,,,,Active,2026-05-09 12:25:38
6SL3120-2TE21-0AD0,FREQUENCY CONVERTER (DOUBLE) 2X9A,,PLC,Electrical,EA,3.0,1713.0,1.0,SIEMENS,3RD FLR. MRO,7,1,,,,,Active,2026-05-09 12:25:38
6SL31202TE150AD0,DOUBLE MOTOR MODULE,,MISCELLANEOUS,ELECTRICAL,EA,2.0,1511.0,1.0,SIEMENS,3RD FLR. MRO,7,2,,,,,Active,2026-05-09 12:25:38
6SL3130-6AE21-0AB0,REM SIEMENS - SMART LINE MODULE INPUT,,MISCELLANEOUS,ELECTRICAL,EA,1.0,2850.0,1.0,SIEMENS - RADWELL,3RD FLR. MRO,7,1,,,,,Active,2026-05-09 12:25:38
6SL3130-6AE21-0AB1,FREQUENCY CONVERTER -SMART LINE MODULE 10KW,,PLC,ELECTRICAL,EA,2.0,1308.0,1.0,SIEMENS,3RD FLR. MRO,7,2,,,,,Active,2026-05-09 12:25:38
6SL3130-6AEZ21-0AB1,FREQENCY CONVERTER,,ELECTRICAL,ELECTRICAL,EA,1.0,1449.89,0.0,AWC,3RD FLR. MRO,7,1,,,,,Active,2026-05-09 12:25:38
6SL3162-8AB00-0AA0,ACCESSORIES - LANDING GEAR REMOTE,,MISCELLANEOUS,ELECTRICAL CABINET,EA,1.0,0.01,1.0,SIEMENS,CABINET I,2,3,1,,,,Active,2026-05-09 12:25:38
6SL320-2TE15-0AD0,FREQUENCY CONVERTER DOUBLE MOTOR MODULE 2X5A,,MISCELLANEOUS,ELECTRICAL,EA,2.0,1511.0,1.0,SIEMENS,3RD FLR. MRO,7,2,,,,,Active,2026-05-09 12:25:38
6VFV0,QUICK SNAP-ON EXOANSION PLUG-BOAT PLUG,,MISCELLANEOUS,MECHANICAL,EA,25.0,0.01,1.0,McMASTER CARR,CABINET C,2,C,9,,,,Active,2026-05-09 12:25:38
6ZEJ2,TERMINAL STRIP 10 AWP,"30 A CURRENT 7 POLES, 1 WIRESIZE",MISCELLANEOUS,ELECTRICAL CABINET,EA,3.0,0.01,1.0,GRAINGER,CABINET I,3,12,4,,,,Active,2026-05-09 12:25:38
700-HN100,RELAY,8 PIN RELAY,MISCELLANEOUS,ELECTRICAL CABINET,EA,2.0,0.01,1.0,ALLEN BRADLEY,CABINET I,1,14,2,,,,Active,2026-05-09 12:25:38
700-HN128,RELAY,14 BLADE RELAYT,MISCELLANEOUS,ELECTRICAL CABINET,EA,3.0,0.01,1.0,ALLEN BRADLEY,CABINET I,1,14,2,,,,Active,2026-05-09 12:25:38
70169144,TERMINAL BLOCK FUSE 1 2 28-10 AWG BLACK,,MISCELLANEOUS,ELECTRICAL CABINET,EA,4.0,8.51,1.0,RS GROUP,CABINET I,2,2,1,,,,Active,2026-05-09 12:25:38
70175K5,"Sure-Grip Aluminum Cord Grip for 0.7""-0.97"" Cord OD, 1 Knockout Size",,MISCELLANEOUS,MECHANICAL,EA,0.0,33.15,0.0,McMASTER CARR,CABINET C,,,,,,,Active,2026-05-09 12:25:38
70175K6,"Sure-Grip Aluminum Cord Grip for 0.94""-1.25"" Cord OD, 1-1/4 Knockout Size",,MISCELLANEOUS,MECHANICAL,EA,1.0,39.51,0.0,McMASTER CARR,3RD FLR. MRO,2,4,,,,,Active,2026-05-09 12:25:38
70283036,PHOENIX CONTACT,DIGITAL PANEL METER 100V-240VAC,MISCELLANEOUS,ELECTRICAL CABINET,EA,1.0,0.01,1.0,PHOENIX,CABINET I,2,2,1,,,,Active,2026-05-09 12:25:38
7060C-46,VERTICLE SPEED INDICATOR,SPEED INDICATOR,MISCELLANEOUS,ELECTRICAL CABINET,EA,1.0,0.01,1.0,,CABINET I,3,3,2,,,,Active,2026-05-09 12:25:38
707KR,"COVER, PROTECTIVE CAP, ADSP, PITOT",,MISCELLANEOUS,MECHANICAL,EA,2.0,0.01,1.0,KINNEAR,CABINET C,2,E,3,,,,Active,2026-05-09 12:25:38
7080K41,8ADG 4 WIRE (BLK),,WIRE,MISCELLANEOUS,RL,1.0,6.58,1.0,McMASTER CARR,3RD FLR. MRO,6,3,,,,,Active,2026-05-09 12:25:38
7082K84,"CABLE SJEOOW BLCK OUTAR INSULATION, 12 GAUGW, 4 WIRE, 25 FT",,MISCELLANEOUS,ELECTRICAL,EA,1.0,0.01,1.0,McMASTER CARR,SHOP FLOOR RACK,J,2,B,,,,Active,2026-05-09 12:25:38
70879260,CONTACT BLOCK,,MISCELLANEOUS,ELECTRICAL CABINET,EA,5.0,0.01,1.0,ALLIED,CABINET I,1,7,1,,,,Active,2026-05-09 12:25:38
7091-0150,ROD  (SEALANT MIXER PART),,MISCELLANEOUS,MECHANICAL,EA,7.0,0.01,1.0,OK INTERNATIONAL,CABINET C,2,F,5,,,,Active,2026-05-09 12:25:38
7091-0500,TRAY (SEALANT MIXER PART),,MISCELLANEOUS,MECHANICAL,EA,4.0,0.01,1.0,OK INTERNATIONAL,CABINET C,2,F,5,,,,Active,2026-05-09 12:25:38
7091-0510,LCD SCREEN COVER (SEALANT MIXER PART),,MISCELLANEOUS,MECHANICAL,EA,2.0,0.01,1.0,OK INTERNATIONAL,CABINET C,2,F,5,,,,Active,2026-05-09 12:25:38
7091-9000,MOTHER BOARD (SEALANT MIXER),N2333000625,MISCELLANEOUS,MECHANICAL,EA,698.0,0.01,1.0,OK INTERNATIONAL,CABINET C,2,F,6,,,,Active,2026-05-09 12:25:38
7091-9010,"CARTRIGE, HOLDER ASSY 2,5,6,8 OZ",,MISCELLANEOUS,MISCELLANEOUS,EA,2.0,0.01,1.0,OK INTERNATIONAL,CABINET C,2,I,,,,,Active,2026-05-09 12:25:38
7091-9040,PLUNGER ASSY HOLDER (SELANT MIXER),,MISCELLANEOUS,MECHANICAL,EA,1.0,698.0,1.0,OKINTERNATIONAL,CABINET C,2,H,4,,,,Active,2026-05-09 12:25:38
7091-9080,AIR FILTER ASSEMBLY (SEALANT MIXER),,MISCELLANEOUS,MECHANICAL,EA,2.0,0.01,1.0,,CABINET C,2,H,4,,,,Active,2026-05-09 12:25:38
7106K11,BATTERY TERMINAL CONNECTOR,TERMINAL CONNECTOT BATTERY,MISCELLANEOUS,ELECTRICAL CABINET,EA,2.0,0.01,1.0,McMASTER CARR,CABINET I,1,6,4,,,,Active,2026-05-09 12:25:38
71094,TENSION PIN,PIN FOR DRILL JIG,MISCELLANEOUS,MECHANICAL,EA,4.0,145.0,2.0,S & B MACHINE,CABINET C,3,K,6,,,,Active,2026-05-09 12:25:38
711-0750,"1/4-28"" SS NUT",,MISCELLANEOUS,Mechanical,EA,21.0,0.01,1.0,ARP AUTOMOTIVE,CABINET C,1,H,2,,,,Active,2026-05-09 12:25:38
711-1500,12PT 1/4-28 SS NUT 1.5,,MISCELLANEOUS,Mechanical,EA,25.0,0.01,1.0,ARP AUTOMOTIVE,CABINET C,1,H,3,,,,Active,2026-05-09 12:25:38
7118K2,CONNECTOR PIN,TIE-BOLT BATTERY CONNECTOR PIN,MISCELLANEOUS,ELECTRICAL CABINET,EA,4.0,0.01,1.0,SIEMENS,CABINET I,1,13,3,,,,Active,2026-05-09 12:25:38
71385K527,"Ceramic-Tube Fuse, Time-Delay, 1/4"" Diameter, Trade Size 3AB, 15A",,ELECTRICAL,ELECTRICAL,EA,8.0,4.7,0.0,McMASTER CARR,CABINET I,1,2,3,,,,Active,2026-05-09 12:25:38
71695K111,STEEL OUTLET BOX,,MISCELLANEOUS,ELECTRICAL,EA,2.0,0.01,1.0,McMASTER CARR,3RD FLR. MRO,2,4,,,,,Active,2026-05-09 12:25:38
71695K117,4-11/16 HIGH EXTENDOR WITH 12 KNOCKOUTS FOR STEEL OUTLET,,MISCELLANEOUS,ELECTRICAL,EA,2.0,0.01,0.0,McMASTER CARR,3RD FLR. MRO,2,4,,,,,Active,2026-05-09 12:25:38
7236K64,ALLIGATOR CLIPS,,MISCELLANEOUS,ELECTRICAL CABINET,EA,0.0,0.01,0.0,McMASTER CARR,CABINET I,1,7,3,,,,Active,2026-05-09 12:25:38
7236K74,"Alligator Clip, High-Current, Flat, Toothed, Copper, 100 Amps",,ELECTRICAL,ELECTRICAL,EA,6.0,17.54,1.0,McMASTER CARR,CABINET I,,,,,,,Active,2026-05-09 12:25:38
72389121,COPPER SLEEVE BEARING .753X1.253X1 - 1/2 (SEALANT MIXER),AA-1257-2,MISCELLANEOUS,MECHANICAL,EA,12.0,0.01,1.0,McMASTER CARR,CABINET C,2,H,4,,,,Active,2026-05-09 12:25:38
72620719,T-HANDLE PUSH BUTTON PIN,,MISCELLANEOUS,MECHANICAL,EA,5.0,0.01,1.0,MSC,CABINET C,1,J,6,,,,Active,2026-05-09 12:25:38
7350K11,"CABLE RAMP W/ 3/4W 1/2HIGH CHANNEL, 25FT (YELLOW)",,MISCELLANEOUS,ELECTRICAL,EA,1.0,0.01,1.0,McMASTER CARR,CABINET I,J,2,B,,,,Active,2026-05-09 12:25:38
73791730,PCB MOUNT FORCE GUIDED RELAY,G7SA4A2BDC24BYOMZ,MISCELLANEOUS,ELECTRICAL CABINET,EA,1.0,67.78,1.0,Omron Automation/RS,CABINET I,3,14,3,,,,Active,2026-05-09 12:25:38
7383N472,SPRING,,MISCELLANEOUS,MECHANICAL,EA,8.0,0.01,2.0,McMASTER CARR,CABINET C,3,B,7,,,,Active,2026-05-09 12:25:38
7422K26,BLACK JACKET 300V 90C,,WIRE,MISCELLANEOUS,RL,1.0,0.01,1.0,McMASTER CARR,3RD FLR. MRO,6,3,,,,,Active,2026-05-09 12:25:38
7434N12,"LOW TEMP MEDIUM PRESSURE FUEL OIL HOSE 1/2"" ID 1""D",,HOSE,MISCELLANEOUS,FT,4.0,77.02,1.0,,3RD FLR. MRO,6,2,,,,,Active,2026-05-09 12:25:38
7513K241,"LOCKNUT 1/2""",,MISCELLANEOUS,MECHANICAL,EA,9.0,0.01,1.0,McMASTER CARR,CABINET C,3,E,7,,,,Active,2026-05-09 12:25:38
7513K242,"LOCKNUT 3/4""",,MISCELLANEOUS,MECHANICAL,EA,9.0,0.01,1.0,McMASTER CARR,CABINET C,3,E,6,,,,Active,2026-05-09 12:25:38
7513K373,1 x 3/4 Reducing Washer for Medium- and Thick-Wall Steel Conduit,,MISCELLANEOUS,MECHANICAL,EA,10.0,3.16,1.0,McMASTER CARR,3RD FLR. MRO,2,4,,,,,Active,2026-05-09 12:25:38
7513K375,1-1/4 x 3/4 Reducing Washer for Medium- and Thick-Wall Steel Conduit,,MISCELLANEOUS,MECHANICAL,EA,9.0,5.48,0.0,McMASTER CARR,3RD FLR. MRO,2,4,,,,,Active,2026-05-09 12:25:38
7513K376,1-1/4 x 1 Reducing Washer for Medium- and Thick-Wall Steel Conduit,,MISCELLANEOUS,MECHANICAL,EA,10.0,5.48,0.0,McMASTER CARR,3RD FLR. MRO,2,4,,,,,Active,2026-05-09 12:25:38
7529T62,SHUTOFF ASSEMBLY,,MISCELLANEOUS,MISCELLANEOUS,EA,2.0,34.75,1.0,McMASTER CARR,3RD FLR. MRO,2,2,,,,,Active,2026-05-09 12:25:38
7566K25,CABLE TIE MOUNT - ADHESIVE BACK .21X.06 (WHITE),,MISCELLANEOUS,MISCELLANEOUS,PK,2.0,13.33,1.0,McMASTER CARR,CABINET I,2,2,2,,,,Active,2026-05-09 12:25:38
7692K3,SEALED TOUCHPAD SWITCH,TOUCH PAD SWITCH,MISCELLANEOUS,ELECTRICAL CABINET,EA,3.0,0.01,1.0,McMASTER CARR,CABINET I,3,5,4,,,,Active,2026-05-09 12:25:38
7692K7,MOUNTING FRAME ROUND,ROUND MNT FRAME FOR TOUCH PADS,MISCELLANEOUS,ELECTRICAL CABINET,EA,3.0,0.01,1.0,McMASTER CARR,CABINET I,3,5,4,,,,Active,2026-05-09 12:25:38
7714K34,TIME DELAY FUSE 1AMP,1 AMP FUSE,MISCELLANEOUS,ELECTRICAL CABINET,EA,5.0,0.01,1.0,McMASTER CARR,CABINET I,1,1,1,,,,Active,2026-05-09 12:25:38
7714K39,TIME DELAY FUSE 4AMP,4 AMP FUSE,MISCELLANEOUS,ELECTRICAL CABINET,EA,6.0,0.01,1.0,McMASTER CARR,CABINET I,1,1,1,,,,Active,2026-05-09 12:25:38
7714K41,TIME DELAY FUSE 5AMP,5 AMP FUSE,MISCELLANEOUS,ELECTRICAL CABINET,EA,5.0,0.01,1.0,McMASTER CARR,CABINET I,1,1,1,,,,Active,2026-05-09 12:25:38
7714K44,TIME DELAY FUSE 2AMP,2 AMP FUSE,MISCELLANEOUS,ELECTRICAL CABINET,EA,12.0,0.01,1.0,McMASTER CARR,CABINET I,1,1,1,,,,Active,2026-05-09 12:25:38
7714K56,TIME DELAY FUSE 15AMP,15 AMP FUSE,MISCELLANEOUS,ELECTRICAL CABINET,EA,5.0,0.01,1.0,McMASTER CARR,CABINET I,1,1,1,,,,Active,2026-05-09 12:25:38
7714K57,TIME DELAY FUSE 20AMP,,MISCELLANEOUS,ELECTRICAL CABINET,EA,5.0,0.01,1.0,McMASTER CARR,CABINET I,1,1,1,,,,Active,2026-05-09 12:25:38
7714K58,TIME DELAY FUSE 25AMP,,MISCELLANEOUS,ELECTRICAL CABINET,EA,5.0,0.01,1.0,McMASTER CARR,CABINET I,1,1,1,,,,Active,2026-05-09 12:25:38
7714K59,TIME DELAY FUSE 30 AMP,30 AMP FUSE,MISCELLANEOUS,ELECTRICAL CABINET,EA,5.0,0.01,1.0,McMASTER CARR,CABINET I,1,1,1,,,,Active,2026-05-09 12:25:38
7714KS7,TIME DELAY FUSE 20AMP,,MISCELLANEOUS,ELECTRICAL CABINET,EA,5.0,0.01,1.0,McMASTER CARR,CABINET I,1,1,1,,,,Active,2026-05-09 12:25:38
773,23 MED LOOM,,WIRE,ELECTRICAL,FT,100.0,0.01,10.0,DEL CITY,3RD FLR. MRO,6,3,,,,,Active,2026-05-09 12:25:38
774-12,"HOSE, PARKER, 3/4"" HYD PHOSPHATE ESTER",,HOSE,HYDRAULIC,FT,75.0,27.25,1.0,EXOTIC AUTOMATION,3RD FLR. MRO,6,2,,,,,Active,2026-05-09 12:25:38
7779K43,LIMIT SWITCH,,MISCELLANEOUS,ELECTRICAL CABINET,EA,7.0,0.01,1.0,,CABINET I,1,8,4,,,,Active,2026-05-09 12:25:38
785-SL1-DK,HONEYWELL LIMIT SWITCH,,MISCELLANEOUS,ELECTRICAL CABINET,EA,2.0,0.01,1.0,HONEYWELL,CABINET I,1,8,1,,,,Active,2026-05-09 12:25:38
7861K124,MOISTURE-SEAL HEAT SHRINK TUBE 3.1 SHRINK 2.75 ID,,MISCELLANEOUS,MECHANICAL,EA,4.0,63.92,1.0,McMASTER CARR,3rd FLR. MRO,3,2,,,,,Active,2026-05-09 12:25:38
7913A42,LUG 6-4 GAUGE,WIRE LUGS,MISCELLANEOUS,ELECTRICAL CABINET,EA,10.0,0.01,1.0,McMASTER CARR,CABINET I,1,3,3,,,,Active,2026-05-09 12:25:38
7921K43,"CORNER FIT KNOB (RED, ORANGE & GREEN)",,MISCELLANEOUS,MECHANICAL,EA,12.0,0.01,1.0,McMASTER CARR,CABINET C,3,C,2,,,,Active,2026-05-09 12:25:38
7945K16,PVC CUPPLER,,MISCELLANEOUS,MISCELLANEOUS,EA,4.0,0.01,1.0,McMASTER CARR,3RD FLR. MRO,3,2,,,,,Active,2026-05-09 12:25:38
796K96,CLEAR NILFISK HOSE,,VACUUM,MISCELLANEOUS,IN,104.0,0.01,10.0,McMASTER CARR,3RD FLR. MRO,3,2,,,,,Active,2026-05-09 12:25:38
800603,"PUSH BUTTON PIN 3/16"" X 1/4""",800603,MISCELLANEOUS,MECHANICAL,EA,7.0,0.01,1.0,McMASTER CARR,CABINET C,1,P,,,,,Active,2026-05-09 12:25:38
8010004037,"10"" POLYURETHAN HOSE (VACUMM SYSTEM)",,MISCELLANEOUS,MISCELLANEOUS,FT,5.0,0.01,1.0,,3RD FLR. MRO,4,2,,,,,Active,2026-05-09 12:25:38
801070,T-HANDLE PUSH BUTTON PIN,,MISCELLANEOUS,MECHANICAL,EA,1.0,0.01,1.0,McMASTER CARR,CABINET C,1,K,1,,,,Active,2026-05-09 12:25:38
801406793,LOAD CELL,LOAD CELL MLG ROBOT,MISCELLANEOUS,ELECTRICAL CABINET,EA,0.0,0.01,0.0,HBM,CABINET I,2,6,2,,,,Active,2026-05-09 12:25:38
8063K18,AIR FILL VALVE,,MISCELLANEOUS,Mechanical,EA,6.0,0.01,1.0,McMASTER CARR,CABINET C,1,C,4,,,,Active,2026-05-09 12:25:38
81208-TV,ROLLING BEARING,,MISCELLANEOUS,MECHANICAL,EA,1.0,0.01,1.0,,CABINET C,1,L,5,,,,Active,2026-05-09 12:25:38
81240,2-PT ANALOG INPUT,2 POINT ANALOG PLUG IN,MISCELLANEOUS,ELECTRICAL CABINET,EA,1.0,0.01,1.0,ROCKWELL,CABINET I,1,4,1,,,,Active,2026-05-09 12:25:38
82165LH,THREAD REPAIR KIT (LEFT HAND,,MISCELLANEOUS,MECHANICAL,EA,1.0,0.01,1.0,,CABINET C,2,F,8,,,,Active,2026-05-09 12:25:38
8227A2PA6114AF1,SOLENOID VALVE (WINGLIFTER),,WING LIFTER,PNEUMATIC,EA,1.0,275.55,1.0,AVENTICS,3RD FLR. MRO,2,2,,,,,Active,2026-05-09 12:25:38
8333T125,"Low-Temperature Mil. Spec. Fluorosilicone O-Ring, Chemical-Resistant, 1/16 Fractional Width, Dash Number 015",,MISCELLANEOUS,MECHANICAL,PK,1.0,6.53,0.0,McMASTER CARR,CABINET C,2,A,3,,,,Active,2026-05-09 12:25:38
8382K45,PUSH BUTTON PANEL,PANEL MOUNT PUSH BUTTON,MISCELLANEOUS,ELECTRICAL CABINET,EA,4.0,0.01,1.0,SPRECNER+,CABINET I,3,5,2,,,,Active,2026-05-09 12:25:38
8401A132,SAFETY-GATE SPRING HINGE,,MISCELLANEOUS,MECHANICAL,EA,6.0,0.01,1.0,McMASTER CARR,CABINET C,2,E,2,,,,Active,2026-05-09 12:25:38
8406,"1"" NON-METALLIC STRAIGHT CONNECTORS (BLK)",,MISCELLANEOUS,MECHANICAL,EA,2.0,0.01,1.0,McMASTER CARR,CABINET C,2,D,2,,,,Active,2026-05-09 12:25:38
8421,"1"" NON-METALLIC ANGLE CONNECTORS (BLK)",,MISCELLANEOUS,MECHANICAL,EA,6.0,0.01,1.0,McMASTER CARR,CABINET C,2,D,2,,,,Active,2026-05-09 12:25:38
844-VSKCS401/045,POWER SUPPLY,RECTIFIER FOR 28V EXT POWER,MISCELLANEOUS,ELECTRICAL CABINET,EA,2.0,0.01,1.0,MOUSER ELECTRONICS,CABINET I,2,7,3,,,,Active,2026-05-09 12:25:38
8480A1,"TWIST LOCK RET PLUNGER 3/8""-24",,MISCELLANEOUS,MECHANICAL,EA,6.0,0.01,1.0,McMASTER CARR,CABINET C,3,G,4,,,,Active,2026-05-09 12:25:38
84875A43,"3/8-16X3/8,13/16 BASE TOGGLE/SWIVEL DELRIN PAD",,MISCELLANEOUS,MECHANICAL,EA,13.0,0.01,1.0,McMASTER CARR,CABINET C,2,C,3,,,,Active,2026-05-09 12:25:38
8487A21,TWIST -TO-LOCK RETRACTABLE SPRING PLUNGER,,MISCELLANEOUS,MECHANICAL,EA,9.0,0.01,1.0,McMASTER CARR,CABINET C,1,J,3,,,,Active,2026-05-09 12:25:38
8487A23,SPRING PLUNGER,,MISCELLANEOUS,MECHANICAL,EA,5.0,0.01,1.0,McMASTER CARR,CABINET C,1,J,2,,,,Active,2026-05-09 12:25:38
84915A12,TWIST -TO-LOCK KNOB-STYLE RETR SPRING PLUGGER,,MISCELLANEOUS,Mechanical,EA,2.0,0.01,1.0,McMASTER CARR,CABINET C,1,B,1,,,,Active,2026-05-09 12:25:38
8491A769,SMART PROBE MEASUREMENT TOOL,,MISCELLANEOUS,Mechanical,EA,12.0,0.01,1.0,McMASTER CARR,CABINET C,1,E,3,,,,Active,2026-05-09 12:25:38
8497A37,"RETACTABLE SPRING PIN 1/2 X 13""",,MISCELLANEOUS,MECHANICAL,EA,17.0,0.01,1.0,McMASTER CARR,CABINET C,1,J,4,,,,Active,2026-05-09 12:25:38
84F-T02R1SSTNF,FLOW METER,20180069,PRESSURE CART,PNEUMATIC,EA,1.0,0.01,1.0,SCHNEIDER ELECTRIC,3RD FLR. MRO,7,2,,,,,Active,2026-05-09 12:25:38
8616K68,"Multipurpose Neoprene Rubber Sheet, Food Industry, 12"" x 12"", 1/2"" Thick",,MISCELLANEOUS,MISCELLANEOUS,PCS,1.0,96.01,0.0,McMASTER CARR,SHOP FLOOR RACK,J,1,C,,,,Active,2026-05-09 12:25:38
8674T55,CONNECTOR,,MISCELLANEOUS,MECHANICAL,EA,3.0,0.01,1.0,McMASTER CARR,CABINET C,3,J,6,,,,Active,2026-05-09 12:25:38
87925160,LOCKING WASHER,,MISCELLANEOUS,Mechanical,EA,100.0,0.01,1.0,MSC,CABINET C,1,G,5,,,,Active,2026-05-09 12:25:38
88715T719,"BEAM CLAMP FOR THREAD ROD ZINC-PLATED TRIM 1/2""-13",,MISCELLANEOUS,MECHANICAL,EA,10.0,0.01,1.0,McMASTER CARR,CABINET C,2,G,2,,,,Active,2026-05-09 12:25:38
8905,RAT TOOL CHARGING KIT LPN (WIRE),RAT TOOL CHARGEING KIT,MISCELLANEOUS,ELECTRICAL CABINET,EA,7.0,0.01,1.0,,CABINET I,3,12,2,,,,Active,2026-05-09 12:25:38
893S-0-B,UL 1015 CSA TEW BLK,,WIRE,MISCELLANEOUS,RL,1.0,0.01,1.0,CONSOLIATED ELECTRONIC,3RD FLR. MRO,6,3,,,,,Active,2026-05-09 12:25:38
893S-6-B,UL 1013 CSA TEW BLU,,WIRE,MISCELLANEOUS,RL,1.0,0.01,1.0,CONSOLIDATED ELECTRONIIC,3RD FLR. MRO,6,3,,,,,Active,2026-05-09 12:25:38
8953T4,CHAIN  BARRIER STRIPED RED/WHITE,,MISCELLANEOUS,MECHANICAL,FT,25.0,0.01,1.0,McMASTER CARR,CABINET C,2,F,7,,,,Active,2026-05-09 12:25:38
8953T6,"CHAIN BARRIER (RED) 1-3/8"" LG X 11/16 WD",,MISCELLANEOUS,MECHANICAL,FT,50.0,0.01,5.0,McMASTER CARR,CABINET C,2,I,3,,,,Active,2026-05-09 12:25:38
8991T34,"BARBED INLINE FILTER 3/8"" TUBE ID 20 MICRON",,MISCELLANEOUS,MECHANICAL,EA,2.0,0.01,1.0,McMASTER CARR,CABINET C,3,F,4,,,,Active,2026-05-09 12:25:38
8991T36,"BARBED INLINE FILTER 5/16"" TUBE ID 1-1/2"" 20 MICRON",,MISCELLANEOUS,MECHANICAL,EA,2.0,0.01,1.0,McMASTER CARR,CABINET C,3,F,4,,,,Active,2026-05-09 12:25:38
8F-B8LJ2-SSP,BALL VALVE 2-WAY,,MISCELLANEOUS,ELECTRICAL CABINET,EA,1.0,0.01,1.0,PARKER,CABINET I,1,1,4,,,,Active,2026-05-09 12:25:38
90012E,BEACON LIGHT (TOGGLE),,MISCELLANEOUS,ELECTRICAL,EA,17.0,0.01,1.0,NLIGHT,3RD FLR. MRO,3,3,,,,,Active,2026-05-09 12:25:38
90044A152,SOCKET HEAD SCREW 3/8-16 X 4 1/2 ',,MISCELLANEOUS,MECHANICAL,EA,1.0,0.01,1.0,McMASTER CARR,CABINET C,3,A,3,,,,Active,2026-05-09 12:25:38
90165A321,SWIVEL TIP SCREW,,MISCELLANEOUS,MECHANICAL,EA,9.0,0.01,1.0,McMASTER CARR,CABINET C,3,B,6,,,,Active,2026-05-09 12:25:38
90165A414,"Lg-DIA SWIVEL TIP THUMB SCREW 1/4""X20X2",,MISCELLANEOUS,MECHANICAL,EA,6.0,0.01,1.0,McMASTER CARR,CABINET C,1,I,5,,,,Active,2026-05-09 12:25:38
90165A602,SCREW - PLASTIC SWIVEL TIP 1/4,,MISCELLANEOUS,MECHANICAL,EA,12.0,0.01,1.0,McMASTER CARR,CABINET C,3,D,2,,,,Active,2026-05-09 12:25:38
90170A115,"LINCH PIN W/ CHAIN & COTTER PIN 1-3/4""L RED & GREEN)",,MISCELLANEOUS,MECHANICAL,EA,16.0,0.01,1.0,McMASTER CARR,CABINET C,3,M,5,,,,Active,2026-05-09 12:25:38
90170A118,"LINCH PIN W/SS CHAIN & KEY CHAIN 1/4"" DIAM",,MISCELLANEOUS,MECHANICAL,EA,1.0,9.0,0.0,McMASTER CARR,CABINET C,3,N,1,,,,Active,2026-05-09 12:25:38
90210A112,"ULTRA - FLEX SWIVEL TIP THUMB 1/4 - 20 X 2""",,MISCELLANEOUS,MECHANICAL,EA,6.0,0.01,1.0,McMASTER CARR,CABINET C,3,D,4,,,,Active,2026-05-09 12:25:38
90264A485,COUPLING NUT 1/2 -13X11 16X3/4,ALA08MC,MISCELLANEOUS,Mechanical,EA,19.0,0.01,1.0,McMASTER CARR,CABINET C,1,L,2,,,,Active,2026-05-09 12:25:38
90282A205,Lg DIA SWIVEL TIP THUMB SCREW 1/3 X 20  2IN,,MISCELLANEOUS,Mechanical,EA,1.0,0.01,1.0,McMASTER CARR,CABINET C,1,C,5,,,,Active,2026-05-09 12:25:38
90282A249,"KNOB W/THREAD STUD SWIVEL TIP 1/2""-13X3",,MISCELLANEOUS,MECHANICAL,EA,6.0,0.01,1.0,McMASTER CARR,CABINET C,1,L,1,,,,Active,2026-05-09 12:25:38
90288A274,TAMPER RESITANT SS SCREW,,MISCELLANEOUS,MECHANICAL,EA,48.0,0.01,1.0,McMASTER CART,CABINET C,3,E,5,,,,Active,2026-05-09 12:25:38
90293A106,T-HANDLE LOCKING PIN 3/16 X 2IN,,MISCELLANEOUS,Mechanical,EA,7.0,0.01,1.0,McMASTER CARR,CABINET C,1,A,1,,,,Active,2026-05-09 12:25:38
90293A107,T-HANDLE LOCKING PIN 3/16 X2 1/4IN,,MISCELLANEOUS,Mechanical,EA,3.0,0.01,1.0,McMASTER CARR,CABINET C,1,A,6,,,,Active,2026-05-09 12:25:38
90293A113,T-HANDLER PIN,,MISCELLANEOUS,MECHANICAL,EA,9.0,0.01,1.0,McMASTER CARR,CABINET C,3,K,1,,,,Active,2026-05-09 12:25:38
90293A114,T-HANDLE LOCKING PN 1/4 X2IN,,MISCELLANEOUS,Mechanical,EA,5.0,26.32,1.0,McMASTER CARR,CABINET C,1,A,4,,,,Active,2026-05-09 12:25:38
90293A118,"T-HANDLE LOCKING QUICK RELEASE 3-1/2""",,MISCELLANEOUS,MECHANICAL,EA,8.0,0.01,1.0,McMASTER CARR,CABINET C,1,J,5,,,,Active,2026-05-09 12:25:38
90293A120,T-HANDLE LOCKING QUICK RELEASE,,MISCELLANEOUS,Mechanical,EA,9.0,0.01,5.0,,CABINET C,1,B,2,,,,Active,2026-05-09 12:25:38
90293A215,T-HANDLE 5/16 X 4IN,,MISCELLANEOUS,Mechanical,EA,0.0,0.01,1.0,MCMASTER,CABINET C,1,B,5,,,,Active,2026-05-09 12:25:38
90293A260,"T-HANDLE QUICK REL. 5/16"" DIA 1 - 3/4""",,MISCELLANEOUS,MISCELLANEOUS,EA,4.0,35.0,1.0,McMASTER CARR,CABINET C,1,L,6,,,,Active,2026-05-09 12:25:38
90293A315,T-HANDLE LOCKING PIN 3/8 X 3IN,,MISCELLANEOUS,MECHANICAL,EA,6.0,37.26,1.0,McMASTER CARR,CABINET C,1,A,2,,,,Active,2026-05-09 12:25:38
90293A513,"T-HANDLE LOCKING PIN 5/8 X 3""",,MISCELLANEOUS,MECHANICAL,EA,5.0,59.77,1.0,McMASTER CARR,CABINET C,1,O,2,,,,Active,2026-05-09 12:25:38
90302A112,"L-HANDLE QUICK RELEASE PIN 1/4' X 1""",801418C4L1.0SJ336830,MISCELLANEOUS,MECHANICAL,EA,4.0,0.01,1.0,McMASTER CARR,CABINET C,3,M,4,,,,Active,2026-05-09 12:25:38
90302A114,L-HANDLE QK REL LOCKING PIN 1/4X2IN,,MISCELLANEOUS,Mechanical,EA,7.0,0.01,5.0,McMASTER CARR,CABINET C,1,A,5,,,,Active,2026-05-09 12:25:38
90850A100,L9 TENSION FLAT WASHERS ZINC & YELLOW 1/4,448002-50-PN,MISCELLANEOUS,MECHANICAL,EA,49.0,0.01,1.0,McMASTER CARR,CABINET C,1,O,4,,,,Active,2026-05-09 12:25:38
90850A150,L9 TENSION FLAT WASHERS ZINC & YELLOW 6/16,448004-50-PN,MISCELLANEOUS,MECHANICAL,EA,46.0,0.01,1.0,McMASTER CARR,CABINET C,1,O,5,,,,Active,2026-05-09 12:25:38
90977A140,COUPLING NUT MED. STRENGTH,,MISCELLANEOUS,Mechanical,EA,9.0,0.01,1.0,McMASTER CARR,CABINET C,1,G,2,,,,Active,2026-05-09 12:25:38
90985A103,"PUSH BUTTON PIN 3/16"" X 1/4""",,MISCELLANEOUS,MECHANICAL,EA,7.0,0.01,1.0,McMASTER CARR,CABINET C,1,P,3,,,,Active,2026-05-09 12:25:38
90985A129,"Knob-Grip Locking Quick-Release Pin W/Ring, 17-4 PH SS, 1/4"" Dia, 1-3/4""",,MISCELLANEOUS,MISCELLANEOUS,EA,1.0,25.37,0.0,McMASTER CARR,CABINET C,1,K,1,,,,Active,2026-05-09 12:25:38
90985A324,"Knob-Grip Locking Quick-Release Pin with Ring, 17-4 PH Stainless Steel, 3/8"" Diameter, 1-3/4"" Usable Long",,MISCELLANEOUS,MECHANICAL,EA,23.0,38.98,1.0,McMASTER CARR,CABINET C,1,K,6,,,,Active,2026-05-09 12:25:38
90985A416,"Knob-Grip Locking Quick-Release Pin with Ring, 17-4 PH Stainless Steel, 1/2"" Diameter, 4"" Usable Long",,MISCELLANEOUS,MECHANICAL,EA,5.0,70.42,1.0,McMASTER CARR,3RD FLR. MRO,2,4,,,,,Active,2026-05-09 12:25:38
90985A427,KNOB GRIP LOCKING PIN 1/2 X 1/4 IN,,MISCELLANEOUS,Mechanical,EA,2.0,0.01,1.0,McMASTER CARR,CABINET C,1,A,3,,,,Active,2026-05-09 12:25:38
90985A432,"Knob-Grip Locking Quick-Release Pin with Ring, 17-4 PH Stainless Steel, 1/2"" Diameter, 3-3/4"" Usable Long",MFR09094,MISCELLANEOUS,MECHANICAL,EA,68.0,93.81,1.0,McMASTER CARR,3RD FLR. MRO,2,4,,,,,Active,2026-05-09 12:25:38
90985A757,MLG-ROBOT IN,850657-MLC,MISCELLANEOUS,MECHANICAL,EA,3.0,0.01,1.0,McMASTER CARR,CABINET C,1,K,4,,,,Active,2026-05-09 12:25:38
90995A150,SAFTEY PIN /WIRE SNAP COTTER,,MISCELLANEOUS,MECHANICAL,EA,14.0,0.01,1.0,McMASTER CARR,CABINET C,1,K,3,,,,Active,2026-05-09 12:25:38
91090A105,WASHER-ZINC PLATED,,MISCELLANEOUS,Mechanical,EA,40.0,0.01,1.0,McMASTER CARR,CABINET C,1,D,4,,,,Active,2026-05-09 12:25:38
91251A153,"Low-Profile Nylon Thumb Screw, 8-32 Thread Size, 3/8"" Long",,MISCELLANEOUS,MECHANICAL,PK,1.0,4.75,0.0,MCMASTER CARR,CABINET C,1,I,7,,,,Active,2026-05-09 12:25:38
91258A710,"ALLOY STEEL SHOULDER SCREW 1/2DI, 3/4 L, 3/8""-16",,MISCELLANEOUS,MECHANICAL,EA,6.0,0.01,1.0,McMASTER CARR,CABINET C,3,A,5,,,,Active,2026-05-09 12:25:38
91259A102,"Alloy Steel Shoulder Screw, 1/4"" Shoulder Dia, 1-3/4"" Shoulder Length, 10-24 Thread",,MISCELLANEOUS,MECHANICAL,EA,9.0,2.55,0.0,McMASTER CARR,CABINET C,2,F,4,,,,Active,2026-05-09 12:25:38
91259A712,"SHOULDER BOLT  1/2""X1, 3'8' 16 THREAD",,MISCELLANEOUS,MECHANICAL,EA,19.0,0.01,1.0,McMASTER CARR,CABINET C,3,G,3,,,,Active,2026-05-09 12:25:38
91259A716,"SHOULDER BOLT 1/2"" D 1.5""L; 3/8""-16 THREAD",,MISCELLANEOUS,MECHANICAL,EA,46.0,0.01,1.0,McMASTER CARR,CABINET C,2,C,7,,,,Active,2026-05-09 12:25:38
91259A720,SHOULDER BOLT,,MISCELLANEOUS,MECHANICAL,EA,19.0,0.01,1.0,McMASTER CARR,CABINET C,2,C,8,,,,Active,2026-05-09 12:25:38
91259A727,"SHOULDER BOLT  1/2"" X 3 3/4",,MISCELLANEOUS,MECHANICAL,EA,4.0,0.01,1.0,McMASTER CARR,CABINET C,2,C,8,,,,Active,2026-05-09 12:25:38
91310A143,"High-Strength Class 10.9 Steel Hex Head Screw, M12 x 1.75 mm Thread Size, 70 mm Long, Fully Threaded",,MISCELLANEOUS,MISCELLANEOUS,PK,3.0,17.76,0.0,McMASTER CARR,BLUE BOLT BIN,,,,,,,Active,2026-05-09 12:25:38
91465K12,"Brass Push-on Hose Fitting for Air and Water, Straight, 1/4"" Hose ID, 3/8 NPTF Male End",,MISCELLANEOUS,MECHANICAL,EA,0.0,11.77,0.0,MCMASTER CARR,CABINET C,,,,,,,Active,2026-05-09 12:25:38
91465K92,"Brass Push-on Hose Fitting for Air and Water, Straight, 3/8"" Hose ID, 1/4 NPTF Male End",,MISCELLANEOUS,MECHANICAL,EA,0.0,11.77,0.0,MCMASTER CARR,CABINET C,,,,,,,Active,2026-05-09 12:25:38
91465K93,"Brass Push-on Hose Fitting for Air and Water, Straight, 3/8"" Hose ID, 3/8 NPTF Male End",,MISCELLANEOUS,MECHANICAL,EA,0.0,14.88,0.0,MCMASTER CARR,CABINET C,,,,,,,Active,2026-05-09 12:25:38
91636,"T-NOSE BRONZE NUT 1 1/2""",,MISCELLANEOUS,MECHANICAL,EA,1.0,0.01,1.0,,CABINET C,2,D,4,,,,Active,2026-05-09 12:25:38
91731A052,LOCKING KEY INSERT,,MISCELLANEOUS,MECHANICAL,EA,8.0,0.01,1.0,MCMASTER CARR,CABINET C,1,J,2,,,,Active,2026-05-09 12:25:38
91796,"T-NOSE BRONZE NUT 1 1/4""",,MISCELLANEOUS,MECHANICAL,EA,1.0,0.01,1.0,,CABINET C,2,D,4,,,,Active,2026-05-09 12:25:38
9209K116,CLOSE CONTACT,,MISCELLANEOUS,ELECTRICAL CABINET,EA,10.0,0.01,1.0,McMASTER CARR,CABINET I,3,5,1,,,,Active,2026-05-09 12:25:38
9254-07-00,"43"" TRAVEL/AMCE SCREW ASSEMBLY",,MISCELLANEOUS,MISCELLANEOUS,EA,1.0,0.01,1.0,NOOK INDUSTRIES,3RD FLR. MRO,3,2,,,,,Active,2026-05-09 12:25:38
92605A042,SS FLAT - TIP SET SCREW,,MISCELLANEOUS,MISCELLANEOUS,PK,1.0,13.29,0.0,McMASTER CARR,CABINET I,2,4,1,,,,Active,2026-05-09 12:25:38
92620A535,SCREW-HEX HEAD 1/4 X 3/8IN,,MISCELLANEOUS,Mechanical,EA,200.0,0.01,1.0,McMASTER CARR,CABINET C,1,D,5,,,,Active,2026-05-09 12:25:38
92865A537,"SCREW-HEX HEAD 1/4' X 1/2""",,MISCELLANEOUS,MECHANICAL,EA,0.0,0.01,0.0,McMASTER CARR,CABINET C,3,M,6,,,,Active,2026-05-09 12:25:38
93063923,T-Handle Ball Lock Pins,,MISCELLANEOUS,Mechanical,EA,5.0,0.01,1.0,McMASTER CARR,CABINET C,1,G,6,,,,Active,2026-05-09 12:25:38
93750A407,T-HANDLE QK REL  W/LANYARD,,MISCELLANEOUS,MECHANICAL,EA,4.0,0.01,1.0,McMASTER CARR,CABINET C,2,B,6,,,,Active,2026-05-09 12:25:38
93750A412,"T-HANDLE QK REL. PIN W/LANDYARD 516 X2 1/4""",,MISCELLANEOUS,MECHANICAL,EA,12.0,0.01,1.0,McMASTER CARR,CABINET C,2,B,6,,,,Active,2026-05-09 12:25:38
93750A8056,T-HANDLE PUSH BUTTON PIN 5/8 X 3,,MISCELLANEOUS,MECHANICAL,EA,2.0,0.01,1.0,McMASTER CARR,CABINET C,1,K,2,,,,Active,2026-05-09 12:25:38
93750A939,"T-HANDLE QK RELEASE 7/16"" X 3""",801073-MLC,MISCELLANEOUS,MECHANICAL,EA,6.0,0.01,1.0,McMASTER CARR,CABINET C,1,P,1,,,,Active,2026-05-09 12:25:38
9377K445,"THREADED BUMPER 1/4-20 THREAD 3/4""OD",,MISCELLANEOUS,Mechanical,EA,8.0,0.01,1.0,McMASTER CARR,CABINET C,1,F,1,,,,Active,2026-05-09 12:25:38
93945a039,"Square-Drive Flat Head Screws for Sheet Metal, 18-8 Stainless Steel, Number 10 Size, 1-1/2"" Long",,MISCELLANEOUS,MISCELLANEOUS,PK,6.0,10.44,0.0,McMASTER CARR,CABINET C,2,D,4,,,,Active,2026-05-09 12:25:38
94100-0125,CLAMP - T BOLT,,MISCELLANEOUS,MECHANICAL,EA,12.0,0.01,1.0,,CABINET C,2,B,4,,,,Active,2026-05-09 12:25:38
941383Q,FILTRATION,,MISCELLANEOUS,MECHANICAL,EA,1.0,0.01,1.0,PARKER,CABINET C,3,I,3,,,,Active,2026-05-09 12:25:38
941386Q,FILTRATION,,MISCELLANEOUS,MECHANICAL,EA,1.0,0.01,1.0,PARKER,CABINET C,2,I,,,,,Active,2026-05-09 12:25:38
941387Q,FILTRATION,,MISCELLANEOUS,MECHANICAL,EA,5.0,0.01,1.0,PARKER,CABINET C,2,I,3,,,,Active,2026-05-09 12:25:38
941403Q,AIR FILTER,,MISCELLANEOUS,MISCELLANEOUS,EA,1.0,465.0,1.0,PARKER - EXOTIC,3RD FLR. MRO,1,2,,,,,Active,2026-05-09 12:25:38
941404Q,PARKER FILTER 2 MICRON HIGH COLLAPSE,,MISCELLANEOUS,PNEUMATIC,EA,1.0,649.7,0.0,PENSACOLA RUBBER & GASTET,CABINET I,,,,,,,Active,2026-05-09 12:25:38
9414T8,"SET SCREW SHAFT COLLAR 3/8"" DIA",,MISCELLANEOUS,MECHANICAL,EA,4.0,0.01,1.0,McMASTER CARR,CABINET C,3,B,3,,,,Active,2026-05-09 12:25:38
94165A251,"Easy-to-Install Thread-Locking Insert, 18-8 Stainless Steel with Thin Wall, 3/8""-16",,MISCELLANEOUS,MISCELLANEOUS,PK,1.0,5.0,0.0,McMASTER CARR,CABINET I,2,D,8,,,,Active,2026-05-09 12:25:38
94235320PT,BOLT,,MISCELLANEOUS,MECHANICAL,EA,10.0,0.01,1.0,AU FRILL SHOP,CABINET C,1,F,3,,,,Active,2026-05-09 12:25:38
94323A731,"Nylon Raised-Head Thumb Screws, 10-32 Thread Size, 3/4"" Long",,MISCELLANEOUS,MISCELLANEOUS,PK,1.0,22.74,0.0,McMASTER CARR,CABINET C,2,B,4,,,,Active,2026-05-09 12:25:38
9433K113,302 SS EXT SPRING,MCM-37091GS,MISCELLANEOUS,MECHANICAL,EA,14.0,0.01,1.0,McMASTER CARR,CABINET C,1,K,5,,,,Active,2026-05-09 12:25:38
94361A515,16MM SHOULDER BOLT,,MISCELLANEOUS,MECHANICAL,EA,1.0,0.01,1.0,McMASTER CARR,CABINET C,1,P,5,,,,Active,2026-05-09 12:25:38
94361A572,1'IN SHOULDER BOLT,,MISCELLANEOUS,MECHANICAL,EA,2.0,0.01,1.0,McMASTER CARR,CABINET C,1,P,5,,,,Active,2026-05-09 12:25:38
94459A704,"Heat-Set Inserts for Plastic, Brass, 3/8""-16 Thread Size, 1/2"" Installed Length",,MISCELLANEOUS,MECHANICAL,PK,1.0,19.45,0.0,McMASTER CARR,CABINET C,2,D,8,,,,Active,2026-05-09 12:25:38
94459A721,"Heat-Set Inserts for Plastic, 18-8 Stainless Steel, Flanged, 3/8""-16 Thread Size, 1/2"" Installed Length",,MISCELLANEOUS,ELECTRICAL,PK,1.0,18.91,0.0,McMASTER CARR,CABINET C,2,D,8,,,,Active,2026-05-09 12:25:38
9454521560,RJ 45 PORTS,HAR-PORT RJ45,MISCELLANEOUS,ELECTRICAL CABINET,EA,4.0,0.01,1.0,HARTING,CABINET I,1,12,1,,,,Active,2026-05-09 12:25:38
94627A130,"Low-Strength Steel Nylon-Insert Locknuts, Thin-Profile, Black-Zinc-Plated, 10-24 Thread Size",,MISCELLANEOUS,MISCELLANEOUS,PK,1.0,4.39,0.0,McMASTER CARR,CABINET C,2,F,4,,,,Active,2026-05-09 12:25:38
9470K42,"Oil-Resistant Aramid/Buna-N Gasket Material, 30"" x 30"" Sheet, 1/64"" Thick",,MISCELLANEOUS,MISCELLANEOUS,PCS,30.0,42.47,0.0,McMASTER CARR,3RD FLR. MRO,3,2,,,,,Active,2026-05-09 12:25:38
94748A321,KNOB-GRIP PUSH PIN,,MISCELLANEOUS,MECHANICAL,EA,1.0,0.01,1.0,McMASTER CARR,CABINET C,1,I,6,,,,Active,2026-05-09 12:25:38
94748A977,QUICK RELEASE PIN 12MMDI 80 MM,,MISCELLANEOUS,MECHANICAL,EA,4.0,0.01,1.0,McMASTER CARR,CABINET C,1,O,1,,,,Active,2026-05-09 12:25:38
9474K45,RECTANGLE BLACK CAP,,MISCELLANEOUS,MECHANICAL,EA,17.0,0.01,1.0,,CABINET C,1,M,2,,,,Active,2026-05-09 12:25:38
94758A655,SS FLANGE NUT,801020C4T1.50S-PUSH-J289506,MISCELLANEOUS,MECHANICAL,EA,7.0,0.01,1.0,McMASTER CARR,CABINET C,3,K,2,,,,Active,2026-05-09 12:25:38
94955A020,"Low-Profile Nylon Thumb Screw, 8-32 Thread Size, 3/8"" Long",,MISCELLANEOUS,MECHANICAL,EA,8.0,4.75,0.0,MCMASTER CARR,CABINET 1,1,I,7,,,,Active,2026-05-09 12:25:38
95165A038,"KLP, DETENT PIN 1/4 X 2IN SS",,MISCELLANEOUS,MECHANICAL,EA,8.0,0.01,1.0,JERGENS,CABINET C,1,B,6,,,,Active,2026-05-09 12:25:38
9540K27,RECESS BUMPER,,MISCELLANEOUS,Mechanical,EA,27.0,0.01,5.0,,CABINET C,1,B,3,,,,Active,2026-05-09 12:25:38
9540K742,"RUBBER BUMPER 1"" OD 1/2 HIGH 1/4 MOUNT",,MISCELLANEOUS,MECHANICAL,EA,84.0,0.01,1.0,McMASTER CARR,CABINET C,2,F,1,,,,Active,2026-05-09 12:25:38
9557K152,O-RING,,MISCELLANEOUS,MECHANICAL,EA,50.0,0.01,10.0,McMASTER CARR,CABINET C,2,A,3,,,,Active,2026-05-09 12:25:38
9565K55,SQUARE BLACK CAP,,MISCELLANEOUS,MECHANICAL,EA,7.0,0.01,1.0,,CABINET C,1,N,1,,,,Active,2026-05-09 12:25:38
96007407,LATCHWAY WING GRIP VACUUM ANCHOR,15015-00,VACUUM,PNEUMATIC,EA,2.0,12700.0,1.0,MSA,3RD FLR. MRO,2,3,,,,,Active,2026-05-09 12:25:38
96065K44,ROUND RED HANDLE GRIP,,MISCELLANEOUS,MECHANICAL,EA,13.0,0.01,1.0,McMASTER CARR,CABINET C,2,A,1,,,,Active,2026-05-09 12:25:38
9657K275,SPRING,,MISCELLANEOUS,MECHANICAL,EA,8.0,0.01,1.0,McMASTER CARR,CABINET C,1,C,7,,,,Active,2026-05-09 12:25:38
9664K99,"SPRING STOCK, PLAIN STEEL, 0.062 WIRE DIA 1.080. OD 20""",,MISCELLANEOUS,MECHANICAL,EA,4.0,15.56,1.0,McMASTER CARR,CABINET C,C,I,1,,,,Active,2026-05-09 12:25:38
9665K66,"EXTENSION SPRING 20""LONG 0.75OD 0.047 D",,MISCELLANEOUS,MECHANICAL,EA,1.0,34.09,1.0,McMASTER CARR,CABINET C,2,I,1,,,,Active,2026-05-09 12:25:38
97065K44,ROUND RED HANDLE GRIP,,MISCELLANEOUS,MECHANICAL,EA,13.0,0.01,1.0,McMASTER CARR,CABINET C,2,A,1,,,,Active,2026-05-09 12:25:38
9709K29,"COPPER SHEET (6""WIDE)",,MISCELLANEOUS,MECHANICAL,FT,3.0,0.01,1.0,McMASTER CARR,CABINET C,2,I,2,,,,Active,2026-05-09 12:25:38
97143A651,WIRE-LOCK CLEVIS PIN,,MISCELLANEOUS,MECHANICAL,EA,2.0,0.01,1.0,McMASTET CARR,CABINET C,3,N,2,,,,Active,2026-05-09 12:25:38
97175A311,DOWEL PIN,,MISCELLANEOUS,MECHANICAL,EA,16.0,0.01,1.0,McMASTER CARR,CABINET C,1,I,1,,,,Active,2026-05-09 12:25:38
97175A321,DOWEL PINS,,MISCELLANEOUS,Mechanical,EA,16.0,0.01,1.0,McMASTER CARR,CABINET C,1,C,6,,,,Active,2026-05-09 12:25:38
97260A102,LOCK NUT CL-10 8 X 1.25MM THREAD,,MISCELLANEOUS,MECHANICAL,EA,65.0,0.01,1.0,McMASTER CARR,CABINET C,1,A,7,,,,Active,2026-05-09 12:25:38
97260A108,LOCK NUT THREAD,,MISCELLANEOUS,MECHANICAL,EA,30.0,0.01,1.0,McMASTER CARR,CABINET C,2,B,11,,,,Active,2026-05-09 12:25:38
9740,SMOOTH FOAM  AEROFLEZ 1 5.8 X 6FT,,MISCELLANEOUS,MISCELLANEOUS,PCS,40.0,0.01,1.0,,3RD FLR. MRO,5,1,,,,,Active,2026-05-09 12:25:38
97633A150,RETAINING RING,,MISCELLANEOUS,MECHANICAL,EA,1000.0,0.01,1.0,McMASTER CARR,CABINET C,3,G,1,,,,Active,2026-05-09 12:25:38
9764K68,BUMPER-HEAVY DUTY 3-1/4 OD,A-813,MISCELLANEOUS,MECHANICAL,EA,8.0,0.01,1.0,McMASTER CARR,CABINET C,2,E,6,,,,Active,2026-05-09 12:25:38
9767053,"GUAGE 2 1/2"" 60psi 1/4' LM WILA 213.53 CALIBRATED",,MISCELLANEOUS,PNEUMATIC,EA,4.0,184.8,1.0,PENSACOLA RUBBER & GASKET,CABINET C,2,E,2,,,,Active,2026-05-09 12:25:38
97811-R,HAND WHEEL VRTP.100-A 3/8,,MISCELLANEOUS,MECHANICAL,EA,2.0,0.01,1.0,ELESA,CABINET C,2,C,4,,,,Active,2026-05-09 12:25:38
98021A317,"Precision Alignment Pin, L Style, 0.2500"" Diameter Pin, 4"" Long",,MISCELLANEOUS,MECHANICAL,EA,10.0,7.6,0.0,MCMASTER CARR,CABINET C,1,P,6,,,,Active,2026-05-09 12:25:38
98021A323,"L-PIN 3/8"" X4",,MISCELLANEOUS,MECHANICAL,EA,4.0,0.01,1.0,McMASTER CARR,CABINET C,1,P,2,,,,Active,2026-05-09 12:25:38
98021A444,"PIN T-STYLE 1/4 X 2""",,MISCELLANEOUS,MECHANICAL,EA,3.0,0.01,1.0,McMASTER CARR,CABINET C,3,L,1,,,,Active,2026-05-09 12:25:38
98416A573,WIRE-LOCK CLEVIS PIN 1/4X 2-1/2,,MISCELLANEOUS,MECHANICAL,EA,2.0,0.01,1.0,McMASTER CARR,CABINET C,1,H,6,,,,Active,2026-05-09 12:25:38
98480A689,WIRE-LOCK CLEVIS PIN 3/8' X 2IN,,MISCELLANEOUS,MECHANICAL,EA,5.0,0.01,1.0,McMASTER CARR,CABINET C,1,H,6,,,,Active,2026-05-09 12:25:38
9906012,POINT TARGET WITH MAGNETIC BASE,,MISCELLANEOUS,ELECTRICAL,EA,1.0,0.01,1.0,HEXAGON KIT,3RD FLR. MRO,3,1,,,,,Active,2026-05-09 12:25:38
9908800000,"WIED 4/20, LOOP ISOLATOR",,ELECTRICAL,ELECTRICAL,EA,2.0,358.82,0.0,SPECIALTY CONTROL SYSTEMS,CABINET I,2,5,4,,,,Active,2026-05-09 12:25:38
99121253,ALUMINUM CAP,,MISCELLANEOUS,MECHANICAL,EA,46.0,0.01,1.0,,CABINET C,3,G,6,,,,Active,2026-05-09 12:25:38
A104265,"24AWG, 1PAIR 300V RATED (UL)80C, 37mil ins",,MISCELLANEOUS,ELECTRICAL,FT,100.0,0.01,1.0,AUTOMATIONDIRECT,SHOP FLOOR RACK,J,1,C,,,,Active,2026-05-09 12:25:38
A129288-ND,CONN RCPT MALE 3POS GOLD SCREW,,ELECTRICAL,ELECTRICAL,EA,2.0,7.42,0.0,DIGIKEY,CABINET I,2,3,3,,,,Active,2026-05-09 12:25:38
A133880-ND,CONN PLUG FMALE 8POS GOLD SCREW,,ELECTRICAL,ELECTRICAL,EA,2.0,11.15,0.0,DIGIKEY,CABINET I,2,5,4,,,,Active,2026-05-09 12:25:38
A220-IMQD-PS,AIR DATA TEST KIT (MANUEL),,MISCELLANEOUS,MECHANICAL,EA,1.0,0.01,1.0,NAV-AIDS LTD,CABINET C,2,H,2,,,,Active,2026-05-09 12:25:38
A22NZ-S-G1A,PUSH BUTTON  16 X 18ZB (SEALANT MIXER PART),,MISCELLANEOUS,MECHANICAL,EA,3.0,0.01,1.0,,CABINET C,2,F,6,,,,Active,2026-05-09 12:25:38
A3A3X2-150-420-001-00N,DOOR JIG CYLINDERS,,MISCELLANEOUS,MECHANICAL,EA,4.0,0.01,1.0,,CABINET C,2,D,3,,,,Active,2026-05-09 12:25:38
A69,"ENGINE BELT (80"")",,MISCELLANEOUS,Mechanical,EA,1.0,0.01,1.0,McMASTER CARR,3RD FLR. MRO,4,2,,,,,Active,2026-05-09 12:25:38
ACCGNE015,PARKER PAPER FIR PARTICLE ANALYZOR,,MISCELLANEOUS,MECHANICAL,RL,23.0,0.01,1.0,McMASTER CARR,CABINET C,2,C,1,,,,Active,2026-05-09 12:25:38
ACS10PU,"CARGO BAR -  47"" to 75""",,MISCELLANEOUS,MECHANICAL,EA,1.0,145.13,0.0,VOOMI SUPPLY,3RD FLR. MRO,2,5,,,,,Active,2026-05-09 12:25:38
AD3899/26FD35SA-ND,PIN CONNECTOR KIT,PIN CONNECTORS,MISCELLANEOUS,ELECTRICAL CABINET,KIT,1.0,0.01,1.0,DIGIKEY,CABINET I,3,4,4,,,,Active,2026-05-09 12:25:38
AD38999,CONN PLUG FMALE 3POS GOLD CRIMP,,ELECTRICAL,ELECTRICAL,EA,0.0,259.91,0.0,DIGIKEY,CABINET I,2,4,2,,,,Active,2026-05-09 12:25:38
AEM02006,HOSE FLUID PERFORMANCE  (1/8ID) (3/16 OD) (1/32 WALL),,MISCELLANEOUS,PNEUMATIC,FT,100.0,3.5,10.0,VERSILON,3RD FLR. MRO,2,4,,,,,Active,2026-05-09 12:25:38
AEM02007,HOSE FLUID PERFORMANCE  (1/8ID) (1/4 OD) (1/16WALL),,MISCELLANEOUS,PNEUMATIC,FT,100.0,3.5,10.0,VERSILON,3RD FLR. MRO,2,4,,,,,Active,2026-05-09 12:25:38
AF55020,AIR FILTER GPA & A.C CARTS,,MISCELLANEOUS,PNEUMATIC,EA,2.0,0.01,1.0,FLEETGUARD,3RD FLR. MRO,4,3,,,,,Active,2026-05-09 12:25:38
"AI 1, 0-8 RD ST",LANDING GEAR ROBOT (PRINTED CAPS),LANDING GEAR REBOT,MISCELLANEOUS,ELECTRICAL CABINET,PK,1.0,0.01,1.0,SIEMENS,CABINET I,2,3,1,,,,Active,2026-05-09 12:25:38
AIR0084,KMR400 - C LOW LOSS COAXIAL CABLE,CABLE,WIRE,ELECTRICAL,FT,20.0,0.01,1.0,,3RD FLR. MRO,6,2,,,,,Active,2026-05-09 12:25:38
AIT 0101,STEEL ROUND DISK,,MISCELLANEOUS,MECHANICAL,EA,7.0,0.01,1.0,,CABINET C,2,E,5,,,,Active,2026-05-09 12:25:38
AIT 0189,BALL VALVE LEVER,,MISCELLANEOUS,MECHANICAL,EA,4.0,0.01,1.0,,CABINET C,1,M,1,,,,Active,2026-05-09 12:25:38
AIT0004,STENCILS - RESUABLE (BRASS),,MISCELLANEOUS,MECHANICAL,PK,1.0,0.01,1.0,,CABINET C,3,D,7,,,,Active,2026-05-09 12:25:38
AIT001,FLAP CARRIAGE HOLDER KIT BUMPER,,MISCELLANEOUS,MECHANICAL,EA,13.0,0.01,1.0,,CABINET C,3,C,3,,,,Active,2026-05-09 12:25:38
AIT00141,HEAT LAMP (BULB 250W),,MISCELLANEOUS,ELECTRICAL,EA,3.0,0.01,1.0,GE,3RD FLR. MRO,4,1,,,,,Active,2026-05-09 12:25:38
AIT002,BUTTSTRAP PIN,,MISCELLANEOUS,MECHANICAL,EA,1.0,0.01,1.0,,CABINET C,3,B,2,,,,Active,2026-05-09 12:25:38
AIT003,MLG KIT PIN,,MISCELLANEOUS,MECHANICAL,EA,2.0,0.01,1.0,,CABINET C,2,B,9,,,,Active,2026-05-09 12:25:38
AIT0034,CASTOR (LARGE-WHITE),N./A,CNC MACHINE,MISCELLANEOUS,EA,1.0,200.0,1.0,BLICKLE,3RD FLR. MRO,2,4,,,,,Active,2026-05-09 12:25:38
AIT0035,CASTOR (MED-WHITE),,MISCELLANEOUS,MISCELLANEOUS,EA,4.0,189.0,1.0,BICKLE,3RD FLR. MRO,2,4,BLICKLE,,,,Active,2026-05-09 12:25:38
AIT0037,VACUMM HOSE - WING LIFTER,,VACUUM,MISCELLANEOUS,FT,30.0,0.01,10.0,NILFISK,3RD FLR. MRO,2,5,,,,,Active,2026-05-09 12:25:38
AIT0038,10 X10 STD SEAL BEARING KIT,,MISCELLANEOUS,MISCELLANEOUS,EA,1.0,150.0,1.0,OLD FILTRATION,3RD FLR. MRO,2,3,,,,,Active,2026-05-09 12:25:38
AIT0039,MICS NOOLES (YELLOW /BLACK & BLACK),,MISCELLANEOUS,MISCELLANEOUS,EA,20.0,0.01,1.0,AMAZON,3RD FLR. MRO,3,1,,,,,Active,2026-05-09 12:25:38
AIT004,BUSHING ENGINE WEIGHT,,MISCELLANEOUS,MECHANICAL,EA,4.0,0.01,1.0,,CABINET C,2,B,7,,,,Active,2026-05-09 12:25:38
AIT0040,"CUSTOME T-FITTING 3/4: HOSE BARB 3/4"" NPT MALE",,MISCELLANEOUS,MISCELLANEOUS,EA,4.0,0.01,1.0,,3RD FLR. MRO,3,2,,,,,Active,2026-05-09 12:25:38
AIT0041,CABLE COVERS,,MISCELLANEOUS,MISCELLANEOUS,EA,4.0,0.01,1.0,AMAZON,3RD FLR. MRO,3,3,,,,,Active,2026-05-09 12:25:38
AIT0042,NILFISK SPARE PARTS,,VACUUM,Mechanical,EA,1.0,0.01,1.0,NILFISK,3RD FLR. MRO,4,1,,,,,Active,2026-05-09 12:25:38
AIT0043,"VACUMM CUP ASSEMBLY, MODIFIED",,WING LIFTER,PNEUMATIC,EA,4.0,0.01,1.0,ELECTROPACT,3RD FLR. MRO,4,3,,,,,Active,2026-05-09 12:25:38
AIT0044,CAGE LOCK HOUSING,,MISCELLANEOUS,MISCELLANEOUS,EA,4.0,0.01,1.0,S & B MASHINE,3RD FLR. MRO,4,3,,,,,Active,2026-05-09 12:25:38
AIT0045,BIG RED FUNNEL,,MISCELLANEOUS,MISCELLANEOUS,EA,1.0,0.01,1.0,,3RD FLR. MRO,4,3,,,,,Active,2026-05-09 12:25:38
AIT0046,GEAR BOX ASSEMBLY MLG ROBOT,,MLG CART,Mechanical,EA,1.0,0.01,1.0,,3RD FLR. MRO,4,3,,,,,Active,2026-05-09 12:25:38
AIT0048,YELLOW NOODLES 15IN,,MISCELLANEOUS,MISCELLANEOUS,PCS,16.0,0.01,1.0,AMAZON,3RD FLR. MRO,5,3,,,,,Active,2026-05-09 12:25:38
AIT0049,RUBBER  MAT (4FT WIDE/25FT LONG),,MISCELLANEOUS,MISCELLANEOUS,FT,25.0,0.01,1.0,,3RD FLR. MRO,5,4,,,,,Active,2026-05-09 12:25:38
AIT0052,HEAVY DUTY LOAD JACK BAR,,MISCELLANEOUS,ELECTRICAL,EA,0.0,137.0,0.0,ULINE,3RD FLR. MRO,4,3,,,,,Active,2026-05-09 12:25:38
AIT0053,NEDERMAN VACUMM ACTUATOR,,MISCELLANEOUS,PNEUMATIC,EA,7.0,0.01,1.0,,3RD FLR. MRO,5,5,,,,,Active,2026-05-09 12:25:38
AIT0054,PIVET BEARING,MLG SPARE PART,MISCELLANEOUS,Mechanical,EA,1.0,0.01,1.0,,3RD FLR. MRO,5,FLOOR,,,,,Active,2026-05-09 12:25:38
AIT0061,PRIORITY WIRE 3/C (8.37MM) 500V 600V,FOR 53300,WIRE,ELECTRICAL,FT,100.0,0.01,10.0,,3RD FLR. MRO,6,1,,,,,Active,2026-05-09 12:25:38
AIT0062,SIEMENS MOTION-CONNECT 800PLUS,"4G1,5=1P1, 5C-C",WIRE,ELECTRICAL,FT,150.0,0.01,10.0,SIEMENS,3RD FLR. MRO,6,1,,,,,Active,2026-05-09 12:25:38
AIT0063,CONTROL WIRE,ORANGE WIRE W/SM WHITE CONN,WIRE,ELECTRICAL,FT,60.0,0.01,1.0,,3RD FLR. MRO,6,1,,,,,Active,2026-05-09 12:25:38
AIT0064,SOUTHERN AMERICAN MUSTANGE CORD,YELLOW - 3/C 16 AWG 600V 40C-105C,WIRE,ELECTRICAL,FT,100.0,0.01,0.0,,3RD FLR. MRO,6,1,,,,,Active,2026-05-09 12:25:38
AIT0065,TOUGH COVER 471TC-4 WP 40.0 (5800 PSI),MSHA IC-275/5,WIRE,ELECTRICAL,FT,50.0,0.01,10.0,PARKER,3RD FLR. MRO,6,2,,,,,Active,2026-05-09 12:25:38
AIT0066,ENERPAC WP 700 BAR/10.000 (PSI 800),610 4017 012PK,WIRE,ELECTRICAL,FT,5.0,0.01,1.0,,3RD FLR. MRO,6,2,,,,,Active,2026-05-09 12:25:38
AIT0067,HIGH PRESURE HOSE (BLK),,HOSE,MISCELLANEOUS,FT,5.0,0.01,1.0,,3RD FLR. MRO,6,2,,,,,Active,2026-05-09 12:25:38
AIT0068,5 CONDUCTOR 12 AWG,CONDUCTOR WIRE,MISCELLANEOUS,ELECTRICAL,FT,30.0,0.01,1.0,,3RD FLR. MRO,WOODEN BOX,,,,,,Active,2026-05-09 12:25:38
AIT0069,4 CONDUCTOR 12 AWG,CONDUCTOR WIRE,MISCELLANEOUS,ELECTRICAL,FT,30.0,0.01,1.0,,3RD FLR. MRO,WOODEN BOX,,,,,,Active,2026-05-09 12:25:38
AIT0070,5 CONDUCTOR AWG 1/0,CONDUCTOR WIRE,MISCELLANEOUS,ELECTRICAL,FT,20.0,0.01,1.0,,3RD FLR. MRO,WOODEN BOX,,,,,,Active,2026-05-09 12:25:38
AIT0071,6 CONDUCTOR 2 AWG/8AWG,CONDUCTOR WIRE,MISCELLANEOUS,ELECTRICAL,FT,100.0,0.01,10.0,,3RD FLR. MRO,WOODEN BOX,,,,,,Active,2026-05-09 12:25:38
AIT0072,5 CONDUCTOR 4AWG/5AWG,CONDUCTOR WIRE,MISCELLANEOUS,ELECTRICAL,FT,22.0,0.01,1.0,,3RD FLR. MRO,WOODEN BOX,,,,,,Active,2026-05-09 12:25:38
AIT0073,4 CONDUCTOR 6AWG,CONDUCTOR WIRE,MISCELLANEOUS,ELECTRICAL,FT,30.0,0.01,1.0,,3RD FLR. MRO,WOODEN BOX,,,,,,Active,2026-05-09 12:25:38
AIT0074,GOTTLAB-DAIMTER STR .7/63128,CONDUCTOR WIRE,MISCELLANEOUS,ELECTRICAL,EA,2.0,0.01,1.0,,3RD FLR. MRO,WOODEN BOX,,,,,,Active,2026-05-09 12:25:38
AIT0077,MENNEKE ELECTRICAL PLUG,ME 520C7W,MISCELLANEOUS,ELECTRICAL,EA,2.0,0.01,1.0,MENNEKES,3RD FLR. MRO,5,2,,,,,Active,2026-05-09 12:25:38
AIT0078,SCAME IP67 PLUG,SCM420P7W,MISCELLANEOUS,ELECTRICAL,EA,1.0,0.01,1.0,SCAME,3RD FLR. MRO,5,2,,,,,Active,2026-05-09 12:25:38
AIT0079,MENNEKE ELECTRICAL PLUG,ME 420P7W,MISCELLANEOUS,ELECTRICAL,EA,1.0,0.01,1.0,MENNEKES,3RD FLR. MRO,5,2,,,,,Active,2026-05-09 12:25:38
AIT0080,MENNEKE ELECTRICAL PLUG,,MISCELLANEOUS,ELECTRICAL,EA,1.0,0.01,1.0,MENNEKES,3RD FLR. MRO,5,2,,,,,Active,2026-05-09 12:25:38
AIT0081,MENNEKE ELECTRICAL PLUG,ME 560R7W,MISCELLANEOUS,ELECTRICAL,EA,1.0,0.01,1.0,MENNEKES,3RD FLR. MRO,5,2,,,,,Active,2026-05-09 12:25:38
AIT0082,HYDRAULIC HOSE 304-4 WP 34.5 (5000 PSI),"6,3MM (1/4) X2W",HOSE,HYDRAULIC,FT,50.0,0.01,1.0,PARKER,3RD FLR. MRO,6,2,,,,,Active,2026-05-09 12:25:38
AIT0083,SKYDROL CONNECTALL PHOSPHATE HOSE 5000PSI,SKYDROL OPER 1Q16,HOSE,HYDRAULIC,FT,50.0,0.01,1.0,CONNECTALL,3RD FLR. MRO,6,2,,,,,Active,2026-05-09 12:25:38
AIT0085,HUBBELL PLUG W/CABLE,PLUG 480V 60A,WIRE,ELECTRICAL,EA,1.0,0.01,1.0,HUBBELL,3RD FLR. MRO,6,2,,,,,Active,2026-05-09 12:25:38
AIT0086,MENNEKES PLUG W/CABLE,PLUG 480V 20A,MISCELLANEOUS,ELECTRICAL,EA,1.0,0.01,1.0,MENNEKES,3RD FLR. MRO,6,2,,,,,Active,2026-05-09 12:25:38
AIT0090,RAT HPU HYDRAULIC FITTING,,MISCELLANEOUS,HYDRAULIC,EA,1.0,0.01,1.0,,3RD FLR. MRO,2,2,,,,,Active,2026-05-09 12:25:38
AIT0091,1/4 IN STEEL REEL WITH INTEGRATED HOSE MIKEL'S,,MISCELLANEOUS,MISCELLANEOUS,EA,4.0,0.01,1.0,MIKELS,3RD FLR. MRO,1,4,,,,,Active,2026-05-09 12:25:38
AIT0092,PELICAN CASE (BLACK),,,MISCELLANEOUS,EA,1.0,0.01,1.0,,3RD FLR. MRO,1,1,,,,,Active,2026-05-09 12:25:38
AIT0093,RUUBER (STRIP MULTI PCS) SHIM MATERIAL,,MISCELLANEOUS,MISCELLANEOUS,EA,12.0,0.01,1.0,,3RD FLR. MRO,6,1,,,,,Active,2026-05-09 12:25:38
AIT0095,NILL KIT PARTS,,VACUUM,MISCELLANEOUS,EA,1.0,0.01,1.0,NILFISK,3RD FLR. MRO,1,4,,,,,Active,2026-05-09 12:25:38
AIT0096,1/16 BLACK MATS,,MISCELLANEOUS,MISCELLANEOUS,FT,4.0,0.01,1.0,,3RD FLR. MRO,1,2,,,,,Active,2026-05-09 12:25:38
AIT0097,KARTON (KIT),,MISCELLANEOUS,PNEUMATIC,EA,1.0,0.01,1.0,KARTON (KIT),3RD FLR. MRO,1,3,,,,,Active,2026-05-09 12:25:38
AIT0100,WING FLAP GEAR,1165043,MISCELLANEOUS,MECHANICAL,EA,1.0,0.01,1.0,JOYCEDAYTON,CABINET C,2,E,,,,,Active,2026-05-09 12:25:38
AIT0101,WING ADAPTER ASSY KIT,,MISCELLANEOUS,MECHANICAL,EA,8.0,0.01,1.0,McMASTER CARR,CABINET C,1,E,6,,,,Active,2026-05-09 12:25:38
AIT0102,KNOB - BLACK ROUND,,MISCELLANEOUS,MECHANICAL,EA,2.0,0.01,1.0,,CABINET C,1,F,2,,,,Active,2026-05-09 12:25:38
AIT01025,FLOW CONTROL VALVE FDBA-LAN,,MISCELLANEOUS,MECHANICAL,EA,4.0,0.01,1.0,,CABINET C,3,M,3,,,,Active,2026-05-09 12:25:38
AIT0103,HAND PUMP ASSY SET,,MISCELLANEOUS,MECHANICAL,EA,1.0,0.01,1.0,,CABINET C,2,A,6,,,,Active,2026-05-09 12:25:38
AIT0112,"COATED GALV EYE-URT 3/16-1/4X 8""",,MISCELLANEOUS,MECHANICAL,EA,2.0,0.01,1.0,,CABINET C,2,G,2,,,,Active,2026-05-09 12:25:38
AIT0113,TRACK FOOT,,MISCELLANEOUS,MECHANICAL,EA,7.0,0.01,1.0,,CABINET C,1,E,7,,,,Active,2026-05-09 12:25:38
AIT0115,M3XM12 A255 SCREW (SEALANT MIXER PART),,MISCELLANEOUS,MECHANICAL,EA,27.0,0.01,1.0,OK INTERNATIONAL,CABINET C,2,F,5,,,,Active,2026-05-09 12:25:38
AIT0118,WHEEL BRACKET (NOISE JACK),,MISCELLANEOUS,MECHANICAL,EA,1.0,0.01,1.0,,CABINET C,2,G,4,,,,Active,2026-05-09 12:25:38
AIT0119,WHEEL ADAPTER (NOISE JACK),,MISCELLANEOUS,MECHANICAL,EA,1.0,0.01,1.0,,CABINET C,2,G,4,,,,Active,2026-05-09 12:25:38
AIT0120,CORNER FITTINF TOOLS,,MISCELLANEOUS,MECHANICAL,BAG,1.0,0.01,1.0,,CABINET C,3,D,4,,,,Active,2026-05-09 12:25:38
AIT0121,RAT INSTALL TOOLS,,MISCELLANEOUS,MECHANICAL,EA,6.0,0.01,1.0,McMASTER CARR,CABINET C,2,H,1,,,,Active,2026-05-09 12:25:38
AIT0128,ALUMINUM PLATE (SEALANT MIXER),,MISCELLANEOUS,MECHANICAL,EA,13.0,0.01,1.0,,CABINET C,2,H,4,,,,Active,2026-05-09 12:25:38
AIT0130,AFT PYLON PINS,,MISCELLANEOUS,MECHANICAL,EA,4.0,0.01,1.0,,CABINET C,3,A,,,,,Active,2026-05-09 12:25:38
AIT0131,YELLOW END CAP FOR UNISTRUT 13/16,,MISCELLANEOUS,MECHANICAL,EA,3.0,0.01,1.0,EBAY,CABINET C,3,B,1,,,,Active,2026-05-09 12:25:38
AIT0200,VACUUM PUMP - SM SPARE PARTS,,MISCELLANEOUS,MECHANICAL,EA,7.0,0.01,1.0,,CABINET C,3,K,3,,,,Active,2026-05-09 12:25:38
AIT0201,3D CLAMO (LCS001),,MISCELLANEOUS,MECHANICAL,EA,13.0,0.01,1.0,,CABINET C,3,L,3,,,,Active,2026-05-09 12:25:38
AIT07032,BATTERY HOLDER,BATTERY HOLDER 9V AND AA,MISCELLANEOUS,ELECTRICAL CABINET,EA,3.0,0.01,1.0,,CABINET I,1,13,1,,,,Active,2026-05-09 12:25:38
AIT0713,FILLER PARTS,ELECTRICAL OUTLET FILLER PARTS,MISCELLANEOUS,ELECTRICAL CABINET,EA,2.0,0.01,1.0,,CABINET I,1,11,4,,,,Active,2026-05-09 12:25:38
AIT0765,PUSH BUTTON HORN,HORN FOR GOLF CART,MISCELLANEOUS,ELECTRICAL CABINET,EA,2.0,7.75,1.0,WALMART,CABINET I,3,9,4,,,,Active,2026-05-09 12:25:38
AIT100207,LID GASKET-DES-CASE,,MISCELLANEOUS,MECHANICAL,EA,1.0,0.01,1.0,WAINBEE,3RD FLR. MRO,2,4,,,,,Active,2026-05-09 12:25:38
AIT100208,SIGHTGLASS GASKET - DES-CASE,,MISCELLANEOUS,MECHANICAL,EA,1.0,0.01,1.0,WAINBEE,3RD FLR. MRO,2,4,,,,,Active,2026-05-09 12:25:38
AIT10350,SLAT FLAP BRAKE TOOL,,MISCELLANEOUS,Mechanical,EA,0.0,0.01,0.0,,3RD FLR. MRO,1,2,,,,,Active,2026-05-09 12:25:38
AIT10351,DIRECT AIRLINE CHUCK,,MISCELLANEOUS,MECHANICAL,EA,3.0,0.01,1.0,GRAINGER,CABINET C,2,E,5,,,,Active,2026-05-09 12:25:38
AIT10352,STARTER HANDLE,,MISCELLANEOUS,MECHANICAL,EA,2.0,0.01,1.0,GRAINGER,CABINET C,2,E,7,,,,Active,2026-05-09 12:25:38
AIT1036,SCISSOR JACK SAFETY STOP,,MISCELLANEOUS,Mechanical,EA,4.0,0.01,1.0,,3RD FLR. MRO,5,4,,,,,Active,2026-05-09 12:25:38
AIT1040025912,AQUATHERM COUPLING 3/4,,MISCELLANEOUS,MECHANICAL,EA,4.0,0.01,1.0,,CABINET C,3,1,5,,,,Active,2026-05-09 12:25:38
AIT10408,3/4' MTC WIRE COVER,038325-3000,WIRE,ELECTRICAL,FT,25.0,0.01,1.0,ANACONDA SEALTITE,3RD FLR. MRO,6,2,,,,,Active,2026-05-09 12:25:38
AIT1046,VACUMM PAD ROTATION LINK PLATE - ANGLED,,WING LIFTER,MISCELLANEOUS,SET,2.0,233.0,1.0,ELECTROIMPACT,3RD FLR. MRO,2,3,,,,,Active,2026-05-09 12:25:38
AIT1047,VACUMM PAD ROTATION LINK PLATE - ANGLED,,WING LIFTER,MISCELLANEOUS,SET,2.0,233.0,1.0,ELECTROIMPACT,3RD FLR. MRO,2,3,,,,,Active,2026-05-09 12:25:38
AIT1053,CABLE OUTLET CABLE COIL M25SC,,MISCELLANEOUS,MISCELLANEOUS,EA,1.0,0.01,1.0,AMAZON,3RD FLR. MRO,5,4,,,,,Active,2026-05-09 12:25:38
AIT1060,HYDRAULIC RETURN HOSE,SAE 100 R4-16 WP (250 PSI),HOSE,HYDRAULIC,FT,10.0,0.01,1.0,,3RD FLR. MRO,6,1,,,,,Active,2026-05-09 12:25:38
AIT1080025901,AQUATHERM ELBOW 3/4,,MISCELLANEOUS,MECHANICAL,EA,3.0,0.01,1.0,,CABINET C,3,I,5,,,,Active,2026-05-09 12:25:38
AIT10971,SHORT SHAFT LASER TRACKER,,MISCELLANEOUS,ELECTRICAL CABINET,EA,3.0,0.01,1.0,McMASTER CARR,CABINET I,3,2,4,,,,Active,2026-05-09 12:25:38
AIT19020,KNOB (BLK),ELECTRICAL PANEL KNOB,MISCELLANEOUS,ELECTRICAL CABINET,EA,1.0,0.01,1.0,McMASTER CARR,CABINET I,3,1,3,,,,Active,2026-05-09 12:25:38
AIT2000,10IN BROWN CASTER WHEEL (SWIVEL LOCK),,MISCELLANEOUS,MECHANCAL,EA,2.0,0.01,1.0,,CASTER BASKET,B,2,A,,,,Active,2026-05-09 12:25:38
AIT2001,5IN GREY CASTER WHEEL (CARTS),,MISCELLANEOUS,MECHANCAL,EA,4.0,0.01,1.0,,CASTER BASKET,B,2,A,,,,Active,2026-05-09 12:25:38
AIT2005,FALL PROTECTION 60FT (RED),,MISCELLANEOUS,MECHANICAL,EA,6.0,0.01,1.0,,SHOP FLOOR RACK,B,2,B,,,,Active,2026-05-09 12:25:38
AIT2006,FALL PROTECTION 50FT (RED),,MISCELLANEOUS,MECHANICAL,EA,1.0,0.01,1.0,,SHOP FLOOR RACK,B,2,B,,,,Active,2026-05-09 12:25:38
AIT2007,FALL PROTECTION 50FT (BLACK),,MISCELLANEOUS,MECHANICAL,EA,2.0,0.01,1.0,,SHOP FLOOR RACK,B,2,B,,,,Active,2026-05-09 12:25:38
AIT2008,ROPE (ALL SIZES),,MISCELLANEOUS,MECHANICAL,FT,10000.0,0.01,1.0,,SHOP FLOOR RACK,B,2,B,,,,Active,2026-05-09 12:25:38
AIT2009,RUBBER MAT,,MISCELLANEOUS,MISCELLANEOUS,ROLL,6.0,0.01,1.0,AMZONE,3RD FLR. MRO,5,1,,,,,Active,2026-05-09 12:25:38
AIT2019,"AIR HOSE (BLU) 1"" 25MM",801-12-BLU IC-40/22,HOSE,PNEUMATIC,FT,80.0,25.0,10.0,PARKER,3RD FLR. MRO,WOODEN BOX,,,,,,Active,2026-05-09 12:25:38
AIT20190,"EPDM - ""O-Ring""",,MISCELLANEOUS,ELECTRICAL CABINET,PK,1.0,0.01,1.0,McMASTER CARR,CABINET I,3,2,4,,,,Active,2026-05-09 12:25:38
AIT2030,OODLES OF NOODLES SWIM NOODES - BLU,,MISCELLANEOUS,MISCELLANEOUS,EA,312.0,0.01,1.0,,SHOP FLOOR RACK,B,2,A,,,,Active,2026-05-09 12:25:38
AIT2091,AIR HOSE (BLK) 19MM 300psi 2.1 MPa,801-12-BLK-IC-40/10,HOSE,PNEUMATIC,FT,300.0,0.01,10.0,PARKER,3RD FLR. MRO,WOODEN BOX,,,,,,Active,2026-05-09 12:25:38
AIT2234,CORD GRIP,ORANGE CORD GRIP,MISCELLANEOUS,ELECTRICAL CABINET,EA,3.0,0.01,1.0,,CABINET I,1,12,4,,,,Active,2026-05-09 12:25:38
AIT22710,Power-Sonic PS-1229 12V 2.9Ah,PS-1229,MISCELLANEOUS,ELECTRICAL CABINET,EA,0.0,16.9,1.0,SAGER ELECTORNIC,CABINET I,2,5,3,,,ADD TO PR 04/22/2026,Active,2026-05-09 12:25:38
AIT2600,WING FLAP GEAR,,MISCELLANEOUS,MECHANICAL,EA,1.0,0.01,1.0,JOYCEDAYTON,CABINET C,2,E,4,,,,Active,2026-05-09 12:25:38
AIT3019,AIR HOSE (BLU) IC-40/22 25MM,801-16-BLU,HOSE,PNEUMATIC,FT,300.0,0.01,10.0,PARKER,3RD FLR. MRO,WOODEN BOX,,,,,,Active,2026-05-09 12:25:38
AIT3067,HPU FITING (STAINLESS STEEL),,MISCELLANEOUS,PNEUMATIC,PCS,19.0,0.01,1.0,,3RD FLR. MRO,5,2,,,,,Active,2026-05-09 12:25:38
AIT3091,AIR HOSE (BLUE) 6.3MM,801-4 2.4 MPa 350psi,HOSE,PNEUMATIC,FT,0.0,0.01,0.0,PARKER,3RD FLR. MRO,WOODEN BOX,,,,,,Active,2026-05-09 12:25:38
AIT3099,CLEAR RUBBER BUMPER GUARDS,BUMPER GUARDS,MISCELLANEOUS,ELECTRICAL CABINET,EA,30.0,0.01,1.0,,CABINET I,1,3,4,,,,Active,2026-05-09 12:25:38
AIT3201,"M10 Bike Shifter Cable Adjuster Bolts, Aluminum Alloy, (BLK)",,MISCELLANEOUS,MISCELLANEOUS,EA,4.0,5.88,0.0,AMAZON,CABINET C,2,F,4,,,,Active,2026-05-09 12:25:38
AIT3321,MARKERS (PERMASWAGE),,MISCELLANEOUS,MISCELLANEOUS,EA,8.0,0.01,0.0,,CABINET C,2,A,5,,,,Active,2026-05-09 12:25:38
AIT3409,ELECTRONIC THROTTLE,12V SEALINK RECEPTACLE,MISCELLANEOUS,ELECTRICAL CABINET,EA,1.0,0.01,1.0,,CABINET I,1,14,4,,,,Active,2026-05-09 12:25:38
AIT3470,RELAY,ALLEN BRADLEY RELAY,MISCELLANEOUS,ELECTRICAL CABINET,EA,2.0,0.01,1.0,ALLEN BRADLEY,CABINET I,1,13,2,,,,Active,2026-05-09 12:25:38
AIT3504,ENGINE WEIGHT BUSHINGS (BRASS),,MISCELLANEOUS,MECHANICAL,EA,3.0,0.01,1.0,,CABINET C,2,C,9,,,,Active,2026-05-09 12:25:38
AIT3802,ENGINE WEIGHT BUSHINGS (BRASS),,MISCELLANEOUS,MECHANICAL,EA,3.0,1.0,0.01,,CABINET C,2,C,9,,,,Active,2026-05-09 12:25:38
AIT4012,FIREX SPARE PARTS BOX,,MISCELLANEOUS,MISCELLANEOUS,EA,1.0,0.01,1.0,MISCELLANEOUS,3RD FLR. MRO,7,2,,,,,Active,2026-05-09 12:25:38
AIT4213,SHRINK WRAP (NILFISK),,MISCELLANEOUS,ELECTRICAL CABINET,RL,1.0,0.01,1.0,,CABINET I,2,5,5,,,,Active,2026-05-09 12:25:38
AIT5233,G29 MOTOR CONTROLLER (GOLF CART),,MISCELLANEOUS,ELECTRICAL CABINET,EA,1.0,0.01,1.0,,CABINET I,2,9,3,,,,Active,2026-05-09 12:25:38
AIT52601,BATTERY PACK,BATTERY PACK FOR IFR-6000 TEST SET,MISCELLANEOUS,ELECTRICAL CABINET,EA,2.0,0.01,1.0,ALTECH CORP,CABINET I,2,6,3,,,,Active,2026-05-09 12:25:38
AIT5421,GPS MISC PARTS BIN,RF CONNECTORS,MISCELLANEOUS,ELECTRICAL CABINET,EA,1.0,0.01,1.0,,CABINET I,3,3,3,,,,Active,2026-05-09 12:25:38
AIT577120,CLEAR TUBING (SMALL),CLEAR TUBING,MISCELLANEOUS,ELECTRICAL CABINET,FT,3.0,0.01,1.0,,CABINET I,2,7,1,,,,Active,2026-05-09 12:25:38
AIT600001,WING LIFTER BRACKET,,MISCELLANEOUS,MECHANCAL,EA,2.0,0.01,1.0,,CASTER BASKET,B,2,A,,,,Active,2026-05-09 12:25:38
AIT6071,"1/4"" HOSE W/REEL",N/.A,MISCELLANEOUS,MISCELLANEOUS,EA,1.0,0.01,1.0,,3RD FLR. MRO,7,2,,,,,Active,2026-05-09 12:25:38
AIT6315,120V LED STRIP LIGHT 16.4 FT 300LED,,MISCELLANEOUS,ELECTRICAL CABINET,EA,1.0,0.01,1.0,ENERSYSTEC,CABINET I,2,2,5,,,,Active,2026-05-09 12:25:38
AIT6754,LIGHTING HARDWARE,MISC HARDWARE FOR LIGHTING,MISCELLANEOUS,ELECTRICAL CABINET,PK,4.0,0.01,1.0,,CABINET I,3,4,1,,,,Active,2026-05-09 12:25:38
AIT7013,JACK SOCKET LIMIT SWITCHES,,MISCELLANEOUS,ELECTRICAL CABINET,EA,18.0,0.01,1.0,,CABINET I,1,10,1,,,,Active,2026-05-09 12:25:38
AIT7045,END PLATES,,MISCELLANEOUS,ELECTRICAL CABINET,EA,25.0,0.01,1.0,McMASTER CARR,CABINET I,1,10,3,,,,Active,2026-05-09 12:25:38
AIT7412,"ACDelco ""D"" BATTERY",,MISCELLANEOUS,ELECTRICAL,EA,20.0,24.88,0.0,AMAZON,CABINET I,2,9,,,,,Active,2026-05-09 12:25:38
AIT7654,AIT POSITIONING SYSTEM DRIVE CABLE (GREEN),,MISCELLANEOUS,ELECTRICAL CABINET,EA,2.0,0.01,1.0,,CABINET I,2,2,5,,,,Active,2026-05-09 12:25:38
AIT8704,ENGINE WEIGHT BUSHINGS (BRASS),,MISCELLANEOUS,MECHANICAL,EA,3.0,0.01,1.0,,CABINET C,2,C,9,,,,Active,2026-05-09 12:25:38
AIT8743,SHOP PRESS PUMP KIT,SHOP PRESS PUMP KIT,MISCELLANEOUS,ELECTRICAL CABINET,EA,1.0,0.01,1.0,,CABINET I,1,14,3,,,,Active,2026-05-09 12:25:38
AIT9065,PARTICULATE ANALYZER PLUG,PARTICULATE PLUGS,MISCELLANEOUS,ELECTRICAL CABINET,EA,1.0,0.01,1.0,McMASTER CARR,CABINET I,1,13,4,,,,Active,2026-05-09 12:25:38
AIT9201,SPRING NUT,SPRING NUTS 1/4-20,MISCELLANEOUS,ELECTRICAL CABINET,EA,50.0,0.01,1.0,,CABINET I,2,3,2,,,,Active,2026-05-09 12:25:38
AIT9222,LANDING GEAR ROBOT (SMALL PARTS),LANDING GEAR ROBOT,MISCELLANEOUS,ELECTRICAL CABINET,PK,1.0,0.01,1.0,SIEMENS,CABINET I,2,3,1,,,,Active,2026-05-09 12:25:38
AIT97654,SOLDER WICK,SOLDER WICK,MISCELLANEOUS,ELECTRICAL CABINET,RL,7.0,0.01,1.0,,CABINET I,3,4,3,,,,Active,2026-05-09 12:25:38
AIT9876,TRANSDUCER,,MISCELLANEOUS,ELECTRICAL CABINET,EA,6.0,0.01,1.0,FLO-TECH,CABINET I,2,9,1,,,,Active,2026-05-09 12:25:38
AIT9976,CASTER WHEELS,MASTER MOVER APPROVED SPARE PARTS,MISCELLANEOUS,ELECTRICAL CABINET,EA,2.0,0.01,1.0,,CABINET I,2,1,1,,,,Active,2026-05-09 12:25:38
AITO116,"CABLE WIRE, 25 FT",,MISCELLANEOUS,MECHANICAL,FT,5.0,80.0,1.0,,CABINET C,2,G,2,,,,Active,2026-05-09 12:25:38
AJ408AG8,FALL PROTECTION CAB (8FT),,MISCELLANEOUS,MISCELLANEOUS,EA,4.0,109.65,1.0,3M PROTECTIA,3RD FLR. MRO,2,2,,,,,Active,2026-05-09 12:25:38
AKL.2905,ROLLING BEARING,,MISCELLANEOUS,MECHANICAL,EA,1.0,0.01,1.0,,CABINET C,1,L,5,,,,Active,2026-05-09 12:25:38
AM-2079-108,name,model_number,MISCELLANEOUS,Mechanical,unit_of_measure,2.0,0.01,1.0,AGSA,3RD FLR. MRO,2,5,,,,,Active,2026-05-09 12:25:38
AM-EL350,AIR FILTER,,CNC MACHINE,PNEUMATIC,EA,2.0,32.99,1.0,SMC,3RD FLR. MRO,2,2,,,,,Active,2026-05-09 12:25:38
AMA776A0C,CONTROL BOARD,,MISCELLANEOUS,ELECTRICAL,EA,1.0,338.0,1.0,,3RD FLR. MRO,7,3,,,,,Active,2026-05-09 12:25:38
APC1400-ND,CONN CABLE CLAMP SZ15 SILVER,M85049/38-15N - AMPHENOL,MISCELLANEOUS,ELECTRICAL CABINET,EA,8.0,11.68,1.0,DIGIKEY,CABINET I,3,14,4,,,,Active,2026-05-09 12:25:38
ATVD20U75N4B,ELAVATOR MOTOR DRIVE,ATV320U75N4B,ELEVATOR,ELECTRICAL,EA,1.0,2073.0,1.0,ALTIVAR,3RD FLR. MRO,2,4,,,,,Active,2026-05-09 12:25:38
B-QC4-D-2PFK2,AIR DATA TEST KIT (CONNECTOR),,MISCELLANEOUS,MECHANICAL,EA,2.0,0.01,1.0,NAV-AIDS LTD,CABINET C,2,H,2,,,,Active,2026-05-09 12:25:38
B-QC4-DC-4AN,AIR DATA TEST KIT (CONNECTOR),,MISCELLANEOUS,MECHANICAL,EA,4.0,0.01,1.0,NAV-AIDS LTD,CABINET C,2,H,2,,,,Active,2026-05-09 12:25:38
B0808016-018,BATTERY TERMINAL LOG,,MISCELLANEOUS,ELECTRICAL CABINET,EA,9.0,0.01,1.0,,CABINET I,1,15,1,,,,Active,2026-05-09 12:25:38
B2191U5-6V,SUPER BRITE 12 Vdc GREEN LED,,MISCELLANEOUS,ELECTRICAL CABINET,EA,4.0,10.95,1.0,LINROSE ELECTRONICS,CABINET I,3,15,2,,,,Active,2026-05-09 12:25:38
BG0025,GEAR BOX 1,,MLG CART,Mechanical,EA,1.0,0.01,1.0,ENZFELDER,3RD FLR. MRO,4,3,,,,,Active,2026-05-09 12:25:38
BG75X75C1,ENGINE LOADER MOTOR,,MISCELLANEOUS,ELECTRICAL,EA,5.0,295.0,1.0,UNKR MOTOR EN,3RD FLR. MRO,2,3,,,,,Active,2026-05-09 12:25:38
BM40,HBM MODULE,HBM MODULE,MISCELLANEOUS,ELECTRICAL CABINET,EA,2.0,0.01,1.0,HBK,CABINET I,2,5,2,,,,Active,2026-05-09 12:25:38
BR-2/3AGCT4A,BATTERY - 6V LITHIUM PLC,,MISCELLANEOUS,ELECTRICAL CABINET,EA,18.0,20.0,5.0,BATTERY2BATTERIES,CABINET I,2,3,3,,,,Active,2026-05-09 12:25:38
BRY420P7W,20A 480V PIN AND SLEEVE C-SERIES PLUG AND CONNECTORS,,MISCELLANEOUS,ELECT. TOOL/SUPPLY,EA,4.0,0.01,1.0,LEVITON,TOOLS/SUPPLY CABINET,,3,1,,,,Active,2026-05-09 12:25:38
BST20012,BLACK LAPSEAL 2IN IPS X 1.2IN WALL,,MISCELLANEOUS,MISCELLANEOUS,PCS,10.0,0.01,1.0,,3RD FLR. MRO,5,2,,,,,Active,2026-05-09 12:25:38
BU-67102U000L-CA0,DATA SIMULATAR,,MISCELLANEOUS,MISCELLANEOUS,EA,1.0,0.01,1.0,DATA DEVICE CORP,3RD FLR. MRO,2,4,,,,,Active,2026-05-09 12:25:38
C9-R21N,WING LIFTER RELAY,,MISCELLANEOUS,ELECTRICAL CABINET,EA,4.0,0.01,1.0,McMASTER CARR,CABINET I,1,1,3,,,,Active,2026-05-09 12:25:38
CA2-B0-34-650-121-C,BREAKER,50AMP DUAL POLE BREAKER,MISCELLANEOUS,ELECTRICAL CABINET,EA,1.0,0.01,1.0,CARLING,CABINET I,1,12,2,,,,Active,2026-05-09 12:25:38
CAT# 2129.91,BATTERY REPLACMENT FOR MODEL 6240,,MICRO-OHMMETER,ELECTRICAL,EA,1.0,265.75,1.0,AEMC INTRUMENTS,3RD FLR. MRO,2,2,,,,,Active,2026-05-09 12:25:38
CB-15,"ELEMENT, FILTER CB-15",,PRESSURE CART,PNEUMATIC,EA,1.0,0.01,1.0,SPXFLOW,3RD FLR. MRO,3,3,,,,,Active,2026-05-09 12:25:38
CB243A,BATTARY CHARGER,24VDC 3A 115-230-277 VAC INPUT,MISCELLANEOUS,ELECTRIAL CABINET,EA,3.0,0.01,1.0,ALTECH CORP,CABINET I,2,6,3,,,,Active,2026-05-09 12:25:38
CB243A/116-230-277,"BATTERY CHARGER, 24VDC, 3A-INPUT, DR",CB243A,MISCELLANEOUS,ELECTRICAL,EA,2.0,233.32,1.0,ALTECH CORP,3RD FLR. MRO,7,2,,,,,Active,2026-05-09 12:25:38
CBEL-BF3/8,WEDGE LOCK 3/8,,MISCELLANEOUS,MECHANICAL,EA,3.0,0.01,1.0,OMEG TECNOLOGIES,CABINET C,3,C,4,,,,Active,2026-05-09 12:25:38
CBEL-BF5/16,WEDGE LOCK 5/16,,MISCELLANEOUS,MECHANICAL,EA,3.0,0.01,1.0,OMEGA TECNOLOGIES,CABINET C,3,C,5,,,,Active,2026-05-09 12:25:38
CF-15,AIR FILTER,,MISCELLANEOUS,PNEUMATIC,EA,1.0,0.01,0.0,GENUINE SPXFLOW PARTS,3RD FLR MRO,5,4,,,,,Active,2026-05-09 12:25:38
CFH 7/8,McGILL-CAM FOLLOWER,,MISCELLANEOUS,Mechanical,EA,1.0,0.01,1.0,PURVIS INDUSTRIES,3RD FLR. MRO,2,2,,,,,Active,2026-05-09 12:25:38
CL-14200-CC,CONE-CUSHION SPINDLE,,MISCELLANEOUS,MECHANICAL,EA,3.0,0.01,1.0,CARRLANE,CABINET C,3,F,1,,,,Active,2026-05-09 12:25:38
CL-16-LP,L-PIN 3/4 X 6,,MISCELLANEOUS,MECHANICAL,EA,2.0,0.01,1.0,,CABINET C,2,C,2,,,,Active,2026-05-09 12:25:38
CL-190-CCPT-3.00,THUMB PIN (WASTE WATER KIT),,MISCELLANEOUS,MECHANICAL,EA,10.0,0.01,1.0,CARRLANE,CABINET C,3,A,6,,,,Active,2026-05-09 12:25:38
CL-1B-FSSN,FOOT FOR SWIVEL SCREW,,MISCELLANEOUS,MECHANICAL,EA,37.0,0.01,1.0,CARRLANE,CABINET C,1,N,2,,,,Active,2026-05-09 12:25:38
CL-2-2KSA,KNOB SHOE ASSEMBLY,,MISCELLANEOUS,MECHANICAL,EA,4.0,0.01,1.0,GIESLER,CABINET C,3,B,5,,,,Active,2026-05-09 12:25:38
CL-3A-FSSN,FOOT FOR SWIVEL SCREW,,MISCELLANEOUS,MECHANICAL,EA,17.0,0.01,1.0,,CABINET C,1,N,2,,,,Active,2026-05-09 12:25:38
CL-3B-FSSN,FOOT FOR SWIVEL SCREW,,MISCELLANEOUS,MECHANICAL,EA,4.0,0.01,1.0,,CABINET C,1,N,2,,,,Active,2026-05-09 12:25:38
CL-4-BLPR-1.00,Ball Lock Pins (Ring Handle),,MISCELLANEOUS,MECHANICAL,EA,1.0,18.23,0.0,CARR LANE,CABINET C,3,F,7,,,,Active,2026-05-09 12:25:38
CL-6-BLPT-8.00,BALL LOCK PIN,,MISCELLANEOUS,MECHANICAL,EA,4.0,0.01,1.0,CARRLANE,CABINET C,2,H,1,,,,Active,2026-05-09 12:25:38
CL-6-KHS,KNURLED HEAD SCREW,,MISCELLANEOUS,ELECTRICAL CABINET,EA,10.0,0.01,1.0,CARRLANE,CABINET I,1,7,4,,,,Active,2026-05-09 12:25:38
CL-630-TSB,"THUMB SCREW (ADJ TRG) 3/8-16 X 3""",,MISCELLANEOUS,MECHANICAL,EA,6.0,0.01,1.0,CARRLANE,CABINET C,3,M,1,,,,Active,2026-05-09 12:25:38
CNL 150 B1035208,MERSEN FUSE LIMITER,FUSE LIMITER,MISCELLANEOUS,ELECTRICAL CABINET,EA,5.0,0.01,1.0,MERSEN,CABINET I,1,4,3,,,,Active,2026-05-09 12:25:38
CNL 60 W103520,MERSEN FUSE LIMITER,FUSE LIMITER,,MISCELLANEOUS,EA,5.0,0.01,1.0,MERSEN,CABINET I,1,4,3,,,,Active,2026-05-09 12:25:38
CNS-287-0.5-1.5,CENTRIX PIN,,MISCELLANEOUS,MECHANICAL,EA,1.0,0.01,0.0,CENTRIX AEROSPACE,3RD FLR. MRO,2,4,,,,,Active,2026-05-09 12:25:38
CPU1212C,CPU MODULE - WING LIFTER,6ES7 212-1HE40-0XB0,PLC,ELECTRICAL,EA,1.0,390.93,1.0,SIEMENS,3RD FLR. MRO,7,2,,,,,Active,2026-05-09 12:25:38
CR17450E-RL,BATTERY PLC,3V LITHIUM BATTERY,MISCELLANEOUS,ELECTRICAL CABINET,EA,4.0,0.01,1.0,ENERGY+,CABINET I,2,3,3,,,,Active,2026-05-09 12:25:38
CR243A,BATTERY CHARGER,BATTERY CHARGER 24V/DC,MISCELLANEOUS,ELECTRICAL CABINET,EA,3.0,0.01,1.0,ALTECH,CABINET I,2,6,3,,,,Active,2026-05-09 12:25:38
CRP 066201,PLUG 1/4' FPT,R167 414 11,MISCELLANEOUS,MECHANICAL,EA,23.0,11.82,1.0,PREVOST - PENSACOLA RUBBER,CABINET C,3,K,4,,,,Active,2026-05-09 12:25:38
CRP 066251,"PLUG 1/4"" X 1/4"" NMPT",,MISCELLANEOUS,MECHANICAL,EA,20.0,12.54,1.0,PREVOST,CABINET C,3,L,4,,,,Active,2026-05-09 12:25:38
CRP 116253,"PLUG 11MM X 1/2"" NMPT",R167 410 63,MISCELLANEOUS,MECHANICAL,EA,3.0,0.01,1.0,PREVOST,CABINET C,3,K,5,,,,Active,2026-05-09 12:25:38
CSI 061201,"AIR HOSE QUICK COUPLER 1/4"" NPT",,MISCELLANEOUS,MECHANICAL,EA,15.0,0.01,1.0,PREVOST,CABINET C,3,N,4,,,,Active,2026-05-09 12:25:38
CSI 061202,"AIR HOSE QUICK COUPLER 3/8"" NPT",,MISCELLANEOUS,MECHANICAL,EA,12.0,0.01,1.0,PREVOST,CABINET C,3,N,6,,,,Active,2026-05-09 12:25:38
CSI 061252,"PLUG MALE 1/4, 3/8MNPT 174psi",,MISCELLANEOUS,MECHANICAL,EA,10.0,0.0,1.0,PENSACOLA RUBBER & GASKET,CABINET C,3,O,1,,,,Active,2026-05-09 12:25:38
D-A2,DESICCANT KIT,DES-CASE,MISCELLANEOUS,MISCELLANEOUS,EA,2.0,0.01,1.0,DES-CASE,3RD FLR. MRO,5,5,,,,,Active,2026-05-09 12:25:38
D100-277-480-3Y,SURGE PROTECTOR,,MISCELLANEOUS,ELECTRICAL,EA,1.0,0.01,0.0,DITEK CORP,3RD FLR. MRO,3,2,,,,,Active,2026-05-09 12:25:38
D12531-109,WHEEL CUTTER,,MISCELLANEOUS,MECHANICAL,EA,5.0,119.0,1.0,ORKAL,CABINET C,2,E,4,,,,Active,2026-05-09 12:25:38
D4N-2120,LIMIT SWITCH,240V LIMIT SWITCH,MISCELLANEOUS,ELECTRICAL CABINET,EA,2.0,0.01,1.0,OMRON,CABINET I,1,9,4,,,,Active,2026-05-09 12:25:38
D9851-13-04,STEM SUB ASSY,,MISCELLANEOUS,MECHANICAL,EA,1.0,0.01,1.0,,CABINET C,2,A,5,,,,Active,2026-05-09 12:25:38
D9851-13-06,STEM SUB ASSY,,MISCELLANEOUS,MECHANICAL,EA,1.0,0.01,1.0,,CABINET C,2,A,5,,,,Active,2026-05-09 12:25:38
D9851-13-08,STEM SUB ASSY,,MISCELLANEOUS,MECHANICAL,EA,1.0,0.01,1.0,,CABINET C,2,A,5,,,,Active,2026-05-09 12:25:38
DLT10PSFU4006,ENDPLATE (PERMSWAGE),,MISCELLANEOUS,MECHANICAL,EA,1.0,0.01,1.0,,CABINET C,2,H,4,,,,Active,2026-05-09 12:25:38
DLT20PSDI3008,DIES SWAGE,,MISCELLANEOUS,MECHANICAL,EA,1.0,0.01,1.0,,CABINET C,2,A,5,,,,Active,2026-05-09 12:25:38
DLT20PSDI3010,DIES SWAGE,,MISCELLANEOUS,MECHANICAL,EA,1.0,0.01,1.0,,CABINET C,2,A,5,,,,Active,2026-05-09 12:25:38
DLT40PSFU3016,ENDPLATE (PERMSWAGE),,MISCELLANEOUS,MECHANICAL,EA,1.0,0.01,1.0,,CABINET C,2,H,4,,,,Active,2026-05-09 12:25:38
DLT40PSFU4024,ENDPLATE (PERMSWAGE),,MISCELLANEOUS,MECHANICAL,EA,1.0,0.01,1.0,,CABINET C,2,H,4,,,,Active,2026-05-09 12:25:38
DLT5301-000-01,MARKING PEN,,MISCELLANEOUS,MECHANICAL,EA,1.0,0.01,1.0,,CABINET C,2,A,,,,,Active,2026-05-09 12:25:38
DLT901253,FLT CP SCREW (PERMASWAGE),,MISCELLANEOUS,MECHANICAL,EA,1.0,0.01,1.0,,CABINET C,2,H,4,,,,Active,2026-05-09 12:25:38
E1387-172-24800,ROYAL SPRING FLAP,,ELEVATOR,Mechanical,EA,1.0,0.01,1.0,SOLUTION LATE SYS INC.,3RD FLR. MRO,2,3,,,,,Active,2026-05-09 12:25:38
E3-1250-015,"COMPRESSION LATCH, LG",,MISSCELLANEOUS,MECHANICAL,EA,0.0,24.7,0.0,LATCH STORE SOUTHCO,CABINITE C,,,,,,,Active,2026-05-09 12:25:38
E70904,SYDROL O-RING 1/4,,MISCELLANEOUS,MECHANICAL,EA,30.0,0.01,10.0,McMASER CARR,CABINET C,2,A,3,,,,Active,2026-05-09 12:25:38
E70905,SYDROL O-RING 5/16,,MISCELLANEOUS,MECHANICAL,EA,33.0,0.01,10.0,McMASTER CARR,CABINET C,2,A,3,,,,Active,2026-05-09 12:25:38
E70906,SYDROL O-RING 3/8,,MISCELLANEOUS,MECHANICAL,EA,24.0,0.01,0.01,McMASTER CARR,CABINET C,2,A,3,,,,Active,2026-05-09 12:25:38
E70908,SYDROL O-RING 1/2,,MISCELLANEOUS,MECHANICAL,EA,17.0,0.01,1.0,McMASTER CARR,CABINET C,2,A,3,,,,Active,2026-05-09 12:25:38
E70910,SYDROL O-RING 5/8,,MISCELLANEOUS,MECHANICAL,EA,17.0,0.01,10.0,McMASTER CARR,CABINET C,2,A,3,,,,Active,2026-05-09 12:25:38
E70912,SYDROL O-RING 1/9,,MISCELLANEOUS,MECHANICAL,EA,1.0,0.01,1.0,,CABINET C,2,A,3,,,,Active,2026-05-09 12:25:38
E70914,SYDROL O-RING 7/8,,MISCELLANEOUS,MECHANICAL,EA,20.0,0.01,1.0,,CABINET C,2,A,3,,,,Active,2026-05-09 12:25:38
E70916,"SYDROL O-RING 1""",,MISCELLANEOUS,MECHANICAL,EA,16.0,0.01,1.0,,CABINET C,2,A,3,,,,Active,2026-05-09 12:25:38
E70918,"SYDROL O-RING 1 - 1/8""",,MISCELLANEOUS,MECHANICAL,EA,20.0,0.01,1.0,,CABINET C,2,A,3,,,,Active,2026-05-09 12:25:38
E70920,SYDROL O-RING,,MISCELLANEOUS,MECHANICAL,EA,9.0,0.01,1.0,,CABINET C,2,A,3,,,,Active,2026-05-09 12:25:38
E70924,"SYDROL O-RING 1-1/2""",,MISCELLANEOUS,MECHANICAL,EA,9.0,0.01,1.0,,CABINET C,2,A,3,,,,Active,2026-05-09 12:25:38
E70928,"SYDROL O-RING 1- 3/4""",,MISCELLANEOUS,MECHANICAL,EA,8.0,0.01,1.0,,CABINET C,2,A,3,,,,Active,2026-05-09 12:25:38
EC-2725,"ALARM, SIREN 12VDC 120DB",,ELECTRICAL,ELECTRICAL,EA,1.0,97.0,0.0,TRONAIR,3RD FLR. MRO,3,2,,,,,Active,2026-05-09 12:25:38
ECX2051-24L,RED PUSH BUTTON,,MISCELLANEOUS,MECHANICAL,EA,2.0,0.01,1.0,,CABINET C,3,D,5,,,,Active,2026-05-09 12:25:38
EFLC1015,"Po CHARGER, 300MAH 1SUSB Li",RAT TOOL CHARGEING KIT,MISCELLANEOUS,ELECTRICAL CABINET,EA,2.0,0.01,1.0,,CABINET I,3,12,2,,,,Active,2026-05-09 12:25:38
ENP5201,EXPLOSION PROOF PLUG,,MISCELLANEOUS,ELECTRICAL,EA,7.0,0.01,1.0,,SHOP FLOOR RACK,J,2,B,,,,Active,2026-05-09 12:25:38
EO00193730,CLEAR PP 72IN C FOLD 450 FT/FOLL,,MISCELLANEOUS,MISCELLANEOUS,FT,12.0,0.01,1.0,,3RD FLR. MRO,5,4,,,,,Active,2026-05-09 12:25:38
EO603 2-112,O-RING,,MISCELLANEOUS,MECHANICAL,EA,90.0,0.01,1.0,PARKER,CABINET C,2,I,4,,,,Active,2026-05-09 12:25:38
ER14250,BATTERY VACCUM DRIVE,,MISCELLANEOUS,ELECTRICAL CABINET,EA,14.0,0.01,1.0,,CABINET I,1,11,1,,,,Active,2026-05-09 12:25:38
ERC-05 B,PRINTER RIBBON (CART),,MISCELLANEOUS,MISCELLANEOUS,EA,1.0,65.0,0.0,TEQUIPMENT,CABINET C,2,C,1,,,,Active,2026-05-09 12:25:38
ESK0007A,RECTIFIER,,MISCELLANEOUS,ELECTRICAL CABINET,EA,2.0,0.01,1.0,SIEMENS,CABINET I,1,3,4,,,,Active,2026-05-09 12:25:38
F-BAG-AF-PB62041-GW,DC01 FILTER,,MISCELLANEOUS,PNEUMATIC,EA,0.0,0.01,0.0,,SHOP FLOOR RACK,B,1,A,,,,Active,2026-05-09 12:25:38
F0-311.5-BM,PNEUMATIC CYCLINDER,,MISCELLANEOUS,PNEUMATIC,EA,1.0,0.01,1.0,PURVIS INDUSTRIES,3RD FLR. MRO,2,2,,,,,Active,2026-05-09 12:25:38
F120400,KEYED COUPLING (GREEN),,MISCELLANEOUS,MECHANICAL,EA,1.0,0.01,1.0,AIRR ENGINEERING,CABINET C,2,H,,,,,Active,2026-05-09 12:25:38
F120500,KEYED COUPLING (BLUE),,MISCELLANEOUS,MECHANICAL,EA,1.0,0.01,1.0,AIRR ENGINEERING,CABINET C,2,H,,,,,Active,2026-05-09 12:25:38
F120600,KEYED COUPLING (RED),,MISCELLANEOUS,MECHANICAL,EA,1.0,0.01,1.0,AIRR ENGINEERING,CABINET C,2,H,,,,,Active,2026-05-09 12:25:38
F2082-ASCI-E,FLOW SENSOR,FLOW CONTROL SENSOR HE2 CARTS,MISCELLANEOUS,ELECTRICAL CABINET,EA,9.0,0.01,1.0,FLOW-TECH,CABINET I,2,9,1,,,,Active,2026-05-09 12:25:38
F2556-ND,FUSE GLASS 15A 32VAC 3AB 3AG,,ELECTRICAL,ELECTRICAL,EA,50.0,1.31,0.0,DIGIKEY,CABINET I,2,5,4,,,,Active,2026-05-09 12:25:38
FF-751-12F0-E5,SKYDROL-FEMALE,13JG,MISCELLANEOUS,PNEUMATIC,EA,5.0,133.53,1.0,PARKER,3RD FLR. MRO,2,2,,,,,Active,2026-05-09 12:25:38
FF-752-12F0-E5,SKYDROL-MALE,,MISCELLANEOUS,HYDRAULIC,EA,5.0,133.53,1.0,PARKER,3RD FLR. MRO,2,2,,,,,Active,2026-05-09 12:25:38
FLTP-1F,"FILTER, 1""NPT Female (Black Nylon)",,MISCELLANEOUS,MISCELLANEOUS,EA,2.0,32.92,1.0,ANVER,3RD FLR. MRO,2,2,,,,,Active,2026-05-09 12:25:38
G-10M-25,"GAUGE 2.5"" .0-10000PSI/KPA/BAR 1/4"" LM",,MISCELLANEOUS,MECHANICAL,EA,1.0,0.01,1.0,,CABINET C,3,L,5,,,,Active,2026-05-09 12:25:38
G-GB 202K-ST-R14,"8IN"" BROWN CASTER WHEEL (SWIEVL LOCK)",,MISCELLANEOUS,MECHANCAL,EA,2.0,0.01,1.0,,CASTER BASKET,B,2,A,,,,Active,2026-05-09 12:25:38
G2427236,5/8 BUSHING,TRITAN 5/8 BUSHING,MISCELLANEOUS,ELECTRICAL CABINET,EA,2.0,0.01,1.0,TRITAN,CABINET I,1,5,4,,,,Active,2026-05-09 12:25:38
G2RVSR700ACD24,RELAY,RELAY PLC,MISCELLANEOUS,ELECTRICAL CABINET,EA,1.0,0.01,1.0,SOTHERN CONTROL,CABINET I,2,5,1,,,,Active,2026-05-09 12:25:38
G7901217,TAPER LOCK BUSINGS 40MM,,MISCELLANEOUS,MECHANICAL,EA,1.0,0.01,1.0,,CABINET C,2,A,12,,,,Active,2026-05-09 12:25:38
G7903457,TAPER LOCK BUSINGS 55MM,,MISCELLANEOUS,MECHANICAL,EA,1.0,0.01,1.0,,CABINET C,2,A,12,,,,Active,2026-05-09 12:25:38
GPL-4CT,LIFETIME 6v 220 AH DEEP CYCLE SEALED AGM BATTERY,,ELECTRICAL,ELECTRICAL,EA,0.0,431.0,0.0,BATTERYSTUFF.COM,SHOP FLOOR RACK,J,2,B,,,,Active,2026-05-09 12:25:38
H-5643,30' ALL PURP RETRACT CORD REEL,,MISCELLANEOUS,MECHANICAL,EA,2.0,173.0,1.0,ULINE,SHOP FLOOR RACK,,,,,,,Active,2026-05-09 12:25:38
H-6574,STATIC WRIST STRAPS,,MISCELLANEOUS,ELECT. TOOL/SUPPLY,EA,30.0,0.01,1.0,ULINE,TOOLS/SUPPLY CABINET,,1,1,,,,Active,2026-05-09 12:25:38
H00027587,"SPARE, 170010,SCD CARD 4GB SLC",,MISCELLANEOUS,ELECTRICAL,EA,1.0,0.01,1.0,HEXAGON KIT,3RD FLR. MRO,3,1,,,,,Active,2026-05-09 12:25:38
H0027572,"SPARE, 104008, FITER PFA 2000 IPS4 EMC, URSE",,MISCELLANEOUS,ELECTRICAL,EEA,1.0,0.01,1.0,HEXAGON KIT,3RD FLR. MRO,3,1,,,,,Active,2026-05-09 12:25:38
H0027575,"SPARE, 122750, FILTER-FAN-ENERGYEATER F.CB, URSE",,MISCELLANEOUS,ELECTRICAL,EA,1.0,0.01,1.0,HEXAGON KIT,3RD FLR. MRO,3,1,,,,,Active,2026-05-09 12:25:38
H1C-162,SCREW COLLAR-RECESSED,,MISCELLANEOUS,MECHANICAL,EA,2.0,0.01,1.0,,CABINET C,3,D,6,,,,Active,2026-05-09 12:25:38
H64-16X3/4,BUSHING 16 X 3/4,,MISCELLANEOUS,Mechanical,EA,1.0,0.01,1.0,ACTEK MFG & ENG,CABINET C,1,D,2,,,,Active,2026-05-09 12:25:38
HBL360P6W,60A 250V PLUG,,MISCELLANEOUS,ELECT. TOOL/SUPPLY,EA,3.0,0.01,1.0,HUBBELL,TOOLS/SUPPLY CABINET,,3,3,,,,Active,2026-05-09 12:25:38
HBL5307W,30A MALE PLUG 480V,,MISCELLANEOUS,ELECT. TOOL/SUPPLY,EA,2.0,0.01,1.0,HUBBELL,TOOLS/SUPPLY CABINET,,3,2,,,,Active,2026-05-09 12:25:38
HBL530P7W,20A MALE PLUG 480V,,MISCELLANEOUS,ELECT. TOOL/SUPPLY,EA,1.0,0.01,1.0,HUBBELL,TOOLS/SUPPLY CABINET,,3,2,,,,Active,2026-05-09 12:25:38
HC-2239,GAUGE FOR TANKS,,MISCELLANEOUS,MECHANICAL,EA,1.0,347.0,0.0,,CABINET C,2,D,7,,,,Active,2026-05-09 12:25:38
HC-2278,GAUGE FOR TANKS,,MISCELLANEOUS,MECHANICAL,EA,0.0,0.01,0.0,,CABINET C,2,D,7,,,,Active,2026-05-09 12:25:38
HC-2279,GAUGE FOR TANKS,,MISCELLANEOUS,MECHANICAL,EA,4.0,0.01,1.0,,CABINET C,2,D,7,,,,Active,2026-05-09 12:25:38
HC-2289,GAUGE FOR TANKS,,MISCELLANEOUS,MECHANICAL,EA,1.0,0.01,1.0,,CABINET C,2,D,7,,,,Active,2026-05-09 12:25:38
HCX,PNEUMATIC HYDRAULIC ELECTRIC,,MISCELLANEOUS,ELECTRICAL,0.01,1.0,0.01,1.0,BIMBA,3RD FLR. MRO,2,2,,,,,Active,2026-05-09 12:25:38
HE2306X,BEARING ADAPTERS,,MISCELLANEOUS,Mechanical,EA,2.0,0.01,1.0,NTN AUTOMATION,3RD FLR. MRO,4,2,,,,,Active,2026-05-09 12:25:38
HFWC738-2400E-B5-H-P39,GEAR REDUCER,,MISCELLANEOUS,MISCELLANEOUS,EA,1.0,0.01,1.0,,SHOP FLOOR RACK,J,2,A,,,,Active,2026-05-09 12:25:38
HL22-16306Y-1D,HAND LAMP 120V FT 25W TUBE WITH 6FT - YELLOW,,MISCELLANEOUS,ELECTRICAL,EA,3.0,275.0,0.0,ERICSON,3RD FLR. MRO,5,2,,,,,Active,2026-05-09 12:25:38
HLD,WIRE LOCKOUTS YELLOW,,MISCELLANEOUS,ELECT. TOOL/SUPPLY,EA,2.0,0.01,1.0,HUBBELL,TOOLS/SUPPLY CABINET,,3,4,,,,Active,2026-05-09 12:25:38
IC-8,"CLAMP U-BOLT 2""  (FOR AIR HOSE",,MISCELLANEOUS,MISCELLANEOUS,EA,2.0,31.31,1.0,McMASTER CARR,3RD FLR. MRO,2,3,,,,,Active,2026-05-09 12:25:38
IE-BI-RJ45-FJ-A,"RJ45 INSERT SOCKET, C ONNECTOR FOR BASE",TIA-568A-1962850000,MISCELLANEOUS,ELECTRICAL CABINET,EA,6.0,13.3,1.0,WEIDMULLER/DIGIKEY,CABINET I,3,15,1,,,,Active,2026-05-09 12:25:38
IP-20,SMART BATTERY CHARGER,MASTER MOVER APPROVED SPARE PARTS,MISCELLANEOUS,ELECTRICAL CABINET,EA,1.0,0.01,1.0,,CABINET I,2,7,2,,,,Active,2026-05-09 12:25:38
IT-023622,"REVOLVING HANDLE, SQUARE 1/4-20 THREDED",SORD-102003,MISCELLANEOUS,Mechanical,EA,5.0,0.01,1.0,GEISLER,CABINET C,3,A,4,,,,Active,2026-05-09 12:25:38
J220208,AIR HOSE (BLK 4TH8 1/4INN) OXYGEN/NITROGENE CART 5000PSI,,NITROGEN CART,MISCELLANEOUS,FT,30.0,9.07,10.0,GATES,3RD FLR. MRO,2,2,,,,,Active,2026-05-09 12:25:38
JAC1548H,GOLF CART BATTERY CHARGER (SCHAUER OUTPUT),,MISCELLANEOUS,ELECTRICAL,EA,1.0,416.0,1.0,SCHAUER,3RD FLR. MRO,2,2,,,,,Active,2026-05-09 12:25:38
JD1912,RELAY,AZ9731-1A-12DC1,MISCELLANEOUS,ELECTRICAL CABINET,EA,7.0,2.39,1.0,DIGIKEY,CABINET I,3,7,2,,,,Active,2026-05-09 12:25:38
JR1-H3383-02,10L0L GOLF CART REVE,HORN BUZZ,MISCELLANEOUS,ELECTRICAL CABINET,EA,2.0,0.01,1.0,,CABINET I,3,13,4,,,,Active,2026-05-09 12:25:38
JRR07523,RETAIN RING (BOOT STRAP KIT) 3/4 SKT,,MISCELLANEOUS,MECHANICAL,EA,5.0,0.01,1.0,PROTO,CABINET C,3,F,3,,,,Active,2026-05-09 12:25:38
JRR07526,RETAIN RING FOR 3/4,,MISCELLANEOUS,MECHANICAL,EA,8.0,0.01,1.0,TURNER SUPPLY,CABINET C,2,F,3,,,,Active,2026-05-09 12:25:38
JRR50105,RET RING (BOOT STRAP KIT) RTN 1/2 DR 1050 GRV,EA,MISCELLANEOUS,MECHANICAL,EA,10.0,0.01,1.0,PROTO,CABINET C,3,F,3,,,,Active,2026-05-09 12:25:38
K-3098,KIT FILETER ELEMENT,,MISCELLANEOUS,MECHANICAL,EA,1.0,0.01,1.0,TROAIR,CABINET C,2,E,,,,,Active,2026-05-09 12:25:38
K0147VT,MODULE ASSEMBLY,,MISCELLANEOUS,ELECTRICAL CABINET,EA,1.0,0.01,1.0,HART,CABINET I,3,10,1,,,,Active,2026-05-09 12:25:38
K0147ZS,TERMINAL BLOCK ASSEMBLY,BLOCK ASSEMBLY,MISCELLANEOUS,ELECTRICAL CABINET,EA,1.0,0.01,1.0,HART,CABINET I,3,10,1,,,,Active,2026-05-09 12:25:38
KALM-10,BEARING ROD END (LEFT HAND),,MISCELLANEOUS,MECHANICAL,EA,9.0,0.01,1.0,,CABINET C,2,F,8,,,,Active,2026-05-09 12:25:38
KARM-10,BEARING ROD END (RIGHT HAND),,MISCELLANEOUS,MECHANICAL,EA,11.0,0.01,1.0,"IGUS, INC",CABINET C,2,F,8,,,,Active,2026-05-09 12:25:38
KB4160-7915-20,SPRING COUPLER,,ENGINE LOADER,Mechanical,EA,5.0,29.66,1.0,KBK ANTRIEBSTECHNIK,3RD FLR. MRO,2,4,,,,,Active,2026-05-09 12:25:38
KRF15-V-03,WINGL LIFTER VAC PUMP,,WING LIFTER,Mechanical,EA,1.0,0.01,1.0,AIRTECH,3RD FLR. MRO,3,1,,,,,Active,2026-05-09 12:25:38
KRF40A-V-02,WINGL LIFTER VAC PUMP,,WING LIFTER,Mechanical,EA,1.0,0.01,1.0,AIRTECH,3RD FLR. MRO,3,1,,,,,Active,2026-05-09 12:25:38
KRVH43BL/BK,VACUUM HOSE (BLU) 1/2X25FT,,VACUUM,MISCELLANEOUS,RL,4.0,0.01,1.0,,3RD FLR. MRO,3,3,,,,,Active,2026-05-09 12:25:38
KSA-025-BNS-H-MA-AK,REXROTH,R167520331,MISCELLANEOUS,MISCELLANEOUS,EA,1.0,0.01,1.0,,SHOP FLOOR RACK,B,1,A,,,,Active,2026-05-09 12:25:38
KSA-035-SNS-P-MA-AK,REXROTH,R160530231,MISCELLANEOUS,MISCELLANEOUS,EA,1.0,0.01,1.0,,SHOP FLOOR RACK,B,1,A,,,,Active,2026-05-09 12:25:38
KSA-045-SNS-H-MA-AK,REXROTH,R160540331,MISCELLANEOUS,MISCELLANEOUS,EA,3.0,0.01,1.0,,SHOP FLOOR RACK,B,1,A,,,,Active,2026-05-09 12:25:38
KSA-45-SNS-P-MA-AK,REXROTH,R160540231,MISCELLANEOUS,MISCELLANEOUS,EA,1.0,0.01,1.0,,SHOP FLOOR RACK,B,1,A,,,,Active,2026-05-09 12:25:38
KW2919,STOPTASTE (RED CAP),MASTER MOVER APPROVED SPARE PARTS,MISCELLANEOUS,ELECTRICAL CABINET,EA,1.0,0.01,1.0,,CABINET I,2,1,1,,,,Active,2026-05-09 12:25:38
KWD-035-FLS-C1-P-1,RUNNER BLOCK CS,,MISCELLANEOUS,Mechanical,EA,2.0,456.41,1.0,REXROTH,3RD FLR. MRO,4,2,,,,,Active,2026-05-09 12:25:38
KWD-045-FLS-C1-P-1,RUNNER BLOCK CS,,MISCELLANEOUS,Mechanical,EA,2.0,0.01,1.0,REXROTH,3RD FLR. MRO,4,2,,,,,Active,2026-05-09 12:25:38
KWD-O45-FNS-C1-H-1,REXROTH BALL SCREW BLOCK CS,,MISCELLANEOUS,MISCELLANEOUS,EA,1.0,214.61,1.0,SCHAEFFLER GROUP,3RD FLR. MRO,3,2,,,,,Active,2026-05-09 12:25:38
KWVE35-B-L-V2-G3,LINEAR BEARING,,MISCELLANEOUS,Mechanical,EA,12.0,0.01,1.0,SCHAFFLER GROUP,3RD FLR. MRO,5,5,,,,,Active,2026-05-09 12:25:38
KWVE45-B-L-V1-G1,LINEAR BEARING,,MISCELLANEOUS,Mechanical,EA,2.0,0.01,1.0,SCHAFFLER GROUP,3RD FLR. MRO,5,5,,,,,Active,2026-05-09 12:25:38
KWVE45-B-V1-G3,LINEAR BEARING,,MISCELLANEOUS,Mechanical,EA,2.0,0.01,1.0,SCHAFFLER GROUP,3RD FLR. MRO,5,5,,,,,Active,2026-05-09 12:25:38
L-88-16,LINER BUSHING FOR PAX DOOR DOLLY,,MISCELLANEOUS,MECHANICAL,EA,3.0,0.01,1.0,,CABINET C,2,C,9,,,,Active,2026-05-09 12:25:38
L01SA4594000061,PNEUMATIC AIR VALVE 24,,MISCELLANEOUS,PNEUMATIC,EA,1.0,0.01,1.0,PURVIS INDUSTRIES,3RD FLR. MRO,2,2,,,,,Active,2026-05-09 12:25:38
LFT03547,GRIP,,MISCELLANEOUS,MECHANICAL,EA,3.0,0.01,0.0,HYDRO SYSTEM,CABINET C,2,D,6,,,,Active,2026-05-09 12:25:38
LGBCH35FESSNZ1-N,LINEAR BEARING,,MISCELLANEOUS,Mechanical,EA,4.0,0.01,1.0,NTN AUTOMATION,3RD FLR. MRO,4,2,,,,,Active,2026-05-09 12:25:38
LGBR35L04000N-1-0-20.ON,NTN-PROFILE RACK,,MISCELLANEOUS,MISCELLANEOUS,EA,1.0,0.01,1.0,,SHOP FLOOR RACK,B,1,A,,,,Active,2026-05-09 12:25:38
LK273,8IN BROWN CASTER WHEEL (W/O ASSEMBLY),,MISCELLANEOUS,MECHANCAL,EA,14.0,0.01,1.0,,CASTER BASKET,B,2,A,,,,Active,2026-05-09 12:25:38
LM-34-100-BLK,SLEEVING & WIRE LOOM (3.4 ID),,MISCELLANEOUS,MISCELLANEOUS,FT,400.0,0.01,10.0,BEST CONNECTION,3RD FLR. MRO,3,3,,,,,Active,2026-05-09 12:25:38
LPOO6-0-WR513-1,QUICK COUPLER - FEMALE (WALTHER),,MISCELLANEOUS,MECHANICAL,EA,3.0,0.01,3.0,WALTHER,CABINET C,2,G,3,,,,Active,2026-05-09 12:25:38
LR7-02KTN,PATLITE - WING LIFTER,,ELECTRICAL,ELECTRICAL,EA,1.0,42.75,0.0,MARSHALL WOLF AUTOMATINO,CABINET 1,2,1,5,,,,Active,2026-05-09 12:25:38
LS-GDPO 252K-R14H,"10IN"" WHITE CASTER WHEEL (SWIEVL LOCK)",,MISCELLANEOUS,MECHANCAL,EA,1.0,0.01,1.0,,CASTER BASKET,B,2,A,,,,Active,2026-05-09 12:25:38
LX660-2018-T010/LR003 AH,LANDING GEAR ROBOT (CABLE),,MISCELLANEOUS,ELECTRICAL CABINET,EA,1.0,0.01,1.0,SIEMENS,CABINET I,2,3,1,,,,Active,2026-05-09 12:25:38
M-174-DX,AIR CYLIDDER,,MISCELLANEOUS,MISCELLANEOUS,EA,1.0,0.01,1.0,PURVIS  Industries,3RD FLR. MRO,2,2,,,,,Active,2026-05-09 12:25:38
M-36,"HYDRO PUMP,LIO,AIR DRIVEN,36:1",,MISCELLANEOUS,Mechanical,EA,1.0,0.01,1.0,HASKEL,3RD FLR. MRO,4,1,,,,,Active,2026-05-09 12:25:38
M213727,MERSEN CLASS J FUSE,CLASS J FUSE AJT35,MISCELLANEOUS,ELECTRICAL CABINET,EA,12.0,0.01,1.0,MERSEN,CABINET I,1,4,4,,,,Active,2026-05-09 12:25:38
M3XM8,"PAN SCREW (SEALANT MIXER)  (A255-PHILLIPS 1/4"")",,MISCELLANEOUS,MECHANICAL,EA,25.0,0.01,1.0,,CABINET C,2,H,4,,,,Active,2026-05-09 12:25:38
M85049/38-25N,CONN CABLE CLAMP SZ25 J SILVER,,MISCELLANEOUS,ELECTRICAL CABINET,EA,2.0,17.65,1.0,DIGIKEY,CABINET 1,2,5,1,,,,Active,2026-05-09 12:25:38
MCM2122K703,AIR FILTER ROLL,AIR FILTER ROLL,MISCELLANEOUS,ELECTRICAL CABINET,RL,1.0,0.01,1.0,McMASTER CARR,CABINET I,2,3,5,,,,Active,2026-05-09 12:25:38
MCM5148A75,SWIVEL CLAMP,INDICATOR SWIVEL CLAMP,MISCELLANEOUS,ELECTRICAL CABINET,EA,2.0,0.01,1.0,McMASTER CARR,CABINET I,1,15,4,,,,Active,2026-05-09 12:25:38
MCM5148A76,SWIVEL CLAMP,INDICATOR SWIVEL CLAMP,MISCELLANEOUS,ELECTRICAL CABINET,EA,4.0,0.01,1.0,McMASTER CARR,CABINET I,1,15,4,,,,Active,2026-05-09 12:25:38
MCM5988T12,EUROPEAN FUSES,2 AMP FUSE,MISCELLANEOUS,ELECTRICAL CABINET,EA,5.0,0.01,1.0,McMASTER CARR,CABINET I,1,2,1,,,,Active,2026-05-09 12:25:38
MCM5988T13,EUROPEAN FUSES,4 AMP FUSE,MISCELLANEOUS,ELECTRICAL CABINET,EA,3.0,0.01,1.0,McMASTER CARR,CABINET I,1,2,1,,,,Active,2026-05-09 12:25:38
MCM5988T14,EUROPEAN FUSES,6 AMP FUSE,MISCELLANEOUS,ELECTRICAL CABINET,EA,5.0,0.01,1.0,McMASTER CARR,CABINET I,1,2,1,,,,Active,2026-05-09 12:25:38
MCM5988T15,EUROPEAN FUSES,8 AMP FUSE,MISCELLANEOUS,ELECTRICAL CABINET,EA,5.0,0.01,1.0,McMASTER CARR,CABINET I,1,2,1,,,,Active,2026-05-09 12:25:38
MCM5988T16,EUROPEAN FUSES,10 AMP FUSE,MISCELLANEOUS,ELECTRICAL CABINET,EA,3.0,0.01,1.0,McMASTER CARR,CABINET I,1,2,1,,,,Active,2026-05-09 12:25:38
MCM5988T17,EUROPEAN FUSES,12 AMP FUSE,MISCELLANEOUS,ELECTRICAL CABINET,EA,5.0,0.01,1.0,McMASTER CARR,CABINET I,1,2,1,,,,Active,2026-05-09 12:25:38
MCM5988T19,EUROPEAN FUSES,20 AMP FUSE,MISCELLANEOUS,ELECTRICAL CABINET,EA,2.0,0.01,1.0,McMASTER CARR,CABINET I,1,2,1,,,,Active,2026-05-09 12:25:38
MCM5988T21,EUROPEAN FUSES,25 AMP FUSE,MISCELLANEOUS,ELECTRICAL CABINET,EA,5.0,0.01,1.0,McMASTER CARR,CABINET I,1,2,1,,,,Active,2026-05-09 12:25:38
MCM598T11,EUROPEAN FUSES,,MISCELLANEOUS,ELECTRICAL CABINET,EA,5.0,0.01,1.0,McMASTER CARR,CABINET I,2,1,,,,,Active,2026-05-09 12:25:38
MCM7468K43,EXTENSION CORD,EXTENSION CORD 50FT,MISCELLANEOUS,ELECTRICAL CABINET,EA,2.0,0.01,1.0,McMASTER CARR,CABINET I,2,8,1,,,,Active,2026-05-09 12:25:38
MCM7714K38,EUROPEAN FUSES,,MISCELLANEOUS,ELECTRICAL CABINET,EA,5.0,0.01,1.0,McMASTER CARR,CABINET I,1,2,1,,,,Active,2026-05-09 12:25:38
MCM7714K47,EUROPEAN FUSES,,MISCELLANEOUS,ELECTRICAL CABINET,EA,3.0,0.01,1.0,McMASTER CARR,CABINET I,1,3,1,,,,Active,2026-05-09 12:25:38
ME 2030BBWP-1,20/30 AMP BACK BOX,,MISCELLANEOUS,MECHANICAL,EA,2.0,0.01,1.0,MENNEKES,3RD FLR. MRO,4,2,,,,,Active,2026-05-09 12:25:38
ME 560P7W,"PLUG, 60A, 4P-5W.277/480V",,ELECTRICAL,ELECTRICAL,EA,1.0,489.0,0.0,DIGIKEY,3RD FLR. MRO,5,3,,,,,Active,2026-05-09 12:25:38
ME320P4W,20A MALE PLUG YELLOW 125V,,MISCELLANEOUS,ELECT. TOOL/SUPPLY,EA,1.0,0.01,1.0,MENNEKE,TOOLS/SUPPLY CABINET,,3,2,,,,Active,2026-05-09 12:25:38
ME430R7W,30A 480V RECEPTACLE,,MISCELLANEOUS,ELECT. TOOL/SUPPLY,EA,1.0,0.01,1.0,MENNEKES,TOOLS/SUPPLY CABINET,,3,2,,,,Active,2026-05-09 12:25:38
ME460P9W,60A 250V PLUG,,MISCELLANEOUS,ELECT. TOOL/SUPPLY,EA,1.0,0.01,1.0,MENNEKES,TOOLS/SUPPLY CABINET,,3,3,,,,Active,2026-05-09 12:25:38
ME460R7W,60A 480V RECEPTACLE,,MISCELLANEOUS,ELECT. TOOL/SUPPLY,EA,1.0,0.01,1.0,MENNEKES,TOOLS/SUPPLY CABINET,,3,2,,,,Active,2026-05-09 12:25:38
ME520P7W,20A 480V PLUG,,MISCELLANEOUS,ELECT. TOOL/SUPPLY,EA,2.0,0.01,1.0,MENNEKES,TOOLS/SUPPLY CABINET,,3,2,,,,Active,2026-05-09 12:25:38
MEL31-98247-K04-262,"DR150 Inlet, 150A, 277/480VAC, 3P+N+G, Nema 4X IP66/67, Poly Blue, 4AWG-2/0AWG, Screw Terminal, +2 Aux",,MECHANICAL,MECHANICAL,EA,1.0,642.86,1.0,MARSHALL E CAMPBELL,ELECTRICAL CABINET,4,,,,,,Active,2026-05-09 12:25:38
MEL715P0FP1,"Handle Blue, 1 1/2""NPT, 1.260-1.560"" Cable Rang",,MECHANICAL,MECHANICAL,EA,1.0,158.52,1.0,MARSHALL E CAMPBELL,ELECTRICAL CABINET,4,,,,,,Active,2026-05-09 12:25:38
MS132-20,MANUAL MOTOR START,,MISCELLANEOUS,ELECTRICAL CABINET,EA,5.0,0.01,1.0,ABB,CABINET I,1,16,2,,,,Active,2026-05-09 12:25:38
MS24255-20S,PIN CONNECTORS,,MISCELLANEOUS,ELECTRICAL CABINET,EA,20.0,0.01,1.0,,CABINET I,1,9,2,,,,Active,2026-05-09 12:25:38
MS27488-20-2,PIN CONNECTORS,,MISCELLANEOUS,ELECTRICAL CABINET,EA,20.0,0.01,1.0,,CABINET I,1,9,1,,,,Active,2026-05-09 12:25:38
MSFX-MJ-04-04-SS,ADAPTER 1/4' MS FLARELESS FEMALE X 1/4 MALE JIC,,MECHANCAL,MECHANCAL,EA,3.0,143.56,0.0,PENSACOLE RUBBER & GASKET,CABINET C,2,5,1,,,,Active,2026-05-09 12:25:38
MSFX-MJ-08-08-SS,ADAPTER 1/2' MS FLARELESS FEMALE X 1/2 MALE JIC,,MECHANCAL,MECHANCAL,EA,2.0,153.52,0.0,PENSCOLA RUBBER & GASKET,CABINET C,2,5,1,,,,Active,2026-05-09 12:25:38
MV1220S,FLOW CONTROL VALVE,,MISCELLANEOUS,MECHANICAL,EA,4.0,0.01,1.0,PARKER,CABINET C,2,H,4,,,,Active,2026-05-09 12:25:38
MY1B40G-1000Z-A93,"MECHANICALLY JOINTED CYCLINDER, RODLESS",,MISCELLANEOUS,PNEUMATIC,EA,1.0,0.01,1.0,SMC,3RD FLR. MRO,5,2,,,,,Active,2026-05-09 12:25:38
MY4DC24S,RELAY,24V RELAY,MISCELLANEOUS,ELECTRICAL CABINET,EA,1.0,0.01,1.0,OMRON,CABINET I,1,9,3,,,,Active,2026-05-09 12:25:38
N3757104549,AIR VALVE 3/4 BASIC 3W NO 24VDC,K065103549,MISCELLANEOUS,PNEUMATIC,EA,4.0,641.25,1.0,PARKER,3RD FLR. MRO,2,4,,,,,Active,2026-05-09 12:25:38
NA$-LED400A,WARNING LIGHT (AMBER),D-B1B-FOR GOLF CART,MISCELLANEOUS,ELECTRICAL CABINET,EA,2.0,0.01,1.0,NORTH AMERICA SIGNAL,CABINET I,2,9,3,,,,Active,2026-05-09 12:25:38
NASF-4,AIR DATA TEST KIT (FITTING),,MISCELLANEOUS,MECHANICAL,EA,2.0,0.01,1.0,NAV-AIDS LTD,CABINET C,2,H,2,,,,Active,2026-05-09 12:25:38
NBB28GM30E2,INDUCTIVE SENSOR,,MISCELLANEOUS,ELECTRICAL CABINET,EA,1.0,0.01,1.0,CARLTON-BATES,CABINET I,1,8,2,,,,Active,2026-05-09 12:25:38
NCHP242412S910,HEPA FILTER 24X24X11.5,,VACUUM,MISCELLANEOUS,EA,1.0,0.01,1.0,NILFISK,3RD FLR. MRO,4,1,,,,,Active,2026-05-09 12:25:38
NRH80-5-C1-D22-L36-H1-P5-AM,PLANETARY GEAR BOX (RED),,MISCELLANEOUS,Mechanical,EA,1.0,0.01,1.0,GUDEL SUMER,3RD FLR. MRO,4,2,,,,,Active,2026-05-09 12:25:38
NRH80-7-A4-D15-L445-111-P5-AM,PLANETARY GEAR BOX (RED),,MISCELLANEOUS,Mechanical,EA,1.0,0.01,1.0,GUDEL SUMER,3RD FLR. MRO,4,2,,,,,Active,2026-05-09 12:25:38
NUTO-H-32,MOBIL NUTO H 32 HYDRAULIC OIL ISO VG 32 -1514619,,MISCELLANEOUS,HYDRAULIC,PAIL,1.0,87.38,1.0,CNC SPECIALTY STORE,SHOP FLOOR RACK,,,,,,,Active,2026-05-09 12:25:38
NZMB2-A160-NA,CIRCUIT BREAKER 3p 160A,,MISCELLANEOUS,ELECTRICAL CABINET,EA,1.0,0.01,1.0,EATON,CABINET I,2,9,3,,,,Active,2026-05-09 12:25:38
OR14000,O-RING,,MISCELLANEOUS,MECHANICAL,EA,135.0,0.01,1.0,AIRR ENGINEERING,CABINET C,2,H,,,,,Active,2026-05-09 12:25:38
P-48B,RED CAP PLUG,,MISCELLANEOUS,Mechanical,EA,4.0,0.01,1.0,,CABINET C,1,F,5,,,,Active,2026-05-09 12:25:38
P-LP-125,AIR HOSE REEL ..25IN PSI 300,,MISCELLANEOUS,PNEUMATIC,EA,1.0,1.0,0.01,COXREELS,3RD FLR. MRO,4,2,,,,,Active,2026-05-09 12:25:38
P-LP-425,AIR HOSE RE.5 IN PSI 300,,MISCELLANEOUS,PNEUMATIC,EA,1.0,0.01,1.0,COXREELS,3RD FLR. MRO,4,2,,,,,Active,2026-05-09 12:25:38
P/N 2001,BEAM CLAMP,1/4-20 BEAM CLAMP,MISCELLANEOUS,ELECTRICAL CABINET,EA,8.0,0.01,1.0,McMASTER CARR,CABINET I,2,3,1,,,,Active,2026-05-09 12:25:38
P24-8MGT-20 1108,POWER GRIP GT 2 SPROCKET,,MISCELLANEOUS,Mechanical,EA,1.0,0.01,1.0,POWER GRIP,3RD FLR. MRO,2,2,,,,,Active,2026-05-09 12:25:38
P30-8MGT-30-1210,POWER GRIP GT 2 SPROCKET,,MISCELLANEOUS,Mechanical,EA,2.0,0.01,1.0,POWER GRIP,3RD FLR. MRO,2,2,,,,,Active,2026-05-09 12:25:38
P30-8MGT-30-1211,POWER GRIP GT 2 SPROCKET,,MISCELLANEOUS,Mechanical,EA,1.0,0.01,1.0,POWER GRIP,3RD FLR. MRO,2,2,,,,,Active,2026-05-09 12:25:38
P32FB92EMMN,"1/4"" NPT FILTER",,PRESSURE CART,PNEUMATIC,EA,2.0,0.01,1.0,PARKER,3RD FLR. MRO,4,1,,,,,Active,2026-05-09 12:25:38
P34-8MGT-30 1610,POWER GRIP GT 2 SPROCKET,,MISCELLANEOUS,Mechanical,EA,1.0,0.01,1.0,POWER GRIP,3RD FLR. MRO,2,2,,,,,Active,2026-05-09 12:25:38
P38167T,PROPEL NUT 3/8-16 X 7/16,,MISCELLANEOUS,MECHANICAL,EA,20.0,0.01,1.0,McMASTER CARR,CABINET C,3,D,1,,,,Active,2026-05-09 12:25:38
P48-8MGT-30 2012,POWER GRIP GT 2 SPROCKET,,MISCELLANEOUS,Mechanical,EA,1.0,0.01,1.0,POWER GRIP,3RD FLR. MRO,2,2,,,,,Active,2026-05-09 12:25:38
P64,BUSHING 24 X 3/4,,MISCELLANEOUS,Mechanical,EA,1.0,0.01,1.0,,CABINET C,1,G,3,,,,Active,2026-05-09 12:25:38
P64-8MGT-30 2517,POWER GRIP GT 2 SPROCKET,,MISCELLANEOUS,Mechanical,EA,1.0,0.01,1.0,POWER GRIP,3RD FLR. MRO,2,2,,,,,Active,2026-05-09 12:25:38
PCW1J-B24-KAB103L,10k Ohm 1 Gang Linear Panel Mount Potentiometer,"1.0 Turns Conductive Plastic 0.75W, 3/4W PC Pins",MISCELLANEOUS,ELECTRICAL CABINET,EA,2.0,7.2,1.0,DIGIKEY,CABINET I,3,,,,,,Active,2026-05-09 12:25:38
PE-25-P28-H30,LIQUID FILTER BAG,,MISCELLANEOUS,MISCELLANEOUS,EA,19.0,0.01,1.0,"SYNERGY APPLICATION, INC",3RD FLR. MRO,6,1,,,,,Active,2026-05-09 12:25:38
PE-50-P28-H30,LIQUID FILTER BAG,,MISCELLANEOUS,MISCELLANEOUS,EA,47.0,0.01,1.0,"SYNERGY APPLICATION, INC",3RD FLR. MRO,6,1,,,,,Active,2026-05-09 12:25:38
PH807-6,3/8 SKYDOL HOSE,,HOSE,PNEUMATIC,FT,25.0,0.01,1.0,PENSACOLA RUBBER & GASKET,3RD FLR. MRO,6,3,,,,,Active,2026-05-09 12:25:38
PH807-7,3/4 SKYDOL HOSE,,HOSE,PNEUMATIC,FT,25.0,0.01,1.0,PENSACOLA RUBBER & GASKET,3RD FLR. MRO,6,3,,,,,Active,2026-05-09 12:25:38
PH807-8,1/2 SKYDOL HOSE,,HOSE,PNEUMATIC,FT,25.0,0.01,1.0,PENSACOLE RUBBER & GASKET,3RD FLR. MRO,6,3,,,,,Active,2026-05-09 12:25:38
PLP-125,AIR HOSE REEL,,MISCELLANEOUS,PNEUMATIC,EA,1.0,0.01,1.0,COXREEL,3RD FLR. MRO,3,3,,,,,Active,2026-05-09 12:25:38
PM25C1C4D23-D-P,"TRON AIR Gauge 2-1.2 All SS Int, Dry",220023,NITROGEN,PNEUMATIC,EA,1.0,70.89,1.0,REOTEMP,3RD FLR. MRO,2,2,,,,,Active,2026-05-09 12:25:38
PR-2H,Spring Loaded Caster Parts (CASTER SET 2-3/4),,MISCELLANEOUS,MECHANICAL,SET,4.0,90.0,0.0,BALLYMORE,3RD FLR. MRO,5,3,,,,,Active,2026-05-09 12:25:38
PS-1229,POWER SONIC BATTERY,12V BATTERY,MISCELLANEOUS,ELECTRICAL CABINET,EA,1.0,0.01,1.0,POWER SONIC,CABINET I,3,8,1,,,,Active,2026-05-09 12:25:38
PS-1250 F1,NON-SPILLABE BATTERIES 12 VOLT,,MISCELLANEOUS,ELECTRICAL,EA,15.0,0.01,1.0,POWER SONIC,3RD FLR. MRO,4,2,,,,,Active,2026-05-09 12:25:38
PSA100C,VACCUM SWITCH,VACCUM SWITCH WITH DISPLAY,MISCELLANEOUS,ELECTRICAL CABINET,EA,1.0,0.01,1.0,,CABINET I,1,4,2,,,,Active,2026-05-09 12:25:38
PUN-H-1/4,PNEUMATIC 150psi/1MPa @ 20c,BLK TUBING,MISCELLANEOUS,ELECTRICAL CABINET,FT,5.0,0.01,1.0,,CABINET I,2,7,1,,,,Active,2026-05-09 12:25:38
PX2966171,PLC RELAY,,MISCELLANEOUS,ELECTRICAL CABINET,EA,1.0,0.01,1.0,AWC,CABINET I,3,9,1,,,,Active,2026-05-09 12:25:38
PX3209549,PT 2 5-TWIN,5 PT IN/OUT PLC,MISCELLANEOUS,ELECTRICAL CABINET,EA,1.0,0.01,1.0,AWC,CABINET I,3,9,1,,,,Active,2026-05-09 12:25:38
Q5924-1,"22AWG, 2PAIRS, PLTC/ITC 600V (UL)75C, 13MIL ins",,MISCELLANEOUS,ELECTRICAL,FT,250.0,0.01,1.0,AUTOMATION DIRECT,SHOP FLOOR RACK,J,1,C,,,,Active,2026-05-09 12:25:38
Q940843Q,AIR FILTERARTION - ELEMENT,,MISCELLANEOUS,MECHANICAL,EA,1.0,0.01,1.0,PARKER,3RD FLR. MRO,2,4,,,,,Active,2026-05-09 12:25:38
QT20.241-PULS,POWER SUPPLY,3 PHASE POWER SUPPLY 480/24V/20A,MISCELLANEOUS,ELECTRICAL CABINET,EA,1.0,0.01,1.0,ALLEN BRADLEY,CABINET I,2,4,3,,,,Active,2026-05-09 12:25:38
R021R20363,BALL SCREW ASSEMBLY (25X5T5),,MISCELLANEOUS,Mechanical,EA,1.0,0.01,1.0,REXROTH,3RD FLR. MRO,4,1,,,,,Active,2026-05-09 12:25:38
R021R30252,REXROTH BALL SCREW 32X5T5 L1518 FEMC,,MISCELLANEOUS,MISCELLANEOUS,EA,1.0,399.99,1.0,SCHAEFFLER GROUP,3RD FLR. MRO,3,2,,,,,Active,2026-05-09 12:25:38
R150620050,HOUSING,,MISCELLANEOUS,MISCELLANEOUS,EA,1.0,0.01,1.0,REXNOTH,3RD FLR. MRO,5,4,,,,,Active,2026-05-09 12:25:38
R151020223,BALL SCREW 25X5RX3,,MISCELLANEOUS,Mechanical,EA,1.0,164.45,1.0,SCHAEFFLER GROUP,3RD FLR. MRO,3,2,,,,,Active,2026-05-09 12:25:38
RBM500,BATERY MONITOR,BATTERY MONITOR W/110V POER SUPPLY,MISCELLANEOUS,ELECTRICAL CABINET,EA,1.0,0.01,1.0,RENOGY,CABINET I,2,4,2,,,,Active,2026-05-09 12:25:38
RC1014,ENGINE DOLLY HYDROLIC LIFTER (10 TON),,ENGINE LOADER,HYDRAULIC,EA,1.0,0.01,1.0,ENERPAC,3RD FLR. MRO,5,4,,,,,Active,2026-05-09 12:25:38
RD-PLC11,BATTERY PLC (D-BATTERY),YELLOW 3V PACK,MISCELLANEOUS,ELECTRICAL CABINET,EA,18.0,0.01,1.0,RAYOVAC,CABINET I,2,3,3,,,,Active,2026-05-09 12:25:38
RD-PLC23,ROCKET DISTRIBUTION RD-PLC23 BATTERY,,ELECTRICAL,ELECTRICAL,EA,10.0,19.99,0.0,ROCKET DISTRIBUTION,CABINET 1,2,3,3,,,,Active,2026-05-09 12:25:38
RGRA1350,RAT TOOL CHARGING KIT,RAT CHARGER USB TYPE,MISCELLANEOUS,ELECTRICAL CABINET,EA,1.0,0.01,1.0,AMAZON,CABINET I,3,7,2,,,,Active,2026-05-09 12:25:38
RJ65WTR,TAMPER RESITANT PLUG,,MISCELLANEOUS,ELECT. TOOL/SUPPLY,EA,4.0,0.01,1.0,HUBBELL,TOOLS/SUPPLY CABINET,,2,4,,,,Active,2026-05-09 12:25:38
RM4220,HBM MODULE,RELAY 10/20 OR 30/40 ELEVATOR,MISCELLANEOUS,ELECTRICAL CABINET,EA,1.0,0.01,1.0,HBK,CABINET I,2,5,2,,,,Active,2026-05-09 12:25:38
RO21R20373,REXROTH BALL SCREW 32X5T5 L1143,,MISCELLANEOUS,MISCELLANEOUS,EA,1.0,955.0,1.0,SCHAEFFLER GROUP,3RD FLR. MRO,3,2,,,,,Active,2026-05-09 12:25:38
RO21R30252-2,REXROTH BALL SCREW 32X5T5 L378 FEMEC,,MISCELLANEOUS,MISCELLANEOUS,EA,1.0,399.99,1.0,SCHAEFFLER GROUP,3RD FLR. MRO,3,2,,,,,Active,2026-05-09 12:25:38
RRV443BL/BK,KLEEN-RITE VACUMM HOSE BLU-BLK,,MISCELLANEOUS,MISCELLANEOUS,EA,4.0,0.01,1.0,,3RD FLR. MRO,3,3,,,,,Active,2026-05-09 12:25:38
RS02B1ROOOFE12,"RESISTOR, WIREWOUND, RES 1 Ohms, Pwr-Rtg 3W",,MISCELLANEOUS,ELECTRICAL CABINET,EA,5.0,0.01,1.0,VISHAY DALE,CABINET I,3,11,1,,,,Active,2026-05-09 12:25:38
RWU55-E-V3-G2,LINEAR BEARING,,MISCELLANEOUS,Mechanical,EA,2.0,0.01,1.0,SCHAFFLER GROUP,3RD FLR. MRO,5,5,,,,,Active,2026-05-09 12:25:38
S-12744,VINYL TABLE MAT (2X4),,MISCELLANEOUS,ELECTRICAL,EA,1.0,105.0,1.0,ULINE,3RD FLR. MRO,2,3,,,,,Active,2026-05-09 12:25:38
S-19358,AIR HOSE BLU 3/8ID 9.5ID 9.5ID,,MISCELLANEOUS,PNEUMATIC,EA,5.0,65.99,1.0,ULINE,3RD FLR. MRO,2,2,,,,,Active,2026-05-09 12:25:38
S-GB 202K,"8IN"" BROWN CASTER WHEEL",,MISCELLANEOUS,MECHANCAL,EA,2.0,0.01,1.0,,CASTER BASKET,B,2,A,,,,Active,2026-05-09 12:25:38
S-SPO 160K,6 1/2IN WHITE CASTER WHEEL,,MISCELLANEOUS,MECHANCAL,EA,1.0,0.01,1.0,,CASTER BASKET,B,2,A,,,,Active,2026-05-09 12:25:38
S-SPO 200K,"8IN"" WHITE CASTER WHEEL",,MISCELLANEOUS,MECHANCAL,EA,1.0,0.01,1.0,,CASTER BASKET,B,2,A,,,,Active,2026-05-09 12:25:38
S-SPO 250K,"10IN"" WHITE CASTER WHEEL (SWIEVL LOCK)",,MISCELLANEOUS,MECHANCAL,EA,2.0,0.01,1.0,,CASTER BASKET,B,2,A,,,,Active,2026-05-09 12:25:38
S250221006-01-02,"GAUGE, PRESSURE, DIAL INDICATING",,MISCELLANEOUS,MECHANICAL,EA,1.0,0.01,1.0,PERMA-CAL,CABINET C,2,I,2,,,,Active,2026-05-09 12:25:38
S250221006-01-04,"GAUGE, PRESSURE, DIAL INDICATING",,MISCELLANEOUS,MECHANICAL,EA,1.0,0.01,1.0,,CABINET C,2,I,2,,,,Active,2026-05-09 12:25:38
S49282004,MECALECTRO LATCH,C2020000175,ELEVATOR,ELECTRICAL,EA,1.0,1800.0,1.0,LATESY,3RD FLR. MRO,2,2,,,,,Active,2026-05-09 12:25:38
SBS008020-005M1,RAT INSTALL TOOLS (SCREW),,MISCELLANEOUS,MECHANICAL,EA,1.0,0.01,1.0,McMASTER CARR,CABINET C,2,H,1,,,,Active,2026-05-09 12:25:38
SC-12-56,FITTING-INCAP,,MISCELLANEOUS,Mechanical,EA,6.0,0.01,1.0,McMaSTER CARR,3RD FLR. MRO,2,2,,,,,Active,2026-05-09 12:25:38
SC-8-56,FITTING-INCAP,,MISCELLANEOUS,Mechanical,EA,5.0,0.01,1.0,McMASTER CARR,3RD FLR. MRO,2,2,,,,,Active,2026-05-09 12:25:38
SD-GTH200K-35FS,"10"" GOLD DOUBLE CASTER WHEEL",,MISCELLANEOUS,MECHANCAL,EA,1.0,0.01,1.0,,CASTER BASKET,B,2,A,,,,Active,2026-05-09 12:25:38
SDR-14-8-MVN2STG3,AIR CILINDER (SEALANT MIXER),,MISCELLANEOUS,MECHANICAL,EA,2.0,0.01,1.0,,CABINET C,2,I,4,,,,Active,2026-05-09 12:25:38
SES-F-Z 17,PILLOW BLOCK,,MISCELLANEOUS,Mechanical,EA,2.0,0.01,1.0,REXROTH,3RD FLR. MRO,4,2,,,,,Active,2026-05-09 12:25:38
SES-L-S 17,PILLOW BLOCK,,MISCELLANEOUS,Mechanical,EA,1.0,0.01,1.0,REXROTH,3RD FLR. MRO,4,2,,,,,Active,2026-05-09 12:25:38
SFIX05-003,LASER TRACKER MOUNT PARTS,LASER TRACKER MOUNT PINS SHORT,MISCELLANEOUS,ELECTRICAL CABINET,EA,4.0,0.01,1.0,McMASTER CARR,CABINET I,3,2,4,,,,Active,2026-05-09 12:25:38
SFIX06-003,LASER TRACKER MOUNT PARTS,LASER TRACKER MOUNT PINS LONG,MISCELLANEOUS,ELECTRICAL CABINET,EA,4.0,0.01,1.0,McMASTER CARR,CABINET I,3,2,4,,,,Active,2026-05-09 12:25:38
SGPO 252K,"10IN""  WHITE CASTER WHEEL",,MISCELLANEOUS,MECHANCAL,EA,2.0,0.01,1.0,,CASTER BASKET,B,2,A,,,,Active,2026-05-09 12:25:38
SHB133,DISC HORN (24V HI NOTE),MASTER MOVER APPROVED SPARE PARTS,MISCELLANEOUS,ELECTRICAL CABINET,EA,1.0,0.01,1.0,,CABINET I,2,1,1,,,,Active,2026-05-09 12:25:38
SHELZ035,GEAR BOX 2,,MLG CART,Mechanical,EA,2.0,0.01,1.0,ENZFELDER,3RD FLR. MRO,4,3,,,,,Active,2026-05-09 12:25:38
SK-HS-3QD-A,SEAL KIT,,MISCELLANEOUS,MECHANICAL,EA,3.0,0.01,1.0,AIRR ENGINEERING,CABINET C,2,H,,,,,Active,2026-05-09 12:25:38
SK-R1E022A4,SEAL KIT,,MISCELLANEOUS,Mechanical,EA,8.0,0.01,1.0,PARKER,CABINET C,1,G,4,,,,Active,2026-05-09 12:25:38
SK1SI40VA/I-W,NORD ANGLE TRASNISSION,03394050-100,MISCELLANEOUS,Mechanical,EA,1.0,400.0,1.0,APPLIED INDUSTIAL TECH,3RD FLR. MRO,3,3,,,,,Active,2026-05-09 12:25:38
SK21606-6FJX-4MP-77,HYDRAULIC ASSEMBLY,50JJ-06-04-06,MISCELLANEOUS,HYDRAULIC,EA,1.0,0.01,1.0,FLEXIT,3RD FLR. MRO,6,2,,,,,Active,2026-05-09 12:25:38
SM1221,DIFITAL INPUT MODULE - WING LIFTER,,PLC,ELECTRICAL,EA,1.0,399.97,1.0,SIEMENS,3RD FLR. MRO,7,2,,,,,Active,2026-05-09 12:25:38
SM1222,DIFITAL INPUT MODULE - WING LIFTER,,PLC,ELECTRICAL,EA,1.0,399.97,1.0,SIEMENS,3RD FLR. MRO,7,2,,,,,Active,2026-05-09 12:25:38
SO23150MF,INLINE RECTIFIER,RECTIFIER INLINE,MISCELLANEOUS,ELECTRICAL CABINET,EA,20.0,0.01,1.0,MMU,CABINET I,3,8,3,,,,Active,2026-05-09 12:25:38
SO412-0510,"WIRE ROPE SHEAVE (BUSH) 3/16"" X 3"" X3/8""",,MISCELLANEOUS,MECHANICAL,EA,2.0,0.01,1.0,,CABINET C,2,D,,,,,Active,2026-05-09 12:25:38
SOOW 2/4 UL,ELECTRICAL GPU GORD WIRE,,MISCELLANEOUS,ELECTRICAL,FT,100.0,0.01,1.0,ALLIED WIRE,SHOP FLOOR RACK,J,2,A,,,,Active,2026-05-09 12:25:38
SPXCB15,PRESSURE CART ELEMENT FILTER-CF.15,,PRESSURE CART,PNEUMATIC,EA,1.0,0.01,1.0,SPXFLOW,3RD FLR. MRO,3,3,,,,,Active,2026-05-09 12:25:38
SQ231503FR,RECTIFIER 480V,480V RECTIFIER,MISCELLANEOUS,ELECTRICAL CABINET,EA,18.0,43.99,1.0,AMAZON,CABINET I,3,8,4,,,,Active,2026-05-09 12:25:38
SR-215M,"Sealing Ring, Bolt-On  for VP215 Pads/with Plastic Spears",,WING LIFTER,PNEUMATIC,EA,3.0,173.0,1.0,ANVER,3RD FLR. MRO,2,2,,,,,Active,2026-05-09 12:25:38
SS-2406-04-06-FG,ADAPTER 1/4 FEMALE JIC X 3/8 MALE JIC SS,,MECHANCAL,MECHANCAL,EA,10.0,32.83,0.0,PENSACOLA RUBBER & GASKET,CABINET C,2,5,1,,,,Active,2026-05-09 12:25:38
SS-5404-L-06-06-3.5-FG,HEX NIPPLE 3.5 SS,,MISCELLANEOUS,MECHANICAL,EA,4.0,0.01,1.0,PENSACOLA R&G,CABINET C,3,N,3,,,,Active,2026-05-09 12:25:38
SS5Y36002U,MFLD BODY PT CASSETTE,MFLD BODY PT CASSETTE,MISCELLANEOUS,ELECTRICAL CABINET,EA,2.0,0.01,1.0,SMC,CABINET I,3,2,3,,,,Active,2026-05-09 12:25:38
SUB-8-56,ADAPTER NUT,,MISCELLANEOUS,Mechanical,EA,2.0,0.01,1.0,McMASTER CARR,3RD FLR. MRO,2,2,,,,,Active,2026-05-09 12:25:38
SW-0/3H,MAGNETIC SWITCH,,MISCELLANEOUS,ELECTRICAL CABINET,EA,10.0,0.01,1.0,FUJI,CABINET I,2,2,2,,,,Active,2026-05-09 12:25:38
SY3160-5WOZ-C4,5 PORT SOLENOID,5 PORT SOLENOID,MISCELLANEOUS,ELECTRICAL CABINET,EA,3.0,0.01,1.0,SMC,CABINET I,3,1,2,,,,Active,2026-05-09 12:25:38
SZL-VL-S-F-N-M,LIMIT SWITCH,,MISCELLANEOUS,ELECTRICAL CABINET,EA,2.0,0.01,1.0,HONEYWELL,CABINET I,1,12,2,,,,Active,2026-05-09 12:25:38
T15AL250V,BOJACK 6x30 mm 15A 250V Slow Blow Fuses 15 amp 250 Volt 0.24 x 1.18 Inch Glass,,MISCELLANEOUS,ELECTRICAL,EA,0.0,16.99,0.0,AMAZON,CABINET I,,,,,,,Active,2026-05-09 12:25:38
TE-801-TFIX01,AIRCRAFT SIM - PRESSURE CART,,PRESSURE CART,PNEUMATIC,EA,1.0,0.01,1.0,,3RD FLR. MRO,2,3,,,,,Active,2026-05-09 12:25:38
TKVD 45/2700-37.5/37.5/AAAB,LINER GUIDANCE SYSTEMS,,MISCELLANEOUS,PNEUMATIC,EA,1.0,0.01,1.0,SCHAFFLER GROUP,3RD FLR. MRO,5,2,,,,,Active,2026-05-09 12:25:38
TKVD35-1570-25-25,LINER GUIDANCE SYSTEMS,,MISCELLANEOUS,PNEUMATIC,EA,1.0,0.01,1.0,SCHAFFLER GROUP,3RD FLR. MRO,5,3,,,,,Active,2026-05-09 12:25:38
TKVD35/1130-45/45/AAAC-G3#U,LINER RAIL,,MISCELLANEOUS,MISCELLANEOUS,EA,2.0,513.0,1.0,SCHAEFFLER GROUP,3RD FLR. MRO,3,2,,,,,Active,2026-05-09 12:25:38
TKVD35/730-45/45/AAAAG3,LINEAR RAIL,,MISCELLANEOUS,Mechanical,EA,1.0,0.01,1.0,SCHAFFLER GROUP,3RD FLR. MRO,5,4,,,,,Active,2026-05-09 12:25:38
TLV1250F1,BATTERY 12V 5Ah,,MISCELLANEOUS,ELECTRICAL CABINET,EA,1.0,24.99,1.0,UPS BATTERY CENTER,CABINET I,3,5,3,,,,Active,2026-05-09 12:25:38
TPE-3,TAPERED PLUG,,MISCELLANEOUS,MECHANICAL,EA,104.0,0.01,1.0,,CABINET C,2,B,2,,,,Active,2026-05-09 12:25:38
TR-0N/3,THERMAL OVERLOAD RELAY,,MISCELLANEOUS,ELECTRICAL CABINET,EA,8.0,0.01,1.0,FUJI,CABINET I,2,2,4,,,,Active,2026-05-09 12:25:38
TRBU1208G-20,TR FLAME RESIST TUBING,,PNEUMATIC,MISCELLANEOUS,FT,30.0,165.0,0.0,SMC,SHOP FLOOR RACK,B,1,B,,,,Active,2026-05-09 12:25:38
TSA/INLPG - 1036,BRACKET ASSEMBLY - TANK,,MISCELLANEOUS,MISCELLANEOUS,EA,1.0,0.01,1.0,,3RD FLR. MRO,4,3,,,,,Active,2026-05-09 12:25:38
TSD650-21,PROVOAST AUTOMATION CONTR (SEALING MIXER PART),,MISCELLANEOUS,MECHANICAL,EA,7.0,97.0,0.0,OK INTERNATIONAL,CABINET C,2,F,5,,,,Active,2026-05-09 12:25:38
TSX55-E/540-30/30/AAAAG2,LINEAR RAIL,,MISCELLANEOUS,Mechanical,EA,1.0,279.95,1.0,SCHAFFLER GROUP,3RD FLR. MRO,5,4,,,,,Active,2026-05-09 12:25:38
TU0805,POLYURATHANE 8X5 CRV..2,BLK TUBING,MISCELLANEOUS,ELECTRICAL CABINET,FT,15.0,0.01,1.0,,CABINET I,2,7,1,,,,Active,2026-05-09 12:25:38
TU1065,POLYURATHANE TUBE 10X6.5 G.US3,CLEAR BLUETUBING,MISCELLANEOUS,ELECTRICAL CABINET,FT,125.0,0.01,1.0,SMC,CABINET I,2,7,1,,,,Active,2026-05-09 12:25:38
TX-2001,QUICK RELEASE HITCH W/MOUNT HARDWARE,,MISCELLANEOUS,MECHANICAL,SET,8.0,0.01,1.0,CREFORM,SHOP FLOOR RACK,J,2,B,,,,Active,2026-05-09 12:25:38
UFA710006,ANCHORAGE WIRE ROPE SKING 6FT 5000LBS,,WIRE,ELECTRICAL,EA,12.0,123.81,1.0,,3RD FLR. MRO,3,3,,,,,Active,2026-05-09 12:25:38
UKFL206D1,BEARING UNIT,,MISCELLANEOUS,Mechanical,EA,2.0,0.01,1.0,NTN AUTOMATION,3RD FLR. MRO,4,2,,,,,Active,2026-05-09 12:25:38
UN3480,RECHARGEABLE BATTERIES,,MISCELLANEOUS,ELECTRICAL CABINET,EA,2.0,0.01,1.0,,CABINET I,3,7,1,,,,Active,2026-05-09 12:25:38
V16F16,VALVE FEMALE PLUG,,MISCELLANEOUS,MECHANICAL,EA,3.0,0.01,1.0,,CABINET C,2,G,3,,,,Active,2026-05-09 12:25:38
VF50ASPPT002AX01,FILTER (PTFE-MEMRANCE),,MISCELLANEOUS,MECHANICAL,EA,8.0,0.01,1.0,THE LAB DEPOT,CABINET C,2,B,12,,,,Active,2026-05-09 12:25:38
VG342-5DZ-10NB,POPPET TYPE VALVE,,CNC MACHINE,PNEUMATIC,EA,2.0,239.32,1.0,SMC,3RD FLR. MRO,2,2,,,,,Active,2026-05-09 12:25:38
VHC12,QUICK COUPLING,,MISCELLANEOUS,MECHANICAL,EA,0.0,0.01,0.0,,CABINET C,2,G,3,,,,Active,2026-05-09 12:25:38
VRL-070C-10-K5-14CB14,PLANETARY GEAR BOX,,MISCELLANEOUS,Mechanical,EA,1.0,378.9,1.0,NIDEC,3RD FLR. MRO,2,3,,,,,Active,2026-05-09 12:25:38
VT325V-035D-N,CNC ACTUATOR,,MISCELLANEOUS,MECHANICAL,EA,2.0,0.01,1.0,SMC,CABINET C,2,E,7,,,,Active,2026-05-09 12:25:38
W-4.463,ELEVATOR BEARING,,ELEVATOR,Mechanical,EA,4.0,70.54,1.0,NTN INTERNATIONAL,3RD FLR. MRO,4,2,,,,,Active,2026-05-09 12:25:38
WMC-45KN-1230,LOAD CELL W/TED,,MISCELLANEOUS,ELECTRICAL,EA,5.0,1456.99,1.0,INTERFACE,3RD FLR. MRO,2,2,,,,,Active,2026-05-09 12:25:38
WXP-MTW8-BLK,CABLE WIRE,,MISCELLANEOUS,ELECTRICAL,FT,25.0,0.01,1.0,,SHOP FLOOR RACK,J,2,B,,,,Active,2026-05-09 12:25:38
X001E7GZY9,RF CONNECTORS,,MISCELLANEOUS,ELECTRICAL CABINET,ea,4.0,0.01,1.0,,CABINET I,1,11,2,,,,Active,2026-05-09 12:25:38
X001FIT41X,GOLF CARD (INDUCTIVE THROTTLE SENSOR),,MISCELLANEOUS,MECHANICAL,EA,1.0,0.01,1.0,,CABINET C,2,H,4,,,,Active,2026-05-09 12:25:38
X00254ZH1H,ANTENNA TERMINAL,,MISCELLANEOUS,ELECTRICAL CABINET,EA,5.0,0.01,1.0,AMAZON,CABINET I,3,9,2,,,,Active,2026-05-09 12:25:38
X0027Z3L2V,3/4 IN SPLIT WIRE LOOM TUBING,,MISCELLANEOUS,ELECT. TOOL/SUPPLY,RL,1.0,0.01,1.0,ALEX TECH,TOOLS/SUPPLY CABINET,,1,2,,,,Active,2026-05-09 12:25:38
X00299Y0WF,LUGS,WIRE LUGS,MISCELLANEOUS,Electrical,EA,16.0,0.01,1.0,McMASETER CARR,CABINET I,1,15,1,,,,Active,2026-05-09 12:25:38
X002AJEV1J,BNC Female to Female Adapter Connector,,ELECTRICAL,ELECTRICAL,EA,7.0,0.01,0.0,AMAZON,CABINET 1,3,7,4,,,,Active,2026-05-09 12:25:38
X002AWOHJV,DC JACK SOCKET,,MISCELLANEOUS,ELECTRICAL CABINET,EA,10.0,0.01,1.0,,CABINET I,3,11,1,,,,Active,2026-05-09 12:25:38
X002F67RGD,6x30 mm 15A 250V Slow-Blow Ceramic Fuses 15 amp,,ELECTRICAL,ELECTRICAL,PK,1.0,7.99,0.0,AMAZON,CABINET 1,1,3,2,,,,Active,2026-05-09 12:25:38
X002H93NT3,AIR FILTER FOR CLYDE STARIS - DIESEL ENGINE,,MISCELLANEOUS,MECHANICAL,EA,1.0,0.01,1.0,,CABINET C,2,D,,,,,Active,2026-05-09 12:25:38
X002UR2M5D,GOLF CART IGNITION SWITCH,,MISCELLANEOUS,ELECTRICAL CABINET,EA,3.0,23.74,1.0,AMAZON,CABINET i,2,5,1,,,,Active,2026-05-09 12:25:38
X00324GDJJ,AA BATTERY POWER BOX,,MISCELLANEOUS,ELECTRICAL CABINET,EA,3.0,0.01,1.0,,CABINET I,3,11,3,,,,Active,2026-05-09 12:25:38
X003A$07UX,5-15P 125 REPLACMENT PLUG YELLEW,,MISCELLANEOUS,ELECT. TOOL/SUPPLY,EA,15.0,0.01,1.0,STAR ELO,TOOLS/SUPPLY CABINET,,3,3,,,,Active,2026-05-09 12:25:38
X003BZRL3B,BATTERY SWITCH - MASTER DISCONNECT,,MISCELLANEOUS,MISCELLANEOUS,EA,1.0,24.99,0.0,AMAZON,3RD FLR. MRO,1,2,,,,,Active,2026-05-09 12:25:38
X003FNA069,MULTI PURPOSE RELAY STARTER,120V 30 AMP,MISCELLANEOUS,ELECTRICAL CABINET,EA,15.0,0.01,1.0,AMAZON,CABINET I,1,5,3,,,,Active,2026-05-09 12:25:38
X003L3G6TD,3.0 INCH V BAND CLAMP FOR FLANGE KIT SS,,MISCELLANEOUS,MECHANICAL,EA,4.0,0.01,1.0,EVIL ENERGY,CABINET C,2,H,4,,,,Active,2026-05-09 12:25:38
X00GV34R,ELECTRICAL CONNECTOR PLUG KIT,AUTO.  ELECTRICAL CONNECTOR TERMINALS,MISCELLANEOUS,ELECTRICAL CABINET,KIT,1.0,0.01,1.0,VRUPIN,CABINET I,2,4,1,,,,Active,2026-05-09 12:25:38
X1000070,DRIVE MOTOR,KIT#01,MISCELLANEOUS,MISCELLANEOUS,EA,1.0,0.01,1.0,KIT#01,3RD FLR. MRO,5,4,,,,,Active,2026-05-09 12:25:38
X1000078,AMETEK SWITCH,,MISCELLANEOUS,MISCELLANEOUS,EA,1.0,0.01,1.0,,SHOP FLOOR RACK,B,2,A,,,,Active,2026-05-09 12:25:38
X1000624,12IN TOUCHSCREEN (ENGINE LOADER),CR1201,ENGINE LOADER,ELECTRICAL,EA,1.0,3564.0,1.0,,3RD FLR. MRO,7,3,,,,,Active,2026-05-09 12:25:38
X1000759,ENGINE LOADER PLC,,ENGINE LOADER,ELECTRICAL,EA,1.0,2672.0,1.0,IFM ELECTRONI,3RD FLR. MRO,2,2,,,,,Active,2026-05-09 12:25:38
X20022F7K37,WELDER 30A EXTENSION CORD,NEMA 6-30 MALE AND FEMALE,MISCELLANEOUS,ELECTRICAL CABINET,EA,1.0,0.01,1.0,PARKWORLD,CABINET I,2,9,3,,,,Active,2026-05-09 12:25:38
Z-8326-1,ELECTRIC PANEL BOX FOR TRONAIR TILT TAIL STAND,,MISCELLANEOUS,ELECTRICAL,EA,1.0,187.0,1.0,TRONAIR,3RD FLR. MRO,1,4,,,,,Active,2026-05-09 12:25:38
Z8 17127,FILTER SEAL,,MISCELLANEOUS,MISCELLANEOUS,EA,1.0,239.13,1.0,NILFISK,3RD FLR. MRO,2,3,,,,,Active,2026-05-09 12:25:38
Z817477,FILT. DISC D560 10PPI,,MISCELLANEOUS,MISCELLANEOUS,EA,14.0,0.01,1.0,NIFISK,3RD FLR. MRO,6,2,,,,,Active,2026-05-09 12:25:38
Z817591,DISCO DISK FILTER,,VACUUM,MISCELLANEOUS,EA,4.0,0.01,4.0,NILFISK,3RD FLR. MRO,4,1,,,,,Active,2026-05-09 12:25:38
ZKLF2068-2RS-XL,ROLLING BEARING,,MISCELLANEOUS,MECHANICAL,EA,1.0,0.01,1.0,,CABINET C,1,L,5,,,,Active,2026-05-09 12:25:38
ZMCCHX59,"""O"" RING",,MISCELLANEOUS,MECHANICAL,EA,24.0,0.01,1.0,McMASTER CARR,CABINET C,3,C,1,,,,Active,2026-05-09 12:25:38
ZSE20B-T-C6L,PRESSURE GUAGE,,CNC MACHINE,ELECTRICAL CABINET,EA,3.0,0.01,1.0,SMC,CABINET I,2,1,4,,,,Active,2026-05-09 12:25:38
ZSE20B-T-C6L-W,3 SCREEN HI PRECISION DIG PRESS SWITCH,,ELECTRICAL,ELECTRICAL,EA,1.0,53.0,0.0,SMC,CABINET I,2,1,4,,,,Active,2026-05-09 12:25:38
ZSE20BF-T-P-NO1-W,PRESSURE SWITCH,,MISCELLANEOUS,ELECTRICAL CABINET,EA,5.0,0.01,1.0,SMC,CABINET I,2,1,4,,,,Active,2026-05-09 12:25:38
ZZZ904,SYNTM SLING,,MISCELLANEOUS,MECHANICAL,EA,2.0,0.01,1.0,,CABINET C,2,F,7,,,,Active,2026-05-09 12:25:38
