ID,SAP Material No,BFM Equipment No,Description,Tool ID/Drawing No,Location,Master LIN,Monthly PM,Six Month PM,Annual PM,Last Monthly PM,Last Six Month PM,Last Annual PM,Next Monthly PM,Next Six Month PM,Next Annual PM,Status
1,96007827,20246919,DUMMY SLIDE,C01518150-TFIX03,LCS030/040 CAGE,,False,False,True,,,2026-01-06,,,2027-01-06,Active
2,96007513,20245965,UNIVERSAL LIFTER LG,C01619001-HFIX01,LCS002,,False,False,True,,,2025-11-03,,,2026-11-03,Active
5,96011493,20329356,KIT TARGET LASER,C01370000-SFIX41,LCS001 TOP,,False,False,True,,,2026-02-04,,,2027-02-04,Active
6,95159504,20002705,AF-760-F-2 (TOW),,,,False,False,False,,,,,,,Deactivated
7,96007342,20245261,"PROTECTION, EMERGENC DR SLIDE LVR, A321",C05258250-SFIX01,LCS070,,False,False,True,,,2026-03-04,,,2027-03-04,Active
8,96007803,20246718,7-STEP LADDER - GREY,ML-073221G,LCS010/020,,False,False,True,,,2025-11-25,,,2026-11-25,Active
9,96007911,20246156,SUPER AIR AMPLIFIER,TE-0804,LCS030/040 CAGE,,False,False,True,,,2025-11-17,,,2026-11-17,Active
10,96007224,20243228,DRILL TEMPLATE FOR STRINGER SPLICE FR61,C01303000-DJIG58,LCS001 TOP,,False,False,True,,,2026-02-23,,,2027-02-23,Active
11,96007900,20246427,INTERNAL HANDLE ADAPTER (ESCAPE HATCH),S500-520005-TFIX04,LCS003 CAGE,,False,False,True,,,2026-03-11,,,2027-03-11,Active
12,96005875,20218902,VACUUM BOX,S500-470011-TFIX02,LCS003 CAGE,,False,False,True,2025-09-15,2025-08-13,2025-08-13,2025-10-15,2026-02-09,2026-09-20,Active
13,96007557,20245977,LH DRILL DOLLY,C01603001-PUPJ01,LCS002,,False,False,True,,,2025-11-03,,,2026-11-03,Active
14,96007172,20243176,DRILL TEMPLATE FOR STRAP FR61,C01303000-DJIG06,LCS001 LOWER,,False,False,False,,,2025-10-23,,,,Cannot Find
15,96007457,20246092,FR61 BEAM POSITIONER,GT9910652-GTOO01,LCS001 TOP,,False,False,True,,,2025-11-21,,,2026-11-21,Active
16,96007750,20245996,WIPER LOCATOR,C05000000-SFIX01,FLIGHTLINE,,False,False,True,,,2025-11-21,,,2026-11-21,Active
17,96011848,20506367,IPLEX Borescope,,FLIGHTLINE TOOL SHOP,,True,False,True,2026-04-27,,2026-01-01,2026-05-27,,2028-01-01,Active
18,96007815,20246777,5-STEP LADDER NO HAND RAIL - BLUE,,,,False,False,False,,,,,,,Deactivated
19,96008050,20248176,"LASER, DISTANCE METER INDOOR MEASURING",,,,False,False,False,,,,,,,Deactivated
20,96005506,20217605,"TEST SET, AIR DATA DPST-9300A",DPST-9300A,FLIGHTLINE,,False,False,True,2025-09-04,,2025-09-05,2025-10-04,,2026-09-05,Active
21,96004613,20205184,"LIGHT, 4FT 30W 5K DIMMABLE SHOP",,,,False,False,False,,,,,,,Deactivated
22,96003873,20238866,"OHMMETER, MICRO, LOW RESISTANCE",,,,False,False,False,,,,,,,Deactivated
23,96006609,20234798,"TESTER, HARNESS DISCHARGE",475612,LCS030/040 CAGE,,False,False,True,2025-09-08,,2025-09-15,2025-10-08,,2026-09-15,Active
24,96006428,20223068,"CABLE, HEATER BH405",BH405,LCS030/040,,False,False,True,2025-08-26,,2025-09-03,,,2026-09-03,Active
25,96011475,20329103,Laser monument short shaft,2301-010000,LCS-300 LASER BOX B,,False,False,True,,,2026-02-04,,,2028-02-04,Active
26,96006637,20242648,SPOILER INCLINOMETER,S500-276011-TFIX02,FLIGHTLINE,,False,False,True,2025-10-07,,,2025-11-06,,2026-07-12,Active
27,96007416,20246418,TAILSTAND (US PROCURED),03A5846C0100,BAY 5,,False,False,True,2025-08-06,2025-08-06,2025-08-06,2025-09-05,2026-02-02,2026-08-06,Active
28,96007798,20247036,FOD PROTECTION COVER,S500-210001-SFIX04,LCS002 CAGE,,False,False,True,,,2025-12-08,,,2026-12-08,Active
29,96007474,20245468,BIG BRUTE PULLER,GT9910683-GTOO01,LCS002 CAGE,,False,False,True,,,2026-03-08,,,2027-03-08,Active
30,96007245,20243249,DRILL TEMPLATE FOR STRINGER SPLICE FR61,C01303000-DJIG79,LCS001 LOWER,,False,False,True,,,2026-02-24,,,2027-02-24,Active
32,96006847,20238293,LCS002 SWIVEL TENSION FITTING DRILL JIG,,,,False,False,False,,,,,,,Deactivated
33,96007937,20279839,FIREX DRAIN PLUG KIT,S500-262001-TFIX02,LCS903,,False,False,True,,,2026-01-27,,,2027-01-27,Active
34,96007570,20246483,4-STEP NO-HANDRAIL WHITE LADDER,C01300000-SCLD20,GUAGING CANOPY,,False,False,True,,,2027-03-23,,,2028-03-22,Active
35,95166707,20068446,825 LED VERTICAL LIGHT MOBILE STAND,,,,False,False,False,,,,,,,Deactivated
37,96007614,20245547,ADJUSTABLE AFT CARGO,C01340000-SCLD04,LCS003,,False,False,True,2025-09-29,,2025-11-04,2025-10-29,,2026-11-04,Active
38,96007675,20246626,FWD CARGO BEAM SUPPORT,C01754200-SFIX01,US-LCS001-MEC,,False,False,True,,,2025-11-27,,,2026-11-27,Active
39,96011475,20329374,Laser monument short shaft,2301-010000,LCS-003 - LASER BOX A,,False,False,True,,,2026-02-02,,,2028-02-02,Active
40,96007581,20313559,Wing Access,,,,True,False,True,2026-03-01,,2026-01-01,,,2027-01-01,Active
41,96011475,20329106,Laser monument short shaft,2301-010000,LCS-003 TOOL BOX,,False,False,True,,,2026-02-02,,,2028-02-02,Active
43,96007867,20246451,FUEL FUNNEL AND SUCTION CUP,S500-280011-TFIX09,LCS030/040,,False,False,False,,,,,,,Cannot Find
44,96003739,20216235,SNAP-ON TORQ METER,,,,False,False,False,,,,,,,Deactivated
45,96005871,20218835,"LASER TRACKER, AT40. ABSOLUTE",,,,False,False,False,,,,,,,Deactivated
46,96007831,20303619,Extension head set,,,,True,False,True,2026-03-01,,2026-01-01,,,2027-01-01,Active
47,96007836,20246107,OWEED CLOSING TOOL,C500-522111-TFIX04,LCS003 TOP,,False,False,True,,,2025-11-17,,,2026-11-17,Active
49,96007206,20243210,DRILL TEMPLATE FOR STRINGER SPLICE FR61,C01303000-DJIG40,LCS001 LOWER,,False,False,True,,,2025-10-27,,,2026-10-27,Active
50,96007445,20245448,JACK PAD,,,,False,False,False,,,,,,,Deactivated
51,96007662,20245589,F/S LWR CAP RH FS3-2 LCS002,C01356503-002-SFIX02,LCS002,,False,False,True,2025-09-30,,2025-11-03,2025-10-30,,2026-11-03,Active
52,96005898,20219605,"CART, HE-2 HYDRAULIC POWER UNIT CART",HE2-25,30/40,,True,True,True,2026-03-17,2026-02-18,2025-07-22,2026-04-16,2026-08-17,2027-01-18,Active
53,96007763,20245664,B-S CS300 B1-2 & B2-2 LCS02,C01356610-002-SFIX01,LCS002,,False,False,True,,,2025-11-18,,,2026-11-18,Active
54,96007962,20245905,IMS PATCH HARNESS,S500-461111-TFIX01,LCS003 AVI CAB,,False,False,True,,,2025-11-04,,,2026-11-04,Active
55,96003760,20198311,"MONITOR, CONSTANT, W/WRIST STRAP & MAT",S/N BAR0403569,ELT SHOP,,False,False,False,2025-09-12,2025-08-13,2025-08-13,2025-10-12,2026-02-09,2026-08-13,Cannot Find
56,96007376,20329882,HIGH PRESSURE CONNECTOR,K-3706,LCS003,,False,False,False,,,2026-02-12,,,,Deactivated
57,96007869,20246536,NACA SCOOP PLUG PANEL,S500-281001-TFIX01,LCS003 CAGE,,False,False,True,,,2026-03-20,,,2027-03-20,Active
58,96009339,20278621,SOUND ABSORBING PANEL - SET OF 6,C04401700-SFIX08,LCS030/040,,False,False,True,,,2025-12-15,,,2026-12-15,Active
59,96007931,20246497,ENGINE WEIGHT,S500-100011-TFIX04,LCS010/020,,False,False,True,,,2026-03-18,,,2027-03-18,Active
60,96007176,20243180,DRILL TEMPLATE FOR STRAP FR61,C01303000-DJIG10,LCS001 TOP,,False,False,True,,,2025-10-21,,,2026-10-21,Active
61,96007544,20245817,OWEED DADO LOCATING JIG,C04422007-LJIG05,LCS010/020 INTERIORS CAGE,,False,False,True,2025-10-15,,,2025-11-14,,2026-10-08,Active
63,96011639,20350502,Staging Slide Installation,C00505340-SCLD01,LCS030/040,,False,False,True,,,2026-02-11,,,2027-02-11,Active
64,96007942,20246385,FLAP CARRIAGE HOLDER KIT LCS020,S500-275201-TFIX02,ACS825,,False,False,True,,,2025-11-17,,,2026-11-17,Active
65,96011052,20313169,GABARIT DE PERCAGE,C02322600,LCS001,,False,False,False,,,,,,,Cannot Find
66,96007932,20246116,MOORING BRACKET ADAPTER,S500-100011-TFIX11,LCS070,,False,False,True,,,2025-11-19,,,2026-11-19,Active
67,96009353,20278775,SIDE PANELS HOLDING TOOL,C04403703-HFIX01,LCS010/020,,False,False,True,,,2025-12-16,,,2026-12-16,Active
68,96007581,20246774,5-STEP WHITE LADDER,C01601001-SCLD01,LCS002,,False,False,True,,,2025-11-24,,,2026-11-24,Active
69,96004780,20208740,"PUMP, ACCU LUBE",TBD,ADU SHOP,,False,False,False,2025-11-13,,2025-11-13,,,,Deactivated
70,96007514,20245809,MLG S/BRACE ADAPTOR HEAD LCS002,C01619001-HFIX02,LCS002,,False,False,True,2025-10-14,,,2025-11-13,,2026-10-15,Active
71,96007101,20243105,DRILL TEMPLATE FOR STRINGER SPLICE FR30,C01302000-DJIG15,LCS001 TOP,,False,False,True,,,2025-09-19,,,2026-09-19,Active
72,96007308,20243312,CS300 WING JOINING DRILL JIG,C01663001-002-DJIG12,LCS002 TOP,,False,False,False,,,2026-02-25,,,,Deactivated
73,96007390,20246831,MFS PISTON ROD COLLAR  (US PROCURED),490500GSE1-1001,LCS003,,False,False,True,,,2025-12-02,,,2026-12-02,Active
74,96007814,20319928,5-STEP LADDER - BLUE,WA053214GSU,LCS070,,False,False,True,,,2026-01-27,,,2027-01-27,Active
75,96007982,20290195,HEADSET DUAL TO SINGLE PLUG ADAPTOR,S670-234001-TFIX01,LCS903,,False,False,False,,,,,,,Deactivated
76,96005306,20212195,"PULLER UNIT, MULTI-SYSTEM BB-30",PULLER UNIT,LCS002 CAGE,,False,False,True,2025-08-12,2025-08-12,2025-08-12,2025-09-11,2026-02-08,2026-08-12,Active
77,96007402,20245781,FUSELAGE SAFETY NETS,GT9910566-GTOO01,LCS001,,False,False,False,2026-04-27,,2025-11-21,,,,Run to Failure
78,96011475,20329361,Laser monument short shaft,2301-010000,LCS-003 TOOL BOX,,False,False,True,,,2026-02-04,,,2028-02-04,Active
79,96007948,20246054,CONTROL BOX FOR CARGO DOOR,C01550000-TFIX03,LCS003 CAGE,,False,False,True,,,2025-11-17,,,2026-11-17,Active
80,96005311,20250708,"HEADSET, H10-30 AVIATION",2006690,LCS003 CAGE,,False,False,True,,,2025-12-10,,,2026-12-10,Active
81,96007563,20246320,OWEED HANDLE LOCK PIN,,,,False,False,False,,,,,,,Deactivated
82,96007477,20246095,CASE FOR FR61 PLIERS + CLECO,GT9910724-GTOO02,LCS001 TOP,,False,False,True,,,2025-11-17,,,2026-11-17,Active
83,96007566,20312663,RIGGING LIFT CAM MECANISME,C01570000-RFIX04 #12,,,False,False,True,,,2026-01-15,,,2027-01-15,Active
84,96007954,20245900,AUDIO TEST CREW OXY MASK,,,,False,False,False,,,,,,,Deactivated
85,96006637,20230140,SPOILER INCLINOMETER,S500-276011-TFIX02,LCS010/020 CAGE,,False,False,True,2025-09-08,,2025-09-05,2025-10-08,,2026-09-05,Active
86,96007286,20243290,LH FWD TRIFORM,C01603003-001-DJIG30,BASEMENT,,False,False,True,,,2026-02-24,,,2027-02-24,Active
87,96007089,20243093,DRILL TEMPLATE FOR STRAP FR30,C01302000-DJIG03,LCS001 TOP,,False,False,True,,,2025-10-20,,,2026-10-20,Active
88,95167434,20070179,D000-74405-202W8230-90A99,,,,False,False,False,,,,,,,Deactivated
89,96007439,20246176,HAND HELD COMPRESSION WATER SPRAYER,YT30,LCS010/020 CAGE,,False,False,True,,,,,,,Cannot Find
90,96007814,20246882,5-STEP LADDER - BLUE,SEP5-2436-NH,LCS010/020,,False,False,True,,,2025-12-05,,,2026-12-05,Active
91,95164332,20026083,"DRAWER CABINET, 6 DRAWERS, H39.38""XD28.5""",K125,ADU SHOP,,False,False,True,2025-08-13,2025-08-13,2025-08-13,2025-09-12,2026-02-09,2026-08-13,Active
92,96007580,20303593,3-STEP AVIONIC LADDER  + WHITE EXTENSION,C01300000-SCLD23,FLIGHTLINE,,False,False,True,,,2026-01-12,,,2027-01-12,Active
96,96007178,20243182,DRILL TEMPLATE FOR STRAP FR61,C01303000-DJIG12,LCS001 LOWER,,False,False,True,,,2025-10-21,,,2026-10-21,Active
97,96007779,20245843,MLG CS100 #1 AND #2 SPINDLE SIDE BRACE P,C01619001-SFIX03,Basement,,False,False,False,2025-10-14,,,,,,Deactivated
98,96007974,20246066,PHASE ROTATION INDICATOR ADAPTOR KIT,FLUKE 9040-TFIX01,LCS010/020 CAGE,,False,False,True,,,2025-11-17,,,2026-11-17,Active
99,96001863,20270809,INFRA RED LAMP WHITE PORTABLEA,,,,False,False,False,,,,,,,Deactivated
100,96007815,20246797,5-STEP LADDER NO HAND RAIL - BLUE,,,,False,False,False,,,,,,,Deactivated
101,96008328,20252804,"DETECTOR, PARTICLE / BP6NN021",IPD22322130,LCS030/040,,False,False,True,,,2025-12-11,,,2026-12-11,Active
102,96007898,20246435,HANDLE ADAPTER (FEBD),S500-520005-TFIX01,LCS003 CAGE,,False,False,True,,,2026-03-11,,,2027-03-11,Active
103,96002103,20207340,"CABINET, 60 GAL FLAMMABLE",896000,LCS010/020,,False,False,False,,,,,,,Deactivated
104,96007341,20245255,AFT & FWDPAX DOOR HANDLE PROTECTION,C05158150-SFIX01,LCS070,,False,False,False,,,,,,,Deactivated
105,96007507,20284443,LCS002 TRONAIR LIFTING DEVICE (US PROCUR,C01368058-HFIX01,LCS001,,True,False,True,2026-02-27,,,2026-03-29,,2026-11-19,Active
106,96005483,20335646,Hose Reel 2PO Air,S500-120011-SFIX03,H31,,False,False,False,2026-03-23,,,,,,Cannot Find
107,96007840,20328860,A/C PRESSURIZATION PANEL,S500-213001-TFIX01,LCS003(CAGE RACK 4),,False,False,True,,,2026-01-29,,,2028-01-29,Active
108,96007413,20245944,FISH POLE APU  (US PROCURED),PF51-002-1,LCS030/040 CAGE,,True,False,True,2026-04-13,2025-12-11,,2026-05-13,,2026-11-19,Active
109,96004420,20279738,"KIT, SERVICE GAUGE, TIRE/STRUT, A220",14-6833-6030,LCS030/040,,False,False,True,,,2026-01-30,,,2027-01-30,Active
110,96007498,20246810,FAL OVERWING SAFETY FENCE,GT9910591-GTOO01,LCS010/020 CAGE,,False,False,False,,,,,,,Cannot Find
111,96007738,20246329,CARGO FLOOR FWD CS100/300,C02310000-SFIX08,MULT,,False,False,True,,,,,,,Cannot Find
112,96011647,20350511,SLAT TRACK 0 DEGREE BLOCK,S500-278101-TFIX11,LCS003 TFIX CAGE,,False,False,True,,,2026-02-13,,,2027-02-13,Active
113,96009713,20296661,WINGS PROTECTIONS STORAGE CART,C01600000-SFIX90,LCS030/040,,False,False,True,,,2026-01-16,,,2027-01-16,Active
114,96007796,20246100,A/C WOW JACKING SYST,S500-100011-SFIX02,LCS030/040,,True,True,True,2026-03-05,2026-01-23,2025-12-08,2026-04-04,2026-07-22,2026-12-08,Active
115,96007883,20246474,RADIO ALTIMETER DUMMY ANTENNA,S500-344411-TFIX01,LCS003 CAGE,,False,False,True,,,2026-03-17,,,2027-03-17,Active
116,96006664,20277003,RESERVOIR SERVICE UNIT,06-5022-6500-A7,LCS070,,False,False,True,,,2026-01-20,,,2027-01-20,Active
117,96007692,20246446,CARGO MID FLOOR CS100&300,C01370000-SFIX03,MULT,,False,False,False,,,,,,,Deactivated
118,96007622,20299951,"PASSENGER STAIR, CLYDE",15F2820,NEW DOCK,,False,False,True,,,2026-01-14,,,2027-01-14,Active
119,96007980,20278528,R145 LOOPBACK TESTER,S500-461112-TFIX01,LCS903,,False,False,False,,,,,,,Cannot Find
120,96007945,20245734,DUST COVER PULLER,S500-291012-TFIX04,LCS030/040 CAGE,,False,False,False,2025-08-06,2025-08-06,2025-08-06,2025-09-05,2026-02-02,2026-08-06,Deactivated
121,96006920,20240323,GUN COBRA 20FT CABLE,CABLE GUN,LCS010/020 INTERIORS CAGE,,False,False,False,2026-03-06,,,,,,Cannot Find
122,96007608,20245543,RH AFT DIRECT ACCESS,C01300000-002-SCLD11,LCS003,,False,False,True,2025-10-13,,,2025-11-12,,2026-07-10,Active
123,96007824,20245851,PDOS HAND PUMP,S500-710001-TFIX01,FLIGHTLINE,,False,False,True,2025-10-14,,,2025-11-13,,2026-10-12,Active
124,96011299,20324540,GRADUATED CYLINDER 200 ML,HF622,LCS030/040,,False,False,True,,,2026-01-28,,,2027-01-28,Active
126,96007559,20245822,REAR FUSE SUPPORT,C01340000-PUPJ05,LCS001,,False,False,True,2025-10-14,,2026-03-30,2025-11-13,,2027-03-30,Active
127,96011540,20400439,VIASAT RADOME LIFTING JIG,,,,True,False,True,2026-03-01,,2026-01-01,,,2027-01-01,Active
128,96004418,20203671,"GUAGE, A/C STRUT, 0-1500PSI",14-6895-6000,FLIGHTLINE,,False,False,True,2025-08-28,2025-08-28,2025-08-28,2025-09-27,2026-02-24,2026-08-28,Active
129,96007526,20245496,PAX DOOR DOLLY,C01518150-HFIX02,LCS001,,False,False,True,2025-09-30,,,2025-10-30,,2026-06-05,Active
130,96007650,20245577,LCS002 CS300 TS-1 TRIFORM,C01355206-003-SFIX03,LCS002,,False,False,True,,,2025-11-05,,,2026-11-05,Active
131,96007820,20282356,10-STEP LADDER - GREY (IMPR),CAL-ML-104421G-AB,LCS070,,False,False,False,,,,,,,Cannot Find
132,96007960,20246060,EMERGENCY LIGHTING TFIX,S500-334011-TFIX01,LCS010/020 CAGE,,False,False,True,,,2025-11-17,,,2026-11-17,Active
133,96009468,20282591,"BELT, BARRIER, RETRACTABLE STRIPPED YELLOW",60145T267,TRIAGE,,False,False,False,,,,,,,Deactivated
134,96006609,20377959,"TESTER, HARNESS DISCHARGE",475612 (SATAIR),LCS901,,False,False,True,,,2026-02-19,,,2027-02-19,Active
135,96004420,20240568,"KIT, SERVICE GAUGE, TIRE/STRUT, A220",,,,False,False,False,,,,,,,Deactivated
136,96007891,20246042,WASTE PNL PROX SWITCH HOLDER,S500-380011-TFIX06,LCS030/040 CAGE,,False,False,False,,,2025-11-19,,,,Deactivated
137,96007493,20246570,ZERO ENERGY / POWER OFF,GT9910182-GTOO02,LCS030/040 CAGE Rack 5 Shelf D,,False,False,True,,,2025-11-26,,,2026-11-26,Active
138,95164389,20236592,"DISPENSER, SHOE COVER, BOOTIE BUTLER",SHOE COVER DISPENSER,DELIVERY CENTER,,False,False,True,,,2025-09-17,,,2026-09-17,Active
139,96009212,20275482,RL FLR COVERING,C04401965-SFIX03,LCS010/020 INTERIORS CAGE,,False,False,True,,,2026-01-20,,,2027-01-20,Active
140,96005161,20228636,"HARNESS, SAFETY, VEST-STYLE,SMALL",,,,False,False,False,,,,,,,Deactivated
141,96007854,20246108,CLINO ANTENNA HOLDER BRACKET,S500-273011-TFIX04,LCS010/020 CAGE,,False,False,True,,,2025-11-17,,,2026-11-17,Active
142,96007891,20245885,WASTE PNL PROX SWITCH HOLDER,S500-380011-TFIX06,LCS030/040 CAGE,,False,False,True,,,2025-11-03,,,2026-11-03,Active
143,96007075,20350473,"CART, NITROGEN-LAV A LEAK & OBST TFIX",C500-351011-TFIX01,Contingency,,False,False,False,,,,,,,Active
144,96007721,20278520,MLG FUSE PIN PULLER,C01677405-SFIX01,LCS002 CAGE,,False,False,True,,,2025-12-17,,,2026-12-17,Active
145,96007413,20245787,FISH POLE APU  (US PROCURED),PF51-002-1,LCS030/040 CAGE,,True,False,True,2026-03-08,,2026-04-27,2026-04-07,,2027-04-27,Active
148,96007181,20243185,DRILL TEMPLATE FOR STRINGER SPLICE FR61,C01303000-DJIG15,LCS001 TOP,,False,False,True,,,2025-10-28,,,2026-10-28,Active
149,96007672,20246325,TEMPORARY FLOOR DOLLY,,,,False,False,False,,,,,,,Deactivated
150,96007004,20242403,WATER HOSE SUPPORT,GT9910944-GTOO01,LCS070,,False,False,True,2025-10-08,,2026-03-05,2025-11-07,,2027-03-05,Active
151,96007978,20246169,MAINTENANCE PANEL TFIX,S500-461111-TFIX02,LCS003 CAGE RACK 6 SHELF B,,False,False,True,,,2026-03-08,,,2028-03-07,Active
152,96007366,20245412,MATSUURA #1 3 AXIS NC MACHINE,R.PLUS-800 PM1,LCS002,,True,False,True,2026-04-27,2025-07-24,2026-03-30,2026-05-27,2026-01-20,2027-03-30,Active
154,96009497,20289041,CARPET CART,AIC_FEC2201_V1,LCS001,,False,False,False,,,2026-01-12,,,2027-01-12,Active
155,96007612,20245545,STG AFT FUSE ACCESS LADDER,C01300000-SCLD13,LCS002,,False,False,True,2025-10-09,,,2025-11-08,,2026-08-19,Active
156,96007798,20247019,FOD PROTECTION COVER,S500-210001-SFIX04,LCS002 CAGE,,False,False,True,,,2025-12-11,,,2026-12-11,Active
157,96007881,20246954,TARGET  MLG,S500-326101-TFIX03,LCS003 CAGE,,False,False,True,,,2026-01-20,,,2027-01-20,Active
158,96011475,20329366,Laser monument short shaft,2301-010000,LCS-002 - TOOLBOX,,False,False,True,,,2026-02-04,,,2027-02-04,Active
159,96007880,20246949,ANTI-TARGET,S500-326101-TFIX02,LCS010/020 TOOLBOX,,False,False,False,,,2026-01-20,,,2027-01-20,Active
160,96007544,20245974,OWEED DADO LOCATING JIG,C04422007-LJIG05,LCS010/020 INTERIORS CAGE,,False,False,True,,,2025-11-03,,,2026-11-03,Active
161,96008422,20263216,ESD Cabinet,? TENNSCO CABINET?,LCS003,,False,False,True,,,2025-12-11,,,2026-12-11,Active
163,96007320,20245187,SMALL TAPER BLOCK TO INSTALL CEILING,C04400780-SFIX02,LCS010/020 INTERIORS CAGE,,False,False,True,,,2026-03-06,,,2027-03-06,Active
164,96011591,20330204,"VACUUM, SYSTEM BUILT NEDERMAN DC01",DC-01,LCS002,,True,True,True,2026-02-23,2026-03-08,2025-08-06,2026-03-25,2026-09-04,2026-10-25,Active
165,96007410,20246262,"MASTER MOVER, MASTERTUG MT1500+",MT1500,LCS010/020,,False,False,True,2025-08-06,2025-08-06,2025-08-06,2025-09-05,2026-02-02,2026-08-06,Active
166,96007582,20245521,AFT FUSE INTERIOR PLATFORM (GOLDORAK),,,,False,False,False,,,,,,,Deactivated
167,96007593,20245530,V/STAB LH,C01901000-001-SCLD01,LCS002,,False,False,True,2025-09-29,,,2025-10-29,,2026-06-05,Active
168,96007880,20246951,ANTI-TARGET,S500-326101-TFIX02,LCS010/020 TOOLBOX,,False,False,False,,,2026-01-22,,,2027-01-22,Active
169,96007973,20246478,RH WING DOLLY,C016000000-002-TRDY01,NORTH OUTER OF FAL,,False,False,False,,,,,,,Cannot Find
170,96007831,20246470,HEADSET EXTENSION (30 FT),BA670-40001-SFIX02,LCS070,,False,False,True,,,2026-03-17,,,2027-03-17,Active
171,96007273,20243277,DRILL TEMPLATE FOR STRINGER SPLICE FR30,C01712000-002-DJIG01,LCS001 TOP,,False,False,True,,,2026-02-23,,,2027-02-23,Active
172,96007570,20246504,4-STEP NO-HANDRAIL WHITE LADDER,C01300000-SCLD20,LCS070,,False,False,True,,,2026-03-11,,,2027-03-11,Active
173,96007495,20291576,FWD SERVICE DOOR SAFETY NET,GT9910588-GTOO02,MULT,,False,False,True,,,2026-01-14,,,2027-01-14,Active
174,96007390,20246837,MFS PISTON ROD COLLAR  (US PROCURED),490500GSE1-1001,LCS003,,False,False,True,,,2025-12-01,,,2026-12-01,Active
175,96007199,20243203,DRILL TEMPLATE FOR STRINGER SPLICE FR61,C01303000-DJIG33,LCS001 LOWER,,False,False,True,,,2025-10-28,,,2026-10-28,Active
176,96007319,20243325,CUSTOM MINI STAND ZERO G4  ADU,101-5000-20/105840,ADU SHOP,,False,False,True,2025-09-29,,2026-03-05,2025-10-29,,2027-03-05,Active
177,96005350,20212411,"PANEL, AIR REGULATING TE-0177 H3",TE-0177H3,Basement,,False,False,False,2025-09-18,2025-08-12,2025-08-12,,,,Deactivated
178,96011476,20329416,Laser monument long shaft,2301-020000,TBD,,False,False,True,,,2026-02-12,,,2027-02-12,Active
179,96004613,20205173,"LIGHT, 4FT 30W 5K DIMMABLE SHOP",,,,False,False,False,,,,,,,Deactivated
180,96007672,20246282,TEMPORARY FLOOR DOLLY,,,,False,False,False,,,,,,,Deactivated
181,96004780,20302436,"PUMP, ACCULUBE FOR CLECO ADU",,,,False,False,False,,,,,,,Deactivated
182,96007028,20242635,METAL BARS-LOAD TESTER,C00100018-HFIX01,LCS001,,False,False,False,,,,,,,Cannot Find
183,96007914,20246114,HANDLE ADAPTER (MODE SELECT),C01518150-TFIX05,LCS001 TOP,,False,False,True,,,2025-11-17,,,2026-11-17,Active
184,96007809,20581929,13 stairs  Ballymore,,,,True,False,True,2026-04-27,,2026-01-01,2026-05-27,,2027-01-01,Active
185,96007915,20246159,RIGGING SLIDE MECHANISM (OWEED),C01570000-TFIX05,LCS002 CAGE,,False,False,True,,,2025-11-19,,,2026-11-19,Active
186,96007878,20246293,MLG FOD PROTECTOR,S500-321011-TFIX03,LCS010/020 CAGE,,False,False,True,,,2025-11-11,,,2026-11-11,Active
187,96007152,20243156,DRILL TEMPLATE FOR STRINGER SPLICE FR30,C01302000-DJIG66,LCS001 TOP,,False,False,True,,,2025-10-21,,,2026-10-21,Active
188,96008475,20255334,"GUAGE, TANK-MOUNT REGULATING VALVE",TANK GAUGE,LCS003 CAGE,,False,False,True,,,2025-12-10,,,2026-12-10,Active
189,96011475,20329362,Laser monument short shaft,2301-010000,"LCS003 - LASER BOX LH ""C""",,False,False,True,,,2026-02-05,,,2028-02-05,Active
190,96007901,20246252,ECCENTRIC HANDLE,S500-575002-TFIX01,LCS003 CAGE,,False,False,False,,,,,,,Cannot Find
191,96006762,20237059,"CREEPER, 44""X17"" WITH 6 WHEELS","44 x 17, 6 Wheels",FLIGHTLINE,,False,False,True,,,2025-10-22,,,2026-10-22,Active
192,96007360,20303626,Oxygen servicing Cart,,,,True,False,True,2026-03-01,,2026-01-01,,,2027-01-01,Active
193,96007490,20245475,CSERIES WING OVERSIZE BUSHING KIT,KCS-PL8-1/3,LCS002 CAGE,,False,False,True,,,2025-11-06,,,2026-11-06,Active
194,96007551,20245509,FWD C/FTG LH CS300,C01663001-001-LJIG40,LCS002 CAGE Rack 4,,False,False,True,2025-10-15,,2025-11-04,2025-11-14,,2026-11-04,Active
195,96007390,20246828,MFS PISTON ROD COLLAR  (US PROCURED),490500GSE1-1001,LCS003,,False,False,True,,,2025-12-05,,,2026-12-05,Active
196,96007230,20243234,DRILL TEMPLATE FOR STRINGER SPLICE FR61,C01303000-DJIG64,LCS001 TOP,,False,False,True,,,2026-02-24,,,2027-02-24,Active
197,96007177,20243181,DRILL TEMPLATE FOR STRAP FR61,C01303000-DJIG11,LCS001 LOWER,,False,False,True,,,2025-10-21,,,2026-10-21,Active
198,96008848,20269399,ESD Continuous Monitor,19321,MULT,,False,False,True,,,2025-12-11,,,2026-12-11,Active
199,96007609,20245833,AFT PAX INTERIOR FINITION STAGING + ELEV,C01300000-SCLD03,LCS030/040,,False,False,True,2025-10-14,,,2025-11-13,,2026-07-08,Active
200,96007329,20245224,MONUMENTS Z3 LOCALIZATION STRING,C04400013-LJIG01,LCS010/020 INTERIORS CAGE,,False,False,True,2025-09-29,,2026-03-05,2025-10-29,,2027-03-05,Active
201,96007394,20245432,5 WATTS 100-250MHZ ELEMENT (US PROCURED),,,,False,False,False,,,,,,,Deactivated
202,96007207,20243211,DRILL TEMPLATE FOR STRINGER SPLICE FR61,C01303000-DJIG41,LCS001 LOWER,,False,False,True,,,2025-10-27,,,2026-10-27,Active
203,95163226,20087063,TECHKIT/SEMKIT CARTRIDGE MIXER,TS6500,LCS030/040,,False,False,True,2025-09-22,2025-08-18,2025-09-03,2025-10-22,,2026-09-22,Active
205,96007577,20246365,C SERIES CARGO ACCESS,C01550000-SCLD03,LCS070,,False,False,True,,,2025-11-12,,,2026-11-12,Active
206,96007342,20245262,"PROTECTION, EMERGENC DR SLIDE LVR, A321",C05258250-SFIX01,LCS070,,False,False,True,,,2026-03-05,,,2027-03-05,Active
208,96007808,20245693,13-STEP LADDER - BLUE,,,,False,False,False,,,,,,,Deactivated
209,96007798,20247001,FOD PROTECTION COVER,S500-210001-SFIX04,LCS010/020 CAGE,,False,False,True,,,2025-12-08,,,2026-12-08,Active
210,96007875,20245709,HEAT EXCHANGER KIT,S500-290012-TFIX05,LCS003 CAGE,,False,False,True,2025-10-10,,,2025-11-09,,2026-07-15,Active
211,96007900,20246437,INTERNAL HANDLE ADAPTER (ESCAPE HATCH),S500-520005-TFIX04,LCS003 CAGE,,False,False,True,,,2026-03-12,,,2027-03-12,Active
213,96010800,20581040,WING JOINING GUTTER ASSY - LH (KIT OF 10),C01603001-001-TFIX40,LCS002,,False,False,True,,,2026-02-17,,,2027-02-17,Active
215,96004613,20205232,"LIGHT, 4FT 30W 5K DIMMABLE SHOP",,,,False,False,False,,,,,,,Deactivated
216,96007464,20245957,GROUND PIN LOCK (60-PIN KIT),GT9910362-GTOO01,LCS002 CAGE,,False,False,False,,,,,,,Deactivated
217,96004500,20207310,"PLATFORM, REAR-EXIT WORK, 3 STEP 24X36",,,,False,False,False,,,,,,,Deactivated
218,96007244,20243248,DRILL TEMPLATE FOR STRINGER SPLICE FR61,C01303000-DJIG78,LCS001 LOWER,,False,False,True,,,2026-02-23,,,2027-02-23,Active
219,96007550,20245508,TF ALIGNMENT TOOLS,C01603001-LJIG50,LCS002 CAGE,,False,False,True,2025-10-14,,2026-04-27,2025-11-13,,2027-04-27,Active
220,96010514,20582358,Small antenna,,,,True,False,True,2026-03-01,,2026-01-01,,,2027-01-01,Active
221,96007798,20247018,FOD PROTECTION COVER,S500-210001-SFIX04,LCS002 CAGE,,False,False,False,,,,,,,Cannot Find
222,96007214,20243218,DRILL TEMPLATE FOR STRINGER SPLICE FR61,C01303000-DJIG48,LCS001 TOP,,False,False,True,,,2025-10-27,,,2026-10-27,Active
223,96006554,20226128,"ADAPTOR, OXYGEN FILL TRONAIR PC1006",PC-1006,DELIVERY CENTER,,False,False,True,,,2025-09-03,,,2026-09-03,Active
225,96007391,20246347,GROUND SPOILER PISTON ROD COLLAR   (US P,490640GSE1-1001,LCS003 CAGE,,False,False,True,,,2025-11-11,,,2026-11-11,Active
226,96007565,20312657,RIGGING SELF OPENING MECANI,C01570000-RFIX03 #12,,,True,False,True,2026-03-01,,2026-01-01,,,2027-01-01,Active
227,96006762,20237058,"CREEPER, 44""X17"" WITH 6 WHEELS","44 x 17, 6 Wheels",FLIGHTLINE DOCK 2 Storage,,False,False,False,,,,,,,Cannot Find
228,96007823,20245699,WING -WING NUT CLEANING,,,,False,False,False,,,,,,,Deactivated
229,96012775,20647316,JLG Eco Lift 70,,,,True,False,True,2026-04-28,,2026-01-01,2026-05-28,,2027-01-01,Active
230,96007973,20246520,RH WING DOLLY,,,,False,False,False,,,,,,,Deactivated
231,96008050,20248179,"LASER, DISTANCE METER INDOOR MEASURING",,,,False,False,False,,,,,,,Deactivated
232,96007792,20246005,PERMANENT FLOOR DOLLY,C01850000-SFIX01,LCS003,,False,False,True,,,2025-11-20,,,2026-11-20,Active
233,96007142,20243146,DRILL TEMPLATE FOR STRINGER SPLICE FR30,C01302000-DJIG56,LCS001 TOP,,False,False,True,,,2025-10-21,,,2026-10-21,Active
234,96007938,20245732,CARGO POSITIVE PRESSURIZATION ADAPTER,S500-262401-TFIX02,LCS030/040 CAGE,,True,False,True,2026-02-05,,2026-04-27,,,2027-04-27,Active
235,96007493,20246567,ZERO ENERGY / POWER OFF,GT9910182-GTOO02,LCS010/020 CAGE,,False,False,True,,,2025-11-28,,,2026-11-28,Active
236,96007835,20245855,FUEL INERTING ADAPTER FITTING,C500-470011-TFIX03,LCS003 CAGE/Rack 6 ShelfA,,False,False,True,2025-10-14,,,2025-11-13,,2026-06-15,Active
237,96007675,20246602,FWD CARGO BEAM SUPPORT,C01754200-SFIX01,US-LCS001-MEC,,False,False,True,,,2025-11-24,,,2026-11-24,Active
238,96008328,20253965,"DETECTOR, PARTICLE / BP6NN021",IPD22322130,LCS070,,False,False,True,,,2025-12-09,,,2026-12-09,Active
239,96007493,20246576,ZERO ENERGY / POWER OFF,GT9910182-GTOO02,LCS070 CAGE,,False,False,True,,,2025-11-26,,,2026-11-26,Active
240,96007421,20246419,NOSE JACK TRIPOD (US PROCURED),FEN301A21,LCS030/040,,True,True,True,2026-02-27,2026-02-11,2025-12-08,2026-03-29,2026-08-10,2026-12-08,Active
241,96004561,20205018,"CART, GROUND SUCTION TEST",TE-0805,BASEMENT,,False,False,True,2025-09-18,2025-08-13,2025-08-13,2025-10-18,2026-02-09,2026-08-13,Active
242,96007390,20246870,MFS PISTON ROD COLLAR  (US PROCURED),490500GSE1-1001,LCS010/020 CAGE,,False,False,True,,,2025-12-03,,,2026-12-03,Active
243,96011476,20329414,Laser monument long shaft,2301-020000,LCS 003 - LASER BOX B,,False,False,True,,,2026-02-10,,,2028-02-10,Active
244,96006637,20242647,SPOILER INCLINOMETER,S500-276011-TFIX02,LCS070,,False,False,False,2025-10-09,,,,,,Cannot Find
246,96007804,20246589,8-STEP LADDER - BLUE,ML-083221G,LCS001,,False,False,True,,,2025-11-26,,,2026-11-26,Active
247,96007742,20245650,PROTECTION JIG,C04400002-SFIX03,LCS010/020 INTERIORS CAGE,,False,False,False,,,2025-11-04,,,,Deactivated
248,96007184,20243188,DRILL TEMPLATE FOR STRINGER SPLICE FR61,C01303000-DJIG18,LCS001 TOP,,False,False,True,,,2025-10-28,,,2026-10-28,Active
249,95164375,20048639,"CABINET, 30 GAL FLAMMABLE",893020,ADU SHOP,,False,False,True,2025-08-13,2025-08-13,2025-08-13,2025-09-12,2026-02-09,2026-08-13,Active
250,96007676,20246506,FWD CARGO FLOOR DOLLY,C02310000-SFIX11,LCS001,,False,False,False,,,,,,,Deactivated
251,96007981,20328863,Dummy battery,S500-247012-TFIX00,LCS070 - Bay 5,,False,False,True,,,2026-01-27,,,2027-01-27,Active
252,96007255,20243259,FLOOR FR61 LBL23 BL0 LCS010,C01304262-DJIG03,LCS001 TOP,,False,False,True,,,2026-03-04,,,2027-03-04,Active
254,96007618,20245551,ADJUSTABLE AFT CARGO,C01340000-SCLD12,LCS002,,True,False,True,2026-04-27,,2026-03-23,2026-05-27,,2027-03-23,Active
255,96006609,20234794,"TESTER, HARNESS DISCHARGE",475612,LCS030/040 CAGE,,False,False,True,2025-09-08,,2025-09-15,2025-10-08,,2026-09-15,Active
256,96007721,20245631,MLG FUSE PIN PULLER CS300 LCS002,C01677405-SFIX01,LCS002 CAGE RACK 4,,False,False,True,,,2025-11-05,,,2026-11-05,Active
257,96007837,20246013,IASC PRESSURE CONTROL HOSE,S100-213002-TFIX01,LCS010/020 CAGE,,False,False,True,,,2025-11-17,,,2026-11-17,Active
258,96007788,20245844,AFT C-FTG CS300 RSCF3-1,C01663221-001-SFIX03,LCS002,,False,False,True,2025-10-17,,,2025-11-16,,2026-10-15,Active
259,96008025,20246082,Vacuum Pump,,,,True,False,True,2026-03-01,,2026-01-01,,,2027-01-01,Active
260,96007465,20327600,SWIVEL TENSION FITTING DRILL JIG,GT9910461-GTOO01,US-LCS002-MEC,,True,False,True,2026-04-09,,2026-03-02,2026-05-09,,2027-03-02,Active
261,96007972,20246540,LH WING DOLLY,,,,False,False,False,,,,,,,Deactivated
262,96004408,20203609,"BLOCK, MEASURING",GT9910564-GTOO01,LCS001 TOP,,False,False,False,2025-08-21,2025-08-21,2025-08-21,,,,Cannot Find
263,96007410,20246305,"MASTER MOVER, MASTERTUG MT1500+",MT1500,LCS010/020,,False,False,True,2025-08-04,2025-08-04,2025-08-04,2025-09-03,2026-01-31,2026-05-04,Active
264,96004781,20208746,"PUMP, NOVATOR ORBITAL",,,,False,False,False,,,,,,,Deactivated
265,96007390,20246834,MFS PISTON ROD COLLAR  (US PROCURED),490500GSE1-1001,LCS003,,False,False,True,,,2025-12-04,,,2026-12-04,Active
266,96007616,20245549,ADJUSTABLE FWD CARGO,C01340000-SCLD08,LCS010/020,,False,False,True,2025-09-29,,2026-04-27,2025-10-29,,2027-04-27,Active
267,96007682,20246759,COCKPIT WORKING BENCH,,,,False,False,False,,,,,,,Deactivated
268,96007571,20245826,5-STEP MLG EXT WHITE LADDER,C01300000-SCLD25,LCS030/040,,False,False,True,,,2025-11-05,,,2026-11-05,Active
269,96007689,20245994,ACU INSTALLATION TOOL,C01368260-SFIX01,LCS070,,False,False,True,,,2025-11-18,,,2026-11-18,Active
270,96007239,20243243,DRILL TEMPLATE FOR STRINGER SPLICE FR61,C01303000-DJIG73,LCS001 LOWER,,False,False,True,2025-10-07,,2026-02-23,2025-11-06,,2027-02-23,Active
271,96006920,20240322,GUN COBRA 20FT CABLE,CABLE GUN,LCS010/020 INTERIORS CAGE,,True,False,True,2026-04-06,,2026-03-03,2026-05-06,,2027-03-03,Active
272,96007934,20246384,PRESSURIZATION BLANKING KIT,S500-213001-TFIX03,LCS070 CAGE,,False,False,True,,,2025-11-17,,,2026-11-17,Active
273,96011647,20350510,SLAT TRACK 0 DEGREE BLOCK,S500-278101-TFIX11,LCS003 TFIX CAGE,,False,False,True,,,2026-02-12,,,2027-02-12,Active
274,96007977,20246067,DOME LIGHT J4030 JUMPER,S500-331011-TFIX01,LCS010/020 CAGE,,False,False,True,,,2025-11-17,,,2026-11-17,Active
275,96007554,20246232,MASTER MOVER,MM000573,LCS002,,False,False,True,2025-08-06,2025-08-06,2025-08-06,2025-09-05,2026-02-02,2026-08-06,Active
276,96011475,20329101,Laser monument short shaft,2301-010000,LCS-003 - LASER BOX A,,False,False,True,,,2026-02-02,,,2028-02-02,Active
277,96007947,20246118,WASTE BLANKING CAPS,S500-383001-TFIX01,Basement,,False,False,False,,,2025-11-21,,,,Deactivated
278,96007110,20243114,DRILL TEMPLATE FOR STRINGER SPLICE FR30,C01302000-DJIG24,LCS001 TOP,,False,False,True,,,2025-09-22,,,2026-09-22,Active
279,96002753,20262627,"HARNESS, SAFETY, VEST-STYLE, MED/LARGE",,,,False,False,False,,,,,,,Deactivated
280,96006762,20237057,"CREEPER, 44""X17"" WITH 6 WHEELS","44 x 17, 6 Wheels",FLIGHTLINE,,False,False,True,,,2025-10-22,,,2026-10-22,Active
281,96007946,20407812,MLG SV ADAPTER,S500-321011-TFIX01,,,True,False,True,2026-03-01,,2026-01-01,,,2027-01-01,Active
282,96007834,20306595,EOAM TRIGGER RIGGING,C01518150-TFIX06,DOORS BOX,,False,False,True,,,2026-01-14,,,2027-01-14,Active
283,96007932,20299767,Mooring Bracket Adapter,,,,True,False,True,2026-04-06,,2026-01-01,2026-05-06,,2027-01-01,Active
284,96007622,20299952,"PASSENGER STAIR, CLYDE",15F2820,320 GUAGING,,False,False,True,,,2026-01-15,,,2027-01-15,Active
285,96007341,20245250,AFT & FWDPAX DOOR HANDLE PROTECTION,C05158150-SFIX01,LCS070,,False,False,True,,,2025-12-19,,,2026-12-19,Active
286,96007581,20284448,5-STEP WHITE LADDER,C01601001-SCLD01,LCS070,,False,False,True,,,2026-01-15,,,2027-01-15,Active
287,96006762,20237060,"CREEPER, 44""X17"" WITH 6 WHEELS","44 x 17, 6 Wheels",FLIGHTLINE,,False,False,True,,,2025-10-21,,,2026-10-21,Active
288,96007360,20290205,OXYGEN SERVICING CART (TRONAIR) (US PROC,20-4505-7000,FLIGHTLINE,,False,False,True,,,2026-01-15,,,2027-01-15,Active
289,96004432,20234210,"LADDER, CAGE ADJ SAFETY TYPE 1AA 3-5FT",SEP5-2436,LCS001,,False,False,True,,,2025-09-04,,,2026-09-04,Active
291,96007882,20246380,TSS ANTENNA ATTENUATOR,S500-344311-TFIX02,US-LCS070-MEC,,False,False,False,,,,,,,Cannot Find
292,96007580,20246817,3-STEP AVIONIC LADDER  + WHITE EXTENSION,C01300000-SCLD23,FLIGHTLINE,,False,False,True,,,2025-12-04,,,2026-12-04,Active
293,96007914,20246202,HANDLE ADAPTER (MODE SELECT),C01518150-TFIX05,LCS003 CAGE,,False,False,True,,,2025-11-14,,,2026-11-14,Active
294,96007254,20243258,FLOOR FR61  LBL43.5 LBL23 LCS010,C01304262-DJIG02,LCS001 TOP,,False,False,True,,,2026-03-03,,,2027-03-03,Active
295,96007748,20246331,LATERAL BIN PROTECTION,C04400501-SFIX03,LCS010/020 INTERIORS CAGE,,False,False,True,,,2025-11-10,,,2026-11-10,Active
296,96007272,20243276,DRILL TEMPLATE FOR STRINGER SPLICE FR30,C01712000-001-DJIG01,LCS001 TOP,,False,False,True,,,2026-02-27,,,2027-02-27,Active
297,96007969,20246122,COCKPIT DOLLY,C01200000-TRDY02,BUILDING 6,,False,False,True,,,2025-11-21,,,2026-11-21,Active
298,96007944,20246117,MOORING BRACKET ADAPTOR,S500-280011-TFIX02,FLIGHTLINE,,False,False,True,,,2025-11-20,,,2026-11-20,Active
299,96009341,20280014,"TABLE, STAINLESS STEEL WITH SHELF, 3684T",3684T,AIT SHOP,,False,False,True,,,2026-01-31,,,2027-01-31,Active
300,96011475,20329105,Laser monument short shaft,2301-010000,LCS-003 - LASER BOX B,,False,False,True,,,2026-02-06,,,2028-02-06,Active
301,96099003,HYD-UNIT-003,HYDRAULIC POWER UNIT - LCS030/040,HYD-PWR-003,LCS030/040,,False,False,False,,,,,,,Active
302,96007676,20246485,FWD CARGO FLOOR DOLLY,C02310000-SFIX11,LCS001,,False,False,False,,,,,,,Deactivated
303,96007916,20245719,AV. COOL. AIR ADAPT,C500-210011-TFIX05,LCS003 CAGE,,False,False,True,2025-10-09,,2026-02-17,2025-11-08,,2027-02-17,Active
304,96007880,20246957,ANTI-TARGET,S500-326101-TFIX02,LCS003 CAGE,,False,False,False,,,,,,,Deactivated
305,96007678,20246465,TEMP REAR FUSE FLOOR KIT,,,,False,False,False,,,,,,,Deactivated
306,96007466,20245461,WING JOINING NO-GO GAGES LCS002,GT9910492-GTOO01,LCS002 CAGE,,False,False,True,,,2026-03-08,,,2027-03-08,Active
307,96007198,20243202,DRILL TEMPLATE FOR STRINGER SPLICE FR61,C01303000-DJIG32,LCS001 LOWER,,False,False,True,,,2025-10-27,,,2026-10-27,Active
308,96001863,20270807,INFRA RED LAMP WHITE PORTABLEA,,,,False,False,False,,,,,,,Deactivated
309,96005311,20212482,"HEADSET, H10-30 AVIATION",2006690,LCS030/040 CAGE,,False,False,True,2025-08-12,2025-08-12,2025-08-12,2025-09-11,2026-02-08,2026-08-12,Active
311,96007147,20243151,DRILL TEMPLATE FOR STRINGER SPLICE FR30,C01302000-DJIG61,LCS001 TOP,,False,False,True,,,2025-10-20,,,2026-10-20,Active
312,96006964,20240770,BUSHING ID (A) - .3921 INCH,,,,False,False,False,,,,,,,Deactivated
314,96007548,20245506,BRKT KANDU POSITIONING JIG,C00814313-LJIG01,Basement,,False,False,False,,,,,,,Cannot Find
315,96001901,20211704,"FAN, MAX PERFORMANCE PIVOTING",,,,False,False,False,,,,,,,Deactivated
316,96006412,20223026,"TESTER, BEACON BT200",BT200,ELT SHOP,,False,False,True,2025-08-28,,2025-09-05,,,2026-09-05,Active
317,96007454,20245454,CUSTOM KEY KIT,GT9911113-GTOO01,LCS030/040 CAGE,,False,False,True,,,2026-03-08,,,2027-03-08,Active
318,96011299,20324541,GRADUATED CYLINDER 200 ML,HF622,LCS030/040,,False,False,True,,,2026-01-29,,,2027-01-29,Active
319,96007753,20246468,MLG DETAIL 79 SUPPORT,C00100018-SFIX02,Basement,,False,False,True,,,2026-03-09,,,2027-03-09,Active
320,96007979,20312019,Maintenance Panel Harness,S500-461111-TFIX03,,,True,False,True,2026-03-01,,2026-01-01,,,2027-01-01,Active
321,96005506,20295572,Pitot Static Test,DPST-9300A,,,True,False,True,2026-03-01,,2026-01-01,,,2027-01-01,Active
322,96007431,20246671,WHEEL CHOCK,,,,False,False,False,,,,,,,Deactivated
323,96007322,20245214,OVERHEAD BINS INSTALLATION JIG,C04400501-SFIX01,LCS010/020 INTERIORS CAGE,,False,False,True,2025-09-29,,,2025-10-29,,2026-06-18,Active
324,96007868,20246712,PLASTIC FUEL CONTAINER 45 GALLONS,S500-280011-TFIX12,LCS070,,False,False,True,,,2025-11-27,,,2026-11-27,Active
325,96007215,20243219,DRILL TEMPLATE FOR STRINGER SPLICE FR61,C01303000-DJIG49,LCS001 TOP,,False,False,True,,,2025-10-28,,,2026-10-28,Active
326,96003725,20197864,SKIN SPOON,SKIN SPOON DRILL,LCS001 TOP,,False,False,True,2025-08-13,2025-08-13,2025-08-13,2025-09-12,2026-02-09,2026-08-13,Active
327,96008222,20303624,Bleed Loop Test Kit,,,,True,False,True,2026-03-01,,2026-01-01,,,2027-01-01,Active
328,96001901,20211713,"FAN, MAX PERFORMANCE PIVOTING",,,,False,False,False,,,,,,,Deactivated
329,96007834,20306597,EOAM TRIGGER RIGGING,C01518150-TFIX06,DOORS BOX,,False,False,True,,,2026-01-16,,,2027-01-16,Active
330,96007421,20281956,NOSE JACK TRIPOD (US PROCURED),D01258K2D1B01B0,BUILDING 31 BAY 22,,True,True,True,2026-04-10,2026-01-29,2025-12-12,2026-05-10,2026-10-01,2027-04-04,Active
331,95166703,20221619,"HAND LAMP, 25"" LENGTH, LINKABLE",,,,False,False,False,,,,,,,Deactivated
332,96007498,20246818,FAL OVERWING SAFETY FENCE,GT9910591-GTOO01,LCS070,,False,False,False,,,2025-12-05,,,,Active
333,96007190,20243194,DRILL TEMPLATE FOR STRINGER SPLICE FR61,C01303000-DJIG24,LCS001 TOP,,False,False,True,,,2025-10-28,,,2026-10-28,Active
334,96011475,20329388,Laser monument short shaft,2301-010000,TBD,,False,False,True,,,2026-02-06,,,2027-02-06,Active
335,96007816,20245696,7-STEP LADDER - GREY (IMPR),CAL-ML-074421G-AB,LCS070,,False,False,True,,,2025-11-06,,,2026-11-06,Active
336,96004780,20302437,"PUMP, ACCULUBE FOR CLECO ADU",,,,False,False,False,,,,,,,Deactivated
338,96007901,20246295,ECCENTRIC HANDLE,S500-575002-TFIX01,LCS003 CAGE,,False,False,False,,,,,,,Deactivated
339,96007881,20246946,TARGET  MLG,S500-326101-TFIX03,LCS003 CAGE,,False,False,True,,,2026-01-22,,,2027-01-22,Active
340,96007682,20246724,COCKPIT WORKING BENCH,1430-03DZG-SFIX01,LCS010/020,,False,False,True,,,2025-11-27,,,2026-11-27,Active
341,96007880,20246961,ANTI-TARGET,S500-326101-TFIX02,LCS003 CAGE,,False,False,False,2025-07-29,2025-07-29,2025-07-29,2025-08-28,2026-01-25,2026-07-29,Deactivated
342,96006603,20229315,"KIT, AIR DATA TEST SET ACCESSORIES",A220-JMQD-PS-A,LCS903,,False,False,True,2025-09-29,,2025-09-04,2025-10-29,,2026-09-15,Active
343,96006409,20223018,"INCLINOMETER, WIRELESS (S500-273011-TFIX05)",S500-273011-TFIX05,LCS010/020 CAGE,,False,False,True,2025-08-26,,2025-09-03,,,2026-09-03,Active
345,96007554,20246361,MASTER MOVER,,,,False,False,False,,,,,,,Deactivated
346,96011475,20329102,Laser monument short shaft,2301-010000,TBD,,False,False,True,,,2026-02-03,,,2027-02-03,Active
347,96007397,20245433,TAV CONTROL BOX,99423A010000,LCS010/020 CAGE,,False,False,True,2025-10-15,,,2025-11-14,,2026-10-15,Active
348,96007385,20245777,100 WATTS 2-30 MHZ ELEMENT (US PROCURED),,,,False,False,False,,,,,,,Deactivated
349,96007830,20245854,FUEL INERTING UNION ADAPTOR,C500-470011-TFIX02,LCS003 CAGE/Rack 6 Row B,,False,False,True,2025-10-17,,2026-01-19,2025-11-16,,2027-01-19,Active
350,96008848,20261097,ESD Continuous Monitor,19321,MULT,,False,False,False,,,,,,,Deactivated
351,96004613,20205188,"LIGHT, 4FT 30W 5K DIMMABLE SHOP",,,,False,False,False,,,,,,,Deactivated
352,96007827,20246920,DUMMY SLIDE,C01518150-TFIX03,Basement,,False,False,True,,,2026-01-07,,,2028-01-07,Active
353,96007981,20246609,DUMMY BATTERY,S500-247012-TFIX00,LCS010/020 CAGE,,False,False,True,,,2026-03-16,,,2027-03-16,Active
354,96007090,20243094,DRILL TEMPLATE FOR STRAP FR30,C01302000-DJIG04,LCS001 TOP,,False,False,True,,,2025-10-21,,,2026-10-21,Active
355,96007194,20243198,DRILL TEMPLATE FOR STRINGER SPLICE FR61,C01303000-DJIG28,LCS001 TOP,,False,False,True,,,2025-10-27,,,2026-10-27,Active
356,96007860,20246027,FLAP OVERLAP CALIPER,,,,False,False,False,,,,,,,Deactivated
357,96007493,20246573,ZERO ENERGY / POWER OFF,GT9910182-GTOO02,LCS070,,False,False,True,,,2025-11-24,,,2026-11-24,Active
358,96007127,20243131,DRILL TEMPLATE FOR STRINGER SPLICE FR30,C01302000-DJIG41,LCS001 LOWER,,False,False,True,,,2025-10-21,,,2026-10-21,Active
359,96005311,20281986,"HEADSET, H10-30 AVIATION",2006690,FLIGHTLINE,,False,False,False,,,,,,,Cannot Find
360,96009211,20275480,MAINTENANCE PANEL PATCH HARNESS,S500-461111-TFIX66,LCS030/040 CAGE,,False,False,False,,,,,,,Deactivated
361,96007574,20246278,4-STEP LADDER WITHOUT SERVICE,C01300000-SCLD29,LCS070,,True,False,True,2026-03-23,,2025-11-14,2026-04-22,,2026-11-14,Active
362,95164389,20236595,"DISPENSER, SHOE COVER, BOOTIE BUTLER",SHOE COVER DISPENSER,,,True,False,True,2026-03-01,,2026-01-01,,,2027-01-01,Active
363,96007900,20246397,INTERNAL HANDLE ADAPTER (ESCAPE HATCH),S500-520005-TFIX04,LCS003 CAGE,,False,False,True,,,2026-03-08,,,2027-03-08,Active
364,96007581,20313560,Wing Access,,,,True,False,True,2026-03-01,,2026-01-01,,,2027-01-01,Active
365,96005483,20328872,Hose reel 2 inches air,S500-120011-SFIX03,,,True,False,True,2026-03-01,,2026-01-01,,,2027-01-01,Active
366,96007775,20245674,LCS002 RH TENSION FITTINGS TF13 TO TF20-,C01603001-002-SFIX03,US-LCS002-MEC,,False,False,False,2025-10-08,,,2025-11-07,,,Cannot Find
367,96007957,20245901,CABLE FOR HSTAB BRAKE,S500-274011-TFIX01,LCS003 CAGE,,False,False,True,,,2025-11-05,,,2026-11-05,Active
368,96004420,20279737,"KIT, SERVICE GAUGE, TIRE/STRUT, A220",14-6833-6030,LCS002,,False,False,True,,,2026-01-29,,,2028-01-29,Active
369,96007592,20245529,UNDER WING PLATFORM STAGING,C01601001-002-SCLD03,LCS003,,True,False,True,2026-04-27,,,2026-05-27,,2026-07-08,Active
370,96007377,20245932,ANTISTATIC DUCTING 20CM X 10 M L WITH CA,SAFD20/10-EX,BAY 6,,False,False,True,,,2025-11-03,,,2026-11-03,Active
371,96008050,20248180,"LASER, DISTANCE METER INDOOR MEASURING",,,,False,False,False,,,,,,,Deactivated
372,96004613,20205218,"LIGHT, 4FT 30W 5K DIMMABLE SHOP",,,,False,False,False,,,,,,,Deactivated
373,96007452,20328770,SIDE STICK RIG PIN,490100GSE1,LCS010/020 CAGE,,False,False,True,,,2026-01-30,,,2027-01-30,Active
374,96006374,20220584,"TUG, MASTER MOVER MT800 ELECTRIC",MT800,BUILDING 7,,False,False,True,2025-08-28,,2025-09-02,2025-09-27,,2026-09-02,Active
375,96007075,20321525,"CART, NITROGEN-LAV A LEAK & OBST TFIX",C500-351011-TFIX01,,,True,False,True,2026-03-01,,2026-01-01,,,2027-01-01,Active
376,96007580,20246803,3-STEP AVIONIC LADDER  + WHITE EXTENSION,C01300000-SCLD23,LCS070,,False,False,True,,,2025-11-25,,,2026-11-25,Active
378,96007881,20246990,TARGET  MLG,S500-326101-TFIX03,FLIGHTLINE,,False,False,True,,,2026-01-20,,,2027-01-20,Active
380,96007557,20245820,DRILL DOLLY,C01603001-PUPJ01,LCS002,,False,False,True,2025-07-25,2025-07-25,2025-07-25,2025-08-24,2026-01-21,2026-07-25,Active
382,96007803,20246725,7-STEP LADDER - GREY,ML-073221G,LCS030/040,,False,False,True,,,2025-11-28,,,2026-11-28,Active
383,96007844,20245706,RAT DOOR RIGGING HYD. CAPS AND ADAPTORS,S500-242301-TFIX04,LCS030/040 CAGE,,False,False,True,2025-10-06,,,2025-11-05,,2026-07-08,Active
384,96011796,20491002,Erosion tape hole opening tool,,,,False,False,False,2026-05-01,,2026-01-01,,,,Deactivated
385,96007796,20246144,A/C WOW JACKING SYST,S500-100011-SFIX02,LCS010/20,,True,True,True,2026-02-24,2026-01-28,2025-11-05,2026-03-26,2027-01-23,2027-07-27,Active
386,96007994,20245751,BMP TO PC CABLE (BATTERY SHOP),CT29250-1,LCS003,,False,False,False,,,,,,,Cannot Find
387,96007495,20303584,FWD SERVICE DOOR SAFETY NET,,,,True,False,True,2026-04-06,,2026-01-01,2026-05-06,,2027-01-01,Active
388,96009364,20279456,"LOCKING PIN, OWEED TOOL",S500-522110-SFIX01,FLIGHTLINE,,False,False,False,,,,,,,Deactivated
389,96009496,20289048,"DOLLY, TIRE AND BRAKE",14-6883-0110,LCS070,,False,False,True,,,2026-01-13,,,2027-01-13,Active
390,96007452,20328774,SIDE STICK RIG PIN,490100GSE1,FLIGHTLINE,,False,False,True,,,2026-01-29,,,2027-01-29,Active
391,96007867,20246514,FUEL FUNNEL AND SUCTION CUP,S500-280011-TFIX09,GUAGING CANOPY,,False,False,True,,,2026-03-18,,,2027-03-18,Active
392,96007478,20245959,WING TOOL AID KIT,GT9910876-GTOO01,LCS002,,False,False,True,,,2025-11-05,,,2026-11-05,Active
393,95166702,20026210,"HAND LAMP, L39"", LED, HEAVY DUTY",,,,False,False,False,,,,,,,Deactivated
394,96007812,20246581,3-STEP LADDER - BLUE,,,,False,False,False,,,,,,,Deactivated
395,96007119,20243123,DRILL TEMPLATE FOR STRINGER SPLICE FR30,C01302000-DJIG33,LCS001 LOWER,,False,False,True,,,2025-10-21,,,2026-10-21,Active
396,96007831,20303620,HEADSET EXTENSION (30 FT),BA670-40001-SFIX02,CONTINGENCY,,False,False,False,,,,,,,Active
397,96006423,20223055,TEST SET. NAV COMM RAMP 6000,IFR-6000,FLIGHTLINE,,False,False,True,2025-08-26,,2025-09-05,,,2026-09-05,Active
398,96007342,20245267,"PROTECTION, EMERGENC DR SLIDE LVR, A321",C05258250-SFIX01,LCS070,,False,False,False,,,,,,,Deactivated
399,96007602,20245537,STG-OVER_WING_RH,C01600000-002-SCLD13,LCS003,,False,False,True,2025-09-30,,,2025-10-30,,2026-07-14,Active
400,96011598,20330264,CAPSEAL PROTECT,C01603001-001-SFIX04,LCS003-CAGE RACK 1 SHELF G,,False,False,True,,,2026-02-13,,,2028-02-13,Active
401,96007587,20245524,FWD C SERIES CARGO ACCESS WITH SERVICE,C01550000-SCLD05,LCS030/040,,False,False,True,2025-10-17,,,2025-11-16,,2026-06-10,Active
402,96007342,20245266,"PROTECTION, EMERGENC DR SLIDE LVR, A321",C05258250-SFIX01,LCS070,,False,False,True,,,2026-03-10,,,2027-03-10,Active
403,96007415,20246086,UNIVERSAL TRANSPONDER ANTENNA COUPLER,UC-584,LCS010/020,,False,False,False,,,,,,,Cannot Find
405,96007751,20246844,PSD ARMING PROTECT BLOCK,S500-120011-SFIX01,LCS030/040 CAGE,,False,False,True,,,2025-12-01,,,2026-12-01,Active
407,96006637,20242650,SPOILER INCLINOMETER,S500-276011-TFIX02,FLIGHTLINE,,False,False,True,2025-09-17,2025-08-01,2025-08-01,2025-10-17,2026-01-28,2026-07-15,Active
408,96007904,20303623,DRINKABLE WATER SYSTEM,S670-381003-TFIX01,LCS070,,False,False,False,,,,,,,Deactivated
409,96011632,20350486,"Gabarit localisation des bins, espaceur.",C04400552-LJIG01,LCS010/20 TFIX CAGE,,False,False,True,,,2026-02-09,,,2027-02-09,Active
410,96007782,20245679,BACKUP PLATE T/FTG LH CS300,C01663001-001-SFIX01,LCS002,,False,False,True,2025-10-10,,,2025-11-09,,2026-10-05,Active
411,96007600,20245832,AFT SERVICE INTERIOR FINITION STAGING,C01300000-SCLD04,LCS010/020,,False,False,True,2025-10-14,,2026-03-08,2025-11-13,,2027-03-08,Active
412,96003873,20237368,"OHMMETER,  MICRO, LOW RESISTANCE",,,,False,False,False,,,,,,,Deactivated
413,96007899,20246406,HANDLE ADAPTER (MEBD),S500-520005-TFIX02,LCS003 CAGE,,False,False,True,,,2026-03-08,,,2027-03-08,Active
414,96007052,20242787,"CAP COVER, ASSY PROTECTING",,,,False,False,False,,,,,,,Deactivated
415,96007672,20246368,TEMPORARY FLOOR DOLLY,,,,False,False,False,,,,,,,Deactivated
416,96006415,20223040,ELEVATOR BACKLASH BAR PUSHER - 2 PC SET,S500-273011-TFIX03,LCS030/040 CAGE,,False,False,True,,,2025-09-05,,,2026-09-05,Active
417,96007922,20245725,TA AIR ADAPTER,C500-360011-TFIX03,LCS003 CAGE,,False,False,True,2025-10-08,,2026-03-23,2025-11-07,,2027-03-23,Active
418,96007512,20245964,LIFTING KIT WINGLET,C01618001-HFIX03,LCS002 CAGE,,False,False,True,,,2025-11-05,,,2026-11-05,Active
419,96007881,20246992,TARGET  MLG,S500-326101-TFIX03,FLIGHTLINE,,False,False,True,,,2026-01-21,,,2027-01-21,Active
421,96006605,20229453,"KIT, W&W REFIL",S500-380011-TFIX05,LCS030/040 CAGE,,False,False,True,2025-09-17,,2025-09-04,2025-10-17,,2026-09-09,Active
422,96007840,20246248,PRESSURE PANEL,S500-213001-TFIX01,LCS070,,False,False,True,,,2025-11-13,,,2026-11-13,Active
423,96007519,20246565,JACK BALL NOSE LANDING GEAR,C02310000-HFIX18,MULT,,False,False,False,,,,,,,Cannot Find
424,96007931,20246476,ENGINE WEIGHT,S500-100011-TFIX04,LCS010/020,,False,False,True,,,2026-03-17,,,2027-03-17,Active
425,96011475,20329393,Laser monument short shaft,2301-010000,LCS-002 - TOOLBOX,,False,False,True,,,2026-02-06,,,2027-02-06,Active
426,96011451,20328817,"POWER UNIT, FCX ELECTRIC GROUND",PFC072,LCS070,,False,False,True,2025-07-23,2025-07-23,2025-07-23,2025-08-22,2026-01-19,2026-07-23,Active
427,96007981,20246621,DUMMY BATTERY,S500-247012-TFIX00,LCS010/020,,False,False,True,,,2025-11-24,,,2026-11-24,Active
428,96007499,20245961,PLIER FOR GROMMET ACS510A,GT999657-GTOO01,LCS003 CAGE,,False,False,True,,,2025-11-03,,,2026-11-03,Active
429,96007955,20246257,BATTERY SIMULATOR,S500-240001-TFIX01,LCS002 CAGE,,False,False,True,,,2025-11-11,,,2026-11-11,Active
430,96007581,20246794,5-STEP WHITE LADDER,C01601001-SCLD01,LCS003,,False,False,True,,,2025-11-24,,,2026-11-24,Active
431,96007827,20246930,DUMMY SLIDE,C01518150-TFIX03,TRANS,,False,False,False,,,,,,,Cannot Find
432,96007850,20246019,RUDDER DTI HOLDER,S500-272011-TFIX04,LCS010/020 CAGE,,False,False,True,,,2025-11-17,,,2026-11-17,Active
433,96008847,20303565,Cordless Drill,,,,False,False,False,2026-03-01,,2026-01-01,,,,Deactivated
434,96007881,20246994,TARGET  MLG,S500-326101-TFIX03,FLIGHTLINE,,False,False,True,,,2025-12-11,,,2026-12-11,Active
435,96007845,20303589,Firex Complete Test kit,,,,True,False,True,2026-04-06,,2026-01-01,2026-05-06,,2027-01-01,Active
436,96007679,20328858,RAT installation retainer key,C01318801-SFIX01,FLIGHTLINE,,False,False,True,,,2026-01-27,,,2027-01-27,Active
438,96007856,20330140,PROLINE 3600 POWER CONNECTOR,S500-275011-TFIX03,LCS010/020 CAGE,,False,False,True,,,2026-02-13,,,2027-02-13,Active
439,96007798,20247014,FOD PROTECTION COVER,S500-210001-SFIX04,LCS070,,False,False,True,,,2025-12-11,,,2026-12-11,Active
440,96007710,20245620,SPOILER HOLDER WHILE FLAP INSTAL,C01645055-SFIX01,LCS003 CAGE,,False,False,True,2025-07-25,2025-07-25,2025-07-25,2025-08-24,2026-01-21,2026-07-25,Active
441,96007881,20246936,TARGET  MLG,S500-326101-TFIX03,LCS003 CAGE,,False,False,True,,,2026-01-09,,,2027-01-09,Active
442,96006915,20240285,"HEADBAND, PELTOR LITECOM PRO III HEADSET",MT3H7F4D10NA-50,LCS010/020 CAGE,,False,False,True,,,2025-10-20,,,2026-10-20,Active
443,96007930,20246593,ENG WEIGHT PYLON INTERFACE,S500-100011-TFIX03,LCS030/040,,False,False,True,,,2025-11-25,,,2026-11-25,Active
444,96007622,20284437,"PASSENGER STAIR, CLYDE",15F2820,LCS070,,False,False,True,,,2026-01-15,,,2027-01-15,Active
445,96007827,20246921,DUMMY SLIDE,C01518150-TFIX03,LCS030/040 CAGE,,False,False,True,,,2026-01-08,,,2027-01-08,Active
446,96007372,20245417,STRUT DEFLATOR - DEFLATES TIRES AND STRU,,,,False,False,False,,,,,,,Deactivated
447,96006606,20229455,WIRELESS LOAD SHEAR BOLT,S500-242301-TFIX01,FAL Toolshop,,False,False,True,2025-09-12,,2025-09-04,2025-10-12,,2026-08-14,Active
448,96006905,20239952,TEST PRESSURE PANEL 0-1500 PSI,TE-0256,LCS003 CAGE,,False,False,True,2025-09-16,,2025-09-22,2025-10-16,,2026-09-22,Active
449,96007577,20313557,C SERIES CARGO ACCESS,C01550000-SCLD03,LCS070,,False,False,True,,,2026-01-14,,,2027-01-14,Active
450,96007673,20246240,TEMPORARY FLOOR DOLLY,,,,False,False,False,,,,,,,Deactivated
451,96007496,20246268,FAL APD SAFETY  FENCE,GT9910589-GTOO02,LCS070 CAGE,,False,False,False,,,,,,,Cannot Find
452,96007248,20243252,FLOOR FR30 LBL43.5 LBL23 LCS010,,,,False,False,False,,,,,,,Deactivated
453,96007540,20246314,NOMINAL BIN SPACING POSITIONING JIG,C04400501-LJIG01,LCS010/020 INTERIORS CAGE,,False,False,True,,,2025-11-10,,,2026-11-10,Active
454,96007648,20245575,LCS002 CS300 T1-1 & T2-1 TRIFORM,C01355206-003-SFIX01,LCS002,,False,False,True,,,2025-11-05,,,2026-11-05,Active
455,96007884,20245878,LOC ANTENNA SHIELD,S500-345011-TFIX01,LCS010/020 CAGE RACK 7,,False,False,True,,,2025-11-05,,,2026-11-05,Active
456,96007883,20246516,RADIO ALTIMETER DUMMY ANTENNA,S500-344411-TFIX01,LCS010/020 CAGE,,False,False,True,,,2026-03-19,,,2027-03-19,Active
457,96008000,20245754,ELT TESTERS  (US PROCURED),BT200-2100Y,LCS010/020 CAGE,,False,False,True,2025-10-15,,,2025-11-14,,2026-10-15,Active
458,96007146,20243150,DRILL TEMPLATE FOR STRINGER SPLICE FR30,C01302000-DJIG60,LCS001 TOP,,False,False,True,,,2025-10-21,,,2026-10-21,Active
459,95163588,20299286,ACU,ACU-302S-CUP,FLIGHTLINE,,True,True,True,2026-02-23,2026-01-29,2025-11-14,2026-03-25,2026-07-28,2026-11-14,Active
460,96007814,20246886,5-STEP LADDER - BLUE,,,,False,False,False,,,,,,,Deactivated
461,96011475,20329376,Laser monument short shaft,2301-010000,"LCS003 - LASER BOX LH ""B""",,False,False,True,,,2026-02-04,,,2028-02-04,Active
462,96003873,20234126,"OHMMETER, MICRO, LOW RESISTANCE",,,,False,False,False,,,,,,,Deactivated
463,96005881,20218948,"TESTER, COMBO WRIST STRAP + FOOT GROUND",DESCO 19280,ELT SHOP,,False,False,True,2025-08-15,2025-08-15,2025-08-15,2025-09-14,2026-02-11,2026-08-15,Active
464,96007304,20243308,LH CS300 AFT CORNER FTG  LOC & DRILL JIG,C01663001-001-DJIG42,US-LCS002-MEC,,False,False,False,,,2026-02-27,,,,Deactivated
465,96007457,20246136,FR61 BEAM POSITIONER,GT9910652-GTOO01,LCS001 TOP,,False,False,True,,,2025-11-21,,,2026-11-21,Active
466,96008025,20245768,Vacuum Pump,,,,True,False,True,2026-03-01,,2026-01-01,,,2027-01-01,Active
467,96007898,20246405,HANDLE ADAPTER (FEBD),S500-520005-TFIX01,LCS003 CAGE,,False,False,True,,,2026-03-08,,,2027-03-08,Active
468,96011647,20350512,SLAT TRACK 0 DEGREE BLOCK,S500-278101-TFIX11,LCS010/20 TFIX CAGE,,False,False,True,,,2026-02-09,,,2027-02-09,Active
469,96006919,20240315,POWER SUP - G165 12V 50/60HZ,POWER SUPPLY,LCS010/020 INTERIORS CAGE,,False,False,False,2026-03-05,,,,,,Cannot Find
470,96005297,20255970,"REGULATOR, HOSE WITH 0-2500 PSI",REGULATOR,LCS002 CAGE,,False,False,True,,,2025-12-09,,,2026-12-09,Active
471,96007498,20246806,FAL OVERWING SAFETY FENCE,GT9910591-GTOO01,LCS003 TOP,,False,False,False,,,2025-11-28,,,,Active
473,96007972,20246561,LH WING DOLLY,,,,False,False,False,,,,,,,Deactivated
475,96007502,20335651,Battery installation tool,C01368009-HFIX01,LCS070 - Bay 5,,False,False,True,,,2026-02-13,,,2027-02-13,Active
476,96004748,20207239,"BLOCK, CALIBRATION",C01603001-CKGG01,LCS002 CAGE,,False,False,False,2025-08-20,2025-08-20,2025-08-20,,,,Cannot Find
477,96007731,20245641,REMOVABLE VSTAB SUPPORT,C01901000-SFIX01,LCS002,,False,False,True,2025-07-22,2025-07-22,2025-07-22,2025-08-21,2026-01-18,2026-07-22,Active
478,96007860,20245870,FLAP OVERLAP CALIPER,,,,False,False,False,,,,,,,Deactivated
479,96007881,20246970,TARGET  MLG,S500-326101-TFIX03,LCS030/040 CAGE,,False,False,True,,,2026-01-19,,,2027-01-19,Active
480,96005311,20250589,"HEADSET, H10-30 AVIATION",2006690,LCS030/040 CAGE,,False,False,False,,,,,,,Cannot Find
481,96007410,20246219,"MASTER MOVER, MASTERTUG MT1500+",MT1500,LCS030/040,,False,False,True,2025-08-06,2025-08-06,2025-08-06,2025-09-05,2026-02-02,2026-08-06,Active
482,96007139,20243143,DRILL TEMPLATE FOR STRINGER SPLICE FR30,C01302000-DJIG53,LCS001 TOP,,False,False,True,,,2025-10-21,,,2026-10-21,Active
483,96005150,20254327,"CARGO BAR, 40""-70"" HEAVY DUTY",,,,False,False,False,,,,,,,Deactivated
484,96007519,20246568,JACK BALL NOSE LANDING GEAR,C02310000-HFIX18,MULT,,False,False,True,,,2026-03-17,,,2027-03-17,Active
485,96006609,20234795,"TESTER, HARNESS DISCHARGE",475612,LCS030/040 CAGE,,False,False,True,2025-09-08,,2025-09-15,2025-10-08,,2026-09-15,Active
486,96007881,20246952,TARGET  MLG,S500-326101-TFIX03,LCS003 CAGE,,False,False,True,,,2026-01-23,,,2027-01-23,Active
487,96011475,20329394,Laser monument short shaft,2301-010000,LASER CAGE,,False,False,True,,,2026-02-02,,,2028-02-02,Active
488,96008422,20253323,ESD Cabinet,? TENNSCO CABINET?,ELT SHOP,,False,False,True,,,2025-12-08,,,2026-12-08,Active
489,96007882,20246337,TSS ANTENNA ATTENUATOR,S500-344311-TFIX02,US-LCS070-MEC,,False,False,False,,,,,,,Deactivated
490,96007814,20246906,5-STEP LADDER - BLUE,SEP5-2436-NH,LCS070,,False,False,True,,,2026-01-05,,,2027-01-05,Active
491,96007480,20246184,BUSHING GUIDE -3  GB000697,GT996690-GTOO05-GB000697,US-LCS002,,False,False,True,,,2025-11-14,,,2026-11-14,Active
492,96007545,20246316,RH OWEED BINS LOCATING JIG,C04422007-LJIG06,LCS010/020 INTERIORS CAGE Rack 1,,False,False,True,,,2025-11-10,,,2026-11-10,Active
493,96007200,20243204,DRILL TEMPLATE FOR STRINGER SPLICE FR61,C01303000-DJIG34,LCS001 LOWER,,False,False,True,,,2025-10-27,,,2026-10-27,Active
494,96005345,20212381,"LIGHT, HEAVY DUTY 210 SERIES LED STRING",210 SERIES,BASEMENT,,False,False,True,2025-08-13,2025-08-13,2025-08-13,2025-09-12,2026-02-09,2026-08-13,Active
495,96009713,20296653,WINGS PROTECTIONS STORAGE CART,C01600000-SFIX90,LCS030/040,,False,False,True,,,2026-01-15,,,2027-01-15,Active
496,96006416,20223044,"TEST BOX, HYDRO ELECT.",L617000TF1,LCS010/020 CAGE,,False,False,True,2025-08-26,,2025-09-05,,,2026-09-05,Active
497,96007925,20245728,HP BLANKING CAP REAR,C500-360012-TFIX02,LCS003 CAGE,,False,False,True,2025-10-06,,2026-02-18,2025-11-05,,2027-02-18,Active
498,96004420,20275450,"KIT, SERVICE GAUGE, TIRE/STRUT, A220",14-6833-6030,TOOLSHOP,,False,False,True,,,2026-01-22,,,2027-01-22,Active
499,96007597,20245533,RH FWD SERVICE STAGING,C02316000-SCLD05,LCS003,,False,False,True,2025-10-14,,,2025-11-13,,2026-07-18,Active
500,96007834,20306593,EOAM TRIGGER RIGGING,C01518150-TFIX06,DOORS BOX,,False,False,True,,,,,,,Cannot Find
501,96007542,20245815,LH DELTA  PSU LOCATING JIG,,,,False,False,False,,,,,,,Deactivated
502,96007973,20246457,RH WING DOLLY,C016000000-002-TRDY01,NORTH OUTTER 220 FAL,,False,False,True,,,2026-03-16,,,2028-03-15,Active
503,96007952,20246056,CARGO SOV CONTROL BOX,S500-210001-TFIX02,LCS003 CAGE,,False,False,True,,,2025-11-19,,,2026-11-19,Active
504,96004420,20275126,"KIT, SERVICE GAUGE, TIRE/STRUT, A220",,,,False,False,False,,,,,,,Deactivated
505,96004613,20205228,"LIGHT, 4FT 30W 5K DIMMABLE SHOP",,,,False,False,False,,,,,,,Deactivated
506,96007798,20247026,FOD PROTECTION COVER,S500-210001-SFIX04,LCS002 CAGE,,False,False,True,,,2025-12-08,,,2026-12-08,Active
507,96007827,20246916,DUMMY SLIDE,C01518150-TFIX03,LCS070 CAGE,,False,False,False,,,,,,,Deactivated
508,96004420,20203676,"KIT, SERVICE GAUGE, TIRE/STRUT, A220",,,,False,False,False,,,,,,,Deactivated
509,96006748,20235615,TEMP HSTA SUBSTITUE,C02040910-SFIX06,LCS002 CAGE,,False,False,True,,,2025-10-20,,,2026-10-20,Active
510,96008848,20261093,ESD Continuous Monitor,19321,MULT,,False,False,True,,,2025-12-10,,,2026-12-10,Active
511,96005311,20281980,"HEADSET, H10-30 AVIATION",2006690,FLIGHTLINE,,False,False,True,,,2026-01-28,,,2027-01-28,Active
512,96007341,20245237,AFT & FWDPAX DOOR HANDLE PROTECTION,C05158150-SFIX01,LCS001,,False,False,True,,,2026-03-06,,,2027-03-06,Active
513,96006637,20242654,SPOILER INCLINOMETER,S500-276011-TFIX02,FLIGHTLINE,,False,False,True,2025-09-18,,,2025-10-18,,2026-09-14,Active
514,96007978,20246213,MAINTENANCE PANEL TFIX,S500-461111-TFIX02,LCS010/020 CAGE,,False,False,True,,,2025-11-14,,,2026-11-14,Active
515,96010597,20582355,Centerped cockpit protection,,,,True,False,True,2026-03-01,,2026-01-01,,,2027-01-01,Active
517,96007546,20246317,LH OWEED BINS LOCATING JIG,C04422007-LJIG07,LCS010/020 INTERIORS CAGE,,False,False,True,2025-07-22,2025-07-22,2025-07-22,2025-08-21,2026-01-18,2026-07-22,Active
518,96007878,20246379,MLG FOD PROTECTOR,S500-321011-TFIX03,LCS003 CAGE,,False,False,True,,,2025-11-10,,,2026-11-10,Active
519,96007856,20330142,PROLINE 3600 POWER CONNECTOR,S500-275011-TFIX03,LCS070 CAGE,,False,False,True,,,2026-02-10,,,2027-02-10,Active
520,96007183,20243187,DRILL TEMPLATE FOR STRINGER SPLICE FR61,C01303000-DJIG17,LCS001 TOP,,False,False,True,,,2025-10-27,,,2026-10-27,Active
522,96009686,20296647,CMS LOADING TOOL,S500-441011-SFIX02,LCS003,,False,False,True,,,2026-01-14,,,2027-01-14,Active
525,96011475,20329377,Laser monument short shaft,2301-010000,LCS-003 - LASER BOX A,,False,False,True,,,2026-02-05,,,2028-02-05,Active
526,96007899,20246426,HANDLE ADAPTER (MEBD),S500-520005-TFIX02,LCS003 CAGE,,False,False,True,,,2026-03-10,,,2027-03-10,Active
527,96003896,20230057,"SCREWDRIVER, PHEUMATIC, TORQUE",LUM12 HRX5,FLIGHTLINE,,False,False,True,,,2025-09-04,,,2026-09-04,Active
528,96011059,20313176,FLOOR PANEL DRILL JIG,C01392700,LCS001,,False,False,True,,,2026-02-26,,,2027-02-26,Active
529,96007878,20303604,MLG FOD PROTECTION,5500-321011-TFIX03,BLDG. 31 9003 CAGE,,True,False,True,2026-04-06,,2026-01-01,2026-06-05,,2027-05-06,Active
530,96009339,20278620,SOUND ABSORBING PANEL - SET OF 6,C04401700-SFIX08,LCS010/020,,False,False,True,,,2025-12-19,,,2026-12-19,Active
531,96007843,20245705,RAT RIGGING MEASUREMENT TOOL,S500-242301-TFIX02,LCS030/040 CAGE,,False,False,True,2025-10-06,,2026-02-05,2025-11-05,,2027-02-05,Active
532,96007952,20318571,CARGO SOV CONTROL BOX,S500-210001-TFIX02,LCS003 CAGE,,False,False,True,,,2026-01-14,,,2027-01-14,Active
533,96009218,20275653,CARGO POSITIVE PRESSURIZATION ADAPTER,S500-262401-TFIX02,BUILDING 31,,False,False,False,2025-10-23,,,,,,Cannot Find
534,96009338,20303595,EXTENSION HEADSET,BD500EXT-100-SFIX01,LCS903,,False,False,True,,,2026-01-13,,,2027-01-13,Active
535,96007536,20245970,FLOOR ALIGNMENT IN BL FOR FR30 & FR61,C01302000-002-LJIG01,LCS001 TOP,,False,False,True,,,2025-11-03,,,2026-11-03,Active
536,96007617,20245550,ADJUSTABLE FWD CARGO (WITHOUT ELEVATOR),C01340000-SCLD11,LCS002,,False,False,True,2025-09-30,,2026-03-30,2025-10-30,,2027-03-30,Active
537,95166702,20026207,"HAND LAMP, L39"", LED, HEAVY DUTY",,,,False,False,False,,,,,,,Deactivated
538,96007681,20246737,COCKPIT SEAT TRACK COVER,1430-03DZG-SFIX00,LCS903,,False,False,True,,,2025-11-27,,,2026-11-27,Active
539,96007690,20246445,MID FUSE TEMP FLOOR KIT,,,,False,False,False,,,,,,,Deactivated
540,96007580,20313556,Avionic Access,C01300000-SCLD23,,,True,False,True,2026-04-08,,2026-01-01,2026-05-08,,2027-01-01,Active
541,96007970,20246167,REAR & AFT DOLLY,C01340000-TRDY01,AIT SHOP,,False,False,True,,,2025-11-21,,,2026-11-21,Active
542,96008477,20278526,LIGHT STRIP LOCATOR,C04401980-LJIG03,LCS010/020 INTERIORS CAGE,,False,False,True,,,2025-12-17,,,2026-12-17,Active
543,96007932,20246204,MOORING BRACKET ADAPTER,S500-100011-TFIX11,MULT,,False,False,True,,,2025-11-12,,,2026-11-12,Active
544,96007577,20246322,C SERIES CARGO ACCESS,C01550000-SCLD03,GUAGING CANOPY,,False,False,True,,,2025-11-13,,,2026-11-13,Active
545,96007028,20242626,METAL BARS-LOAD TESTER,C00100018-HFIX01,LCS001,,False,False,False,,,,,,,Cannot Find
546,96005868,20218829,"GUAGE, FLUID SERVICE UNIT",14-6884-6000,FLIGHTLINE,,False,False,True,2025-09-18,2025-08-14,2025-08-14,2025-10-18,2026-02-10,2026-08-12,Active
547,96011475,20329382,Laser monument short shaft,2301-010000,LCS-002 - TOOLBOX,,False,False,True,,,2026-02-05,,,2028-02-05,Active
548,96007446,20246624,HEADSET STECOM 26-5007 (US PROCURED),CSB-990MAX KIT,LCS003,,False,False,True,,,,,,,Cannot Find
549,96004780,20208733,"PUMP, ACCULUBE FOR CLECO ADU",TBD,ADU SHOP,,False,False,False,,,2025-11-10,,,2026-11-10,Deactivated
551,96007515,20245967,MLG ACTUATOR HEAD LCS002,C01619001-HFIX03,LCS002,,False,False,True,,,2025-11-06,,,2026-11-06,Active
552,96007571,20245983,5-STEP MLG EXT WHITE LADDER,C01300000-SCLD25,LCS003,,False,False,True,,,2025-11-05,,,2026-11-05,Active
553,96007590,20245527,REAR SPAR RH,C01600000-002-SCLD12,LCS002,,False,False,True,2025-09-30,,2026-03-23,2025-10-30,,2027-03-23,Active
554,96007622,20284435,"PASSENGER STAIR, CLYDE",15F2820,320 GUAGING,,False,False,True,,,2026-01-13,,,2027-01-13,Active
555,96007798,20247022,FOD PROTECTION COVER,S500-210001-SFIX04,LCS002 CAGE,,False,False,True,,,2025-12-09,,,2026-12-09,Active
556,96007676,20246527,FWD CARGO FLOOR DOLLY,C02310000-SFIX11,LCS001,,False,False,True,,,2026-03-09,,,2027-03-09,Active
557,96006984,20242596,SLING-34.73-SPN3-3-1902,,,,False,False,False,,,,,,,Deactivated
558,96007549,20245507,BRKT KRFU POSITIONING JIG,C00814318-LJIG01,Basement,,False,False,False,2025-10-14,,,,,,Deactivated
559,96007494,20246544,FWD PASSENGER DOOR SAFETY NET,GT9910587-GTOO02,LCS070,,False,False,True,,,2026-03-08,,,2027-03-08,Active
560,96007415,20246174,UNIVERSAL TRANSPONDER ANTENNA COUPLER,UC-584,LCS010/020,,False,False,False,,,,,,,Cannot Find
561,96007652,20245579,LCS002 CS300 T3-2 & T4-2 TRIFORM,C01355206-004-SFIX02,LCS002,,False,False,True,,,2025-11-04,,,2026-11-04,Active
562,96005311,20281984,"HEADSET, H10-30 AVIATION",2006690,FLIGHTLINE,,False,False,False,,,,,,,Cannot Find
563,96006609,20234799,"TESTER, HARNESS DISCHARGE",475612,LCS030/040 CAGE,,False,False,True,2025-09-15,,,2025-10-15,,2026-09-04,Active
564,96006988,20242618,"SLING-ST.PIERRE-26.23""-SPN3-3-2902",,,,False,False,False,,,,,,,Deactivated
565,95159368,20630284,Hycom HPU,,,,True,False,True,2026-04-27,,2026-01-01,2026-05-27,,2027-01-01,Active
566,96007747,20246373,SMALL TEFLON SQUARE,C04400201-SFIX01,LCS010/020 INTERIORS CAGE,,False,False,True,,,2025-11-11,,,2026-11-11,Active
567,96007580,20246823,3-STEP AVIONIC LADDER  + WHITE EXTENSION,C01300000-SCLD23,LCS070,,False,False,False,,,2025-12-05,,,,Deactivated
568,96006420,20223050,"METER, MEGOHMMETER 6527",AEMC #6527,TOOLSHOP,,True,False,True,2026-04-27,,2025-09-05,2026-05-27,,2027-03-22,Active
569,96007484,20246522,STOW PIN FOR R.A.T. LCS002,,,,False,False,False,,,,,,,Deactivated
570,95162936,20293679,HYDRAULIC PUMP DLT02MAPP1000,DLT02MAPP1000,SURGE TEAM,,False,False,True,,,2026-01-15,,,2027-01-15,Active
571,96009360,20279435,STAGING WTBF FWD LH LCS010,C023800000-001-SCLD01,LCS010/020,,False,False,True,,,2026-01-22,,,2027-01-22,Active
572,96007545,20246273,RH OWEED BINS LOCATING JIG,C04422007-LJIG06,LCS010/020 INTERIORS CAGE,,False,False,True,,,2025-11-10,,,2026-11-10,Active
573,96009338,20303596,EXTENSION HEADSET,BD500EXT-100-SFIX01,LCS903,,False,False,True,,,2026-01-14,,,2027-01-14,Active
574,96004420,20275446,"KIT, SERVICE GAUGE, TIRE/STRUT, A220",14-6833-6030,TOOLSHOP,,False,False,True,,,2025-12-12,,,2026-12-12,Active
575,96010801,20581041,WING JOINING GUTTER ASSY - RH (KIT OF 10),C01603001-002-TFIX40,LCS002,,False,False,True,,,2026-02-18,,,2027-02-18,Active
576,96007869,20246515,NACA SCOOP PLUG PANEL,S500-281001-TFIX01,LCS003 CAGE,,False,False,True,,,2026-03-19,,,2027-03-19,Active
577,96007879,20246618,UPLOCK CONSIGNATION,S500-321011-TFIX04,LCS010/020 CAGE,,False,False,True,,,2025-11-27,,,2026-11-27,Active
578,96007197,20243201,DRILL TEMPLATE FOR STRINGER SPLICE FR61,,,,False,False,False,,,,,,,Deactivated
579,96006152,20220328,"PUMP, OIL TRANSFER, 55GAL, 100PSI",06-5024-3610,LCS030/040,,False,False,True,2025-08-28,2025-07-25,2025-07-25,2025-09-27,2026-01-21,2026-07-25,Active
580,96007881,20246956,TARGET  MLG,S500-326101-TFIX03,LCS003 CAGE,,False,False,True,,,2026-01-21,,,2027-01-21,Active
581,96007676,20246548,FWD CARGO FLOOR DOLLY,C02310000-SFIX11,LCS001,,False,False,True,,,2026-03-10,,,2027-03-10,Active
583,96007096,20243100,DRILL TEMPLATE FOR STRAP FR30,C01302000-DJIG10,LCS001 TOP,,False,False,True,,,2025-09-17,,,2026-09-17,Active
584,96007668,20245595,RSPAR CS300 RS1-2 & RS2-2 LCS002,C01356604-004-SFIX03,LCS002,,False,False,True,2025-10-15,,,2025-11-14,,2026-09-09,Active
585,96007452,20328771,SIDE STICK RIG PIN,490100GSE1,FLIGHTLINE,,False,False,True,,,2026-01-31,,,2027-01-31,Active
586,96007241,20243245,DRILL TEMPLATE FOR STRINGER SPLICE FR61,C01303000-DJIG75,LCS001 LOWER,,False,False,True,,,2026-02-25,,,2027-02-25,Active
587,96007812,20246566,3-STEP LADDER - BLUE,SEP3-2436,30/40,,False,False,True,,,2025-11-27,,,2027-11-27,Active
588,96007487,20245472,CUTTING TOOL KIT,KCS128002,LCS002 CAGE,,False,False,False,,,2025-11-04,,,,Deactivated
589,96005311,20212486,"HEADSET, H10-30 AVIATION",2006690,FLIGHTLINE,,False,False,False,2025-08-13,2025-08-13,2025-08-13,2025-09-12,2026-02-09,2026-08-13,Cannot Find
590,96009198,20274401,"OUTIL, MANIPULATION TAPIS",C04401103-HFIX01,LCS010/020,,False,False,True,,,2025-12-09,,,2026-12-09,Active
592,96007798,20247007,FOD PROTECTION COVER,S500-210001-SFIX04,LCS010/020 CAGE,,False,False,True,,,2025-12-09,,,2026-12-09,Active
593,96007202,20243206,DRILL TEMPLATE FOR STRINGER SPLICE FR61,C01303000-DJIG36,LCS001 LOWER,,False,False,True,,,2025-10-28,,,2026-10-28,Active
594,96007997,20245753,PARKER PCU CONTROLLER  (US PROCURED),109930TF51-1003,LCS003 CAGE,,False,False,True,2025-10-14,,,2025-11-13,,2026-09-15,Active
595,96007774,20245673,LCS002 RH TENSION FITTINGS TF9-1 TO TF12,C01603001-002-SFIX02,US-LCS002-MEC,,False,False,False,,,,,,,Cannot Find
596,96007964,20245907,L/H ELECTRICAL ENGINE INTERFACE TEST HAR,S500-710006-TFIX02,LCS003 CAGE,,False,False,True,,,2025-11-05,,,2026-11-05,Active
597,96007868,20246761,PLASTIC FUEL CONTAINER 45 GALLONS,S500-280011-TFIX12,LCS070,,False,False,True,,,2025-11-28,,,2026-11-28,Active
598,96007219,20243223,DRILL TEMPLATE FOR STRINGER SPLICE FR61,C01303000-DJIG53,LCS001 TOP,,False,False,True,,,2025-10-28,,,2026-10-28,Active
599,96007580,20246801,3-STEP AVIONIC LADDER  + WHITE EXTENSION,C01300000-SCLD23,LCS010/020,,False,False,True,,,2025-11-28,,,2026-11-28,Active
600,96007798,20247003,FOD PROTECTION COVER,S500-210001-SFIX04,LCS010/020 CAGE,,False,False,True,,,2025-12-10,,,2026-12-10,Active
601,96007878,20246250,MLG FOD PROTECTOR,S500-321011-TFIX03,LCS010/020 CAGE,,False,False,True,,,,,,,Cannot Find
602,96009334,20278554,"KIT, HP DUCT LOCATOR",C08121001-LJIG01,LCS002 CAGE,,False,False,True,,,2025-12-18,,,2026-12-18,Active
603,96007709,20278519,SMALL ADJ WRENCH HOLDER,C01637528-SFIX20,LCS002,,False,False,True,,,2025-12-16,,,2026-12-16,Active
604,96007834,20246106,EOAM TRIGGER RIGGING,,,,False,False,False,,,,,,,Deactivated
605,96007415,20246130,UNIVERSAL TRANSPONDER ANTENNA COUPLER,UC-584,LCS010/020,,False,False,False,,,,,,,Cannot Find
606,96011475,20329368,Laser monument short shaft,2301-010000,TOOLBOX - LCS-002,,False,False,True,,,2026-02-06,,,2028-02-06,Active
607,96006682,20231900,"CART, 18H0000540 MLG HYDRAULIC",18H0000148MLG,LCS010/20,,True,True,True,2026-03-05,2026-02-05,2025-12-12,2026-04-04,2026-05-26,2026-11-27,Active
608,96007342,20245257,"PROTECTION, EMERGENC DR SLIDE LVR, A321",C05258250-SFIX01,LCS001,,False,False,False,,,,,,,Deactivated
609,96007975,20245741,#1 FINAL FIT WATTMETER,S500-231111-TFIX01,LCS003 Cage Rack 2,,True,False,True,2026-03-23,,,2026-04-22,,2026-10-06,Active
610,96006554,20226130,"ADAPTOR, OXYGEN FILL TRONAIR PC1006",PC-1006,DELIVERY CENTER,,False,False,True,,,2025-09-05,,,2026-09-05,Active
611,96005888,20219052,VACUUM BOX,S500-383001-TFIX02,LCS003 CAGE,,False,False,True,2025-08-26,2025-08-26,2025-09-03,,,2026-09-03,Active
612,96007538,20245504,CUFF FAIRING BORING TOOL,C01360000-LJIG01,LCS010/020 CAGE,,False,False,True,2025-09-29,,2026-02-09,2025-10-29,,2027-02-09,Active
613,96007379,20245422,SKYDROL OIL SERVICING - HAND PUMP FOR A2,06-4035-3600,LCS070,,False,False,False,,,,,,,Cannot Find
614,96007739,20246424,TEMP FWD FUSE FLOOR KIT,,,,False,False,False,,,,,,,Deactivated
615,96007778,20245842,MLG TOOL KIT,C01619001-001-SFIX09,LCS002 CAGE,,False,False,True,2025-10-16,,2026-01-08,2025-11-15,,2027-01-08,Active
616,96009468,20282599,"BELT, BARRIER, RETRACTABLE STRIPPED YELLOW",60145T267,A220 TOOL SHOP,,False,False,False,,,2026-01-15,,,2027-01-15,Active
617,96007324,20245219,SHOCK STRUT OIL SERVICING UNIT (US PROCU,06-5042-0500,LCS070,,False,False,False,,,,,,,Cannot Find
618,96004420,20275452,"KIT, SERVICE GAUGE, TIRE/STRUT, A220",,,,False,False,False,,,,,,,Deactivated
619,96011847,20506366,POSITMNT CTMT RING,C01655003-LJIG01,LCS003 CAGE,,True,False,True,2026-04-28,,2026-01-01,2026-05-28,,2028-01-01,Active
620,96007296,20243300,CS300 WING JOINING DRILL JIG,C01663001-001-DJIG10,LCS002 TOP,,False,False,False,,,2026-02-26,,,,Deactivated
621,96007979,20246126,MAINTENANCE PANEL HARNESS (FEMALE),S500-461111-TFIX03,LCS010/020 CAGE,,False,False,True,,,2025-11-17,,,2026-11-17,Active
623,96007829,20246010,PROTECTIVE DUST CAP BLANKING CAP,C500-360011-TFIX07,LCS003 CAGE,,False,False,True,,,2025-11-19,,,2026-11-19,Active
626,96011475,20329379,Laser monument short shaft,2301-010000,,,True,False,True,2026-03-01,,2026-01-01,,,2027-01-01,Active
627,96007341,20245243,AFT & FWDPAX DOOR HANDLE PROTECTION,C05158150-SFIX01,LCS070,,False,False,True,,,2026-03-02,,,2027-03-02,Active
628,96005229,20212401,"STOOL, LIGHTWEIGHT RUBBER COATED 2 STEP",RUBBER STEP STOOL,MULT,,False,False,True,,,2025-12-17,,,2026-12-17,Active
629,96007867,20246493,FUEL FUNNEL AND SUCTION CUP,S500-280011-TFIX09,GUAGING CANOPY,,False,False,True,,,2026-03-17,,,2027-03-17,Active
630,96007747,20246330,SMALL TEFLON SQUARE,C04400201-SFIX01,LCS010/020 INTERIORS CAGE,,False,False,True,,,2025-11-11,,,2026-11-11,Active
631,96007632,20246587,AFT CARGO BEAM SUPPORT,C01344100-SFIX01,MULT,,False,False,False,,,,,,,Deactivated
633,96007689,20245837,ACU INSTALLATION TOOL,C01368260-SFIX01,LCS010/020,,False,False,True,2025-10-16,,,2025-11-15,,2026-07-08,Active
634,96007681,20246730,COCKPIT SEAT TRACK COVER,1430-03DZG-SFIX00,LCS030/040 CAGE,,False,False,True,2025-07-25,2025-07-25,2025-07-25,2025-08-24,2026-01-21,2026-07-25,Active
635,96006988,20242616,"SLING-ST.PIERRE-26.23""-SPN3-3-2902",,,,False,False,False,,,,,,,Deactivated
636,96004944,20214689,"BAG, TOOL TOTE",,,,False,False,False,,,,,,,Deactivated
637,96011872,20569413,BANC DE TEST PERCEUSE EDU,C016101001-SFIX07,ADU SHOP LCS-002,,True,False,True,2026-04-27,,2026-01-01,2026-06-26,,2027-05-27,Active
638,96007856,20330188,PROLINE 3600 POWER CONNECTOR,S500-275011-TFIX03,LCS070 CAGE,,False,False,True,,,2026-02-09,,,2027-02-09,Active
639,96007572,20284438,TAIL CONE APU DOOR ACCESS LADDER (WHITE),C01300000-SCLD26,LCS003,,False,False,True,,,2026-01-16,,,2027-01-16,Active
640,96007452,20328768,SIDE STICK RIG PIN,490100GSE1,LCS030/040 CAGE (RACK 4 SHELF A),,False,False,True,,,2026-01-28,,,2028-01-28,Active
641,96005887,20219051,"PANEL, AIR TEST",S500-281001-TFIX03,LCS003 CAGE/Rack 10,,False,False,True,2025-09-22,,2025-08-28,2025-10-22,,2026-08-10,Active
642,96007881,20246980,TARGET  MLG,S500-326101-TFIX03,FLIGHTLINE,,False,False,True,,,2026-01-22,,,2027-01-22,Active
643,96007762,20245663,XFORM CS300 C5-1 & C6-1 LCS002,C01356605-003-SFIX03,LCS002,,False,False,True,2025-10-07,,2026-03-23,2025-11-06,,2027-03-23,Active
644,96009113,20271441,"VACUUM, UPRIGHT CORDLESS LITHIUM-ION KIT",DYSON,LCS010/020 INTERIORS CAGE,,False,False,False,,,,,,,Cannot Find
646,96007836,20246151,OWEED CLOSING TOOL,C500-522111-TFIX04,LCS030/040 CAGE,,False,False,True,,,2025-11-18,,,2026-11-18,Active
647,96007815,20246783,5-STEP LADDER NO HAND RAIL - BLUE,,,,False,False,False,,,,,,,Deactivated
648,96005311,20281985,"HEADSET, H10-30 AVIATION",2006690,FLIGHTLINE,,False,False,False,,,,,,,Cannot Find
649,96007972,20246456,LH WING DOLLY,C016000000-001-TRDY01,NORTH OUTTER 220 FAL,,False,False,True,,,2026-03-16,,,2028-03-15,Active
650,96009201,20278531,"CRIMPER DYE, HYP8/10 COPALUM SEALED 2/0A",68011-1,LCS001,,False,False,False,,,,,,,Cannot Find
651,96005898,20441926,"CART,HE-2 HYDRAULIC POWER UNIT CART",HE-2,Contingency,,True,False,True,2026-03-25,,2026-02-19,2026-04-24,,2027-02-19,Active
652,96009345,20576307,CANTILEVER ROLLING LADDER,UCS500730242,BUILDING 31,,False,False,True,,,2026-02-20,,,2027-02-20,Active
653,96007494,20303581,FWD PASSENGER DOOR SAFETY NET,GT9910587-GTOO02,LCS001,,False,False,True,,,2026-01-15,,,2027-01-15,Active
654,96007982,20324564,Headset Dual to single plug,,BLD. 31,,True,False,True,2026-03-01,,2026-01-01,2027-01-31,,2028-01-01,Active
655,96007390,20246843,MFS PISTON ROD COLLAR  (US PROCURED),490500GSE1-1001,LCS003,,False,False,True,,,2025-12-05,,,2026-12-05,Active
656,96011635,20312324,Floor protection (AFT Fuselage),C01570010-SFIX10,BLD. 31 CAGE,,True,False,True,2026-03-01,,2026-01-01,2027-01-31,,2028-01-01,Active
657,96007446,20246636,HEADSET STECOM 26-5007 (US PROCURED),CSB-990MAX KIT,LCS003,,False,False,True,,,,,,,Cannot Find
658,96006833,20247505,"CUTTER, CABLE PWC80A",PWC80A,FLIGHTLINE,,False,False,True,,,2025-12-11,,,2026-12-11,Active
659,96007341,20245244,AFT & FWDPAX DOOR HANDLE PROTECTION,C05158150-SFIX01,LCS070,,False,False,True,,,2026-03-03,,,2027-03-03,Active
661,95163226,20087065,TECHKIT/SEMKIT CARTRIDGE MIXER,TS6500,LCS070,,False,False,True,2025-09-15,2025-08-13,2025-08-13,2025-10-15,2026-02-09,2026-09-12,Active
662,96007497,Awaiting,FAL ASD SAFETY  FENCE,GT9910590-GTOO02,,,False,False,False,,,2026-02-16,,,,Deactivated
663,96011476,20329419,Laser monument long shaft,2301-020000,TBD,,False,False,True,,,2026-03-09,,,2027-03-09,Active
664,96007433,20245444,CONNECTOR ADAPTOR (US PROCURED),RFA-8343,BATTERY SHOP,,False,False,True,2025-07-30,2025-07-30,2025-07-30,2025-08-29,2026-01-26,2026-07-30,Active
666,96008848,20261096,ESD Continuous Monitor,19321,MULT,,False,False,False,,,,,,,Cannot Find
667,96007675,20246674,FWD CARGO BEAM SUPPORT,C01754200-SFIX01,US-LCS001-MEC,,False,False,False,,,,,,,Cannot Find
668,96007529,20245811,CARGO DOOR DOLLY,C01550000-HFIX02,LCS002,,False,False,True,2025-10-14,,,2025-11-13,,2026-05-15,Active
669,95161681,20030629,"SPIRAL DRILL DIN1897-2,1 HSS-E",,,,False,False,False,,,,,,,Deactivated
670,96007359,20245929,IASC BREAKOUT BOX,99421A010000,FLIGHTLINE,,False,False,True,,,2025-11-03,,,2026-11-03,Active
671,96007330,20245225,MONUMENT PARALLELISM CHECKING GAUGE,C04400220-LJIG02,LCS010/020 INTERIORS CAGE,,False,False,True,2025-09-29,,2026-02-12,2025-10-29,,2027-02-12,Active
672,96007222,20243226,DRILL TEMPLATE FOR STRINGER SPLICE FR61,C01303000-DJIG56,LCS001 TOP,,False,False,True,,,2026-02-26,,,2027-02-26,Active
673,96007144,20243148,DRILL TEMPLATE FOR STRINGER SPLICE FR30,C01302000-DJIG58,LCS001 TOP,,False,False,True,,,2025-10-23,,,2026-10-23,Active
674,96007191,20243195,DRILL TEMPLATE FOR STRINGER SPLICE FR61,C01303000-DJIG25,LCS001 TOP,,False,False,True,,,2025-10-27,,,2026-10-27,Active
675,96008026,20246083,Vacuum Pump,,,,True,False,True,2026-03-01,,2026-01-01,,,2027-01-01,Active
676,96007934,20582338,PRESSURIZATION BLANKING KIT,,,,True,False,True,2026-03-01,,2026-01-01,,,2027-01-01,Active
677,96007794,20246290,TEMPORARY CKP CABIN FLOOR DOLLY,,,,False,False,False,,,,,,,Deactivated
678,96007253,20243257,FLOOR FR61 LBL43.5 LCS010,C01304262-DJIG01,LCS001 TOP,,False,False,True,,,2026-03-02,,,2027-03-02,Active
679,96007748,20246374,LATERAL BIN PROTECTION,C04400501-SFIX03,LCS010/020 INTERIORS CAGE,,False,False,True,,,2025-11-11,,,2026-11-11,Active
680,96007752,20246289,WING SLIDE CABLE BLOCK,S500-120011-SFIX02,LCS010/020 CAGE,,False,False,True,,,2025-11-11,,,2026-11-11,Active
681,9601643,20350506,Protection floor cargo FWD,C04471000-SFIX01,,,True,False,True,2026-03-01,,2026-01-01,,,2027-01-01,Active
682,96008023,20246080,STAGING FR79,,,,False,False,False,,,,,,,Deactivated
683,96007751,20246871,PSD ARMING PROTECT BLOCK,S500-120011-SFIX01,MULT,,False,False,True,,,2025-12-04,,,2026-12-04,Active
684,96007751,20246856,PSD ARMING PROTECT BLOCK,S500-120011-SFIX01,LCS070,,False,False,True,,,2025-12-04,,,2026-12-04,Active
685,96007540,20246357,NOMINAL BIN SPACING POSITIONING JIG,C04400501-LJIG01,LCS010/020 INTERIORS CAGE,,False,False,True,,,2025-11-11,,,2026-11-11,Active
686,96005349,20212409,FLAP OVERLAP CALIPER,,,,False,False,False,,,,,,,Deactivated
688,96006415,20255420,ELEVATOR BACKLASH BAR PUSHER - 2 PC SET,S500-273011-TFIX03,LCS010/020 CAGE,,False,False,True,,,2025-12-11,,,2026-12-11,Active
689,96005311,20212491,"HEADSET, H10-30 AVIATION",2006690,FLIGHTLINE,,False,False,False,,,2025-12-18,,,,Active
690,96007498,20582336,CLOTURE SECURITE OVERWING FAL,,,,True,False,True,2026-04-27,,2026-01-01,2026-05-27,,2027-01-01,Run to Failure
691,96007931,20246518,ENGINE WEIGHT,S500-100011-TFIX04,LCS003,,False,False,True,,,2026-03-19,,,2027-03-19,Active
692,96007498,20246816,FAL OVERWING SAFETY FENCE,GT9910591-GTOO01,LCS070,,False,False,False,,,2025-12-03,,,,Active
693,96006409,20582337,ELEVATOR/AILERON CLINOMETER,,,,True,False,True,2026-03-01,,2026-01-01,,,2027-01-01,Active
694,96007798,20247025,FOD PROTECTION COVER,S500-210001-SFIX04,LCS002 CAGE,,False,False,False,,,,,,,Cannot Find
695,96007856,20330132,PROLINE 3600 POWER CONNECTOR,S500-275011-TFIX03,LCS010/020 CAGE,,False,False,False,,,,,,,Active
696,96011476,20329417,Laser monument long shaft,2301-020000,TBD,,False,False,True,,,2026-02-13,,,2027-02-13,Active
697,96007581,20246782,5-STEP WHITE LADDER,C01601001-SCLD01,LCS903,,False,False,True,,,2025-11-28,,,2026-11-28,Active
698,96007581,20246784,5-STEP WHITE LADDER,C01601001-SCLD01,FLIGHTLINE,,False,False,True,,,2025-11-24,,,2026-11-24,Active
699,96007868,20246733,PLASTIC FUEL CONTAINER 45 GALLONS,S500-280011-TFIX12,LCS070,,False,False,True,,,2025-11-26,,,2026-11-26,Active
700,96007495,20396024,FWD SERVICE DOOR SAFETY NET,GT9910588-GTOO02,MULT,,False,False,True,,,2026-02-20,,,2027-02-20,Active
701,96007856,20330186,PROLINE 3600 POWER CONNECTOR,S500-275011-TFIX03,LCS070 CAGE,,False,False,True,,,2026-02-12,,,2027-02-12,Active
702,96007494,20246460,FWD PASSENGER DOOR SAFETY NET,GT9910587-GTOO02,LCS030/040 CAGE,,False,False,True,,,2026-03-09,,,2027-03-09,Active
703,96007465,20327589,SWIVEL TENSION FITTING DRILL JIG,GT9910461-GTOO01,US-LCS002-MEC,,True,False,True,2026-04-08,,2026-03-06,2026-05-08,,2027-03-06,Active
704,96007375,20245419,RAT BACKDRIVE TOOL  (US PROCURED),AGE17631B,LCS070,,False,False,True,2025-09-30,,,2025-10-30,,2026-09-20,Active
705,96007497,20303585,FAL ASD SAFETY  FENCE,,,,False,False,False,2026-03-01,,2026-01-01,,,,Deactivated
706,96011342,20328090,ENGINE TROLLEY,AGSE-E241-G02,LCS030/040,,False,False,True,,,2026-01-31,,,2027-01-31,Active
707,96007610,20245834,FWD PAX INTERIOR FINITION STAGING + EXTE,C02315000-SCLD03,LCS030/040,,False,False,True,2025-10-14,,,2025-11-13,,2026-07-08,Active
709,96007489,20245474,CUTTING TOOL REPAIR KIT,KCS-PL8-0/3,LCS002,,False,False,False,,,,,,,Cannot Find
710,96007714,20245624,T-FTG CS300 TF9-2/TF12-2,C01663001-002-SFIX02,LCS002,,False,False,True,,,2025-11-05,,,2026-11-05,Active
711,96001901,20211708,"FAN, MAX PERFORMANCE PIVOTING",,,,False,False,False,,,,,,,Deactivated
712,96007383,20313131,SKYDROL OIL SERVICING - AIR PUMP 55 GAL,06-5024-3610,DELIVERY CENTER,,False,False,False,,,,,,,Cannot Find
713,96007827,20246929,DUMMY SLIDE,C01518150-TFIX03,TRANS,,False,False,False,,,,,,,Cannot Find
714,96007752,20246332,WING SLIDE CABLE BLOCK,S500-120011-SFIX02,LCS010/020 CAGE,,False,False,True,,,2025-11-10,,,2026-11-10,Active
715,96007880,20246979,ANTI-TARGET,S500-326101-TFIX02,LCS010/020 TOOLBOX,,False,False,False,,,2026-01-21,,,2027-01-21,Active
716,96007794,20246376,TEMPORARY CKP CABIN FLOOR DOLLY,,,,False,False,False,,,,,,,Deactivated
717,96007105,20243109,DRILL TEMPLATE FOR STRINGER SPLICE FR30,C01302000-DJIG19,LCS001 TOP,,False,False,True,,,2025-09-19,,,2026-09-19,Active
718,96007376,20329885,HIGH PRESSURE CONNECTOR,K-3706,LCS003,,False,False,False,,,,,,,Cannot Find
719,96006919,20240316,POWER SUP - G165 12V 50/60HZ,POWER SUPPLY,LCS010/020 INTERIORS CAGE,,False,False,True,2025-09-08,,2025-09-17,2025-10-08,,2026-09-17,Active
720,96007828,20312658,INTERNAL HANDLE ADAPTER,C01570000-TFIX04 #12,,,True,False,True,2026-03-01,,2026-01-01,,,2027-01-01,Active
721,96007838,20279838,FREE ROTATION NLG JACK,S500-100011-TFIX06,LCS010/020 CAGE,,False,False,True,,,2026-01-31,,,2027-01-31,Active
722,96011055,20313172,GABARIT DE PERCAGE,C02322600,LCS001,,False,False,False,,,,,,,Cannot Find
723,96007980,20303580,RJ45 Loopback tester,,,,True,False,True,2026-03-01,,2026-01-01,,,2027-01-01,Active
724,96007431,20246623,WHEEL CHOCK,,,,False,False,False,,,,,,,Deactivated
725,96007591,20245528,UNDER WING LH,C01601001-001-SCLD03,LCS003,,False,False,True,2025-09-30,,,2025-10-30,,2026-07-12,Active
726,96005150,20259526,"CARGO BAR, 40""-70"" HEAVY DUTY",,,,False,False,False,,,,,,,Deactivated
727,96007852,20246534,RUDDER/ELEVATOR LOAD PAD,S500-273011-TFIX02,LCS010/020 CAGE,,False,False,True,,,2026-03-20,,,2027-03-20,Active
728,96006980,20241360,TELEX HEADSET,TELEX HEADSET,LCS030/040,,False,False,False,,,,,,,Cannot Find
729,96007599,20245535,OVER_WING RH,C01601001-002-SCLD02,LCS002,,False,False,True,2025-09-29,,2026-03-23,2025-10-29,,2027-03-23,Active
730,96007416,20303572,TAILSTAND (US PROCURED),03A5846C0100,BAY 5,,False,False,True,2025-08-13,2025-08-13,2025-08-13,2025-09-12,2026-02-09,2026-08-13,Active
731,96007692,20246467,CARGO MID FLOOR CS100&300,C01370000-SFIX03,MULT,,False,False,False,,,,,,,Deactivated
732,96008846,20264712,"VACUUM BACKPACK, HEPA 2.5 GAL 120V",BP-125-0,LCS010/020 INTERIORS CAGE,,False,False,False,,,,,,,Cannot Find
733,96007803,20246732,7-STEP LADDER - GREY,ML-073221G,LCS010/020,,False,False,True,,,2025-11-25,,,2026-11-25,Active
734,96007674,20246432,TEMPORARY FLOOR DOLLY,,,,False,False,False,,,,,,,Deactivated
735,96007813,20246677,4-STEP LADDER - BLUE,SEP4-2436,LCS070,,False,False,True,,,2025-11-26,,,2026-11-26,Active
736,96007878,20303605,MLG FOD PROTECTION,,,,True,False,True,2026-04-07,,2026-01-01,2026-05-07,,2027-01-01,Active
738,96007195,20243199,DRILL TEMPLATE FOR STRINGER SPLICE FR61,C01303000-DJIG29,LCS001 TOP,,False,False,True,,,2025-10-27,,,2026-10-27,Active
739,96007812,20321950,3 STEP LADDER,SEP3-2436,GUAGING CANOPY,,False,False,True,,,2026-01-28,,,2027-01-28,Active
740,96008190,20248322,"HEAD, HYP8 8-4/0 DAWG33HT-58422-1",,,,False,False,False,,,,,,,Deactivated
741,96007341,20245241,AFT & FWDPAX DOOR HANDLE PROTECTION,C05158150-SFIX01,LCS070,,False,False,True,,,2026-03-05,,,2027-03-05,Active
742,96007803,20246739,7-STEP LADDER - GREY,,,,False,False,False,,,,,,,Deactivated
743,96009338,20278613,EXTENSION HEADSET,BD500EXT-100-SFIX01,LCS903,,False,False,True,,,2025-12-19,,,2026-12-19,Active
744,96007150,20243154,DRILL TEMPLATE FOR STRINGER SPLICE FR30,C01302000-DJIG64,LCS001 TOP,,False,False,True,,,2025-10-21,,,2026-10-21,Active
745,96007798,20247015,FOD PROTECTION COVER,S500-210001-SFIX04,LCS002 CAGE,,False,False,True,,,2025-12-12,,,2026-12-12,Active
746,96007488,20245473,SWING LINK DRILL KIT,,,,False,False,False,,,,,,,Deactivated
747,96004423,20203687,CHEMICAL FILL CONNECTOR,K-2410,FLIGHTLINE,,False,False,True,2025-08-14,2025-08-19,2025-09-03,2025-09-13,,2026-09-03,Active
748,96006762,20237055,"CREEPER, 44""X17"" WITH 6 WHEELS","44 x 17, 6 Wheels",BAY 5,,False,False,True,,,2025-10-21,,,2026-10-21,Active
749,96007243,20243247,DRILL TEMPLATE FOR STRINGER SPLICE FR61,C01303000-DJIG77,LCS001 LOWER,,False,False,True,,,2026-02-27,,,2027-02-27,Active
750,96006409,20223021,"INCLINOMETER, WIRELESS (S500-273011-TFIX05)",S500-273011-TFIX05,FLIGHTLINE,,False,False,False,2025-08-26,,2025-09-05,,,,Deactivated
751,96008477,20278527,LIGHT STRIP LOCATOR,C04401980-LJIG03,LCS010/020 INTERIORS CAGE,,False,False,True,,,2025-12-18,,,2026-12-18,Active
752,96009713,20296666,WINGS PROTECTIONS STORAGE CART,C01600000-SFIX90,LCS030/040,,False,False,True,,,,,,,Cannot Find
753,96011057,20313174,GABARIT DE PERCAGE,C02322600,LCS001,,False,False,False,,,,,,,Cannot Find
754,96003815,20240630,"PROTRACTOR, DIGITAL, PRO3600",31-040-9,FLIGHTLINE,,False,False,True,,,2025-09-17,,,2026-09-17,Active
756,95163226,20087058,TECHKIT/SEMKIT CARTRIDGE MIXER,TS6500,FLIGHTLINE,,False,False,True,2025-09-22,2025-08-15,2025-09-03,2025-10-22,2026-02-11,2026-09-03,Active
757,96007803,20284432,7-STEP LADDER - GREY,ML-073221G,LCS010/020,,False,False,True,,,2026-01-16,,,2027-01-16,Active
758,96007965,20246065,R/H ELECTRICAL ENGINE INTERFACE TEST HAR,S500-710006-TFIX03,US-LCS010-ELEC,,False,False,True,,,2025-11-21,,,2026-11-21,Active
759,96007814,20581933,5 Stairs Ballymore,CAL-SEP5-2436-AB,,,True,False,True,2026-03-01,,2026-01-01,2026-05-31,,2027-01-01,Active
760,96007798,20247027,FOD PROTECTION COVER,S500-210001-SFIX04,LCS002 CAGE,,False,False,True,,,2025-12-09,,,2026-12-09,Active
761,96007901,20246381,ECCENTRIC HANDLE,S500-575002-TFIX01,LCS010/020,,False,False,True,,,2025-11-14,,,2026-11-14,Active
762,96007379,20329095,SKYDROL OIL SERVICING - HAND PUMP,06-4035-3600,903,,False,False,False,,,,,,,Deactivated
763,96008328,20253396,"DETECTOR, PARTICLE / BP6NN021",IPD22322130,LCS003,,True,True,True,2026-03-31,2025-12-01,,2026-04-30,2026-05-30,2026-10-15,Active
765,96009497,20289044,CARPET CART,AIC_FEC2201_V1,LCS001,,False,False,False,,,2026-01-15,,,2027-01-15,Active
766,96007948,20245897,CONTROL BOX FOR CARGO DOOR,C01550000-TFIX03,LCS003 CAGE,,False,False,True,,,2025-11-11,,,2026-11-11,Active
767,96007237,20243241,DRILL TEMPLATE FOR STRINGER SPLICE FR61,C01303000-DJIG71,LCS001 LOWER,,False,False,True,,,2026-02-26,,,2027-02-26,Active
768,96004780,20302439,"PUMP, ACCULUBE FOR CLECO ADU",,,,False,False,False,,,,,,,Deactivated
769,96007672,20284445,TEMPORARY FLOOR DOLLY,,,,False,False,False,,,,,,,Deactivated
770,96007416,20314815,Tail Stand,03A5846C0100/1430-03,LCS001,,True,False,True,2026-03-23,,,2026-04-22,,2027-03-18,Active
771,96008848,20261092,ESD Continuous Monitor,19321,MULT,,False,False,True,,,2025-12-09,,,2026-12-09,Active
772,96007803,20319930,7 STEP LADDER,073214GSU,GUAGING CANOPY,,False,False,True,,,2026-01-29,,,2027-01-29,Active
773,96008222,20328854,Bleed loop test kit,C08110600-SFIX01,BUILDING 31 CAGE,,False,False,True,,,2026-01-30,,,2027-01-30,Active
774,96007802,20245690,SHIM BONDING FIXTURES FOR PROJECT 38 CS3,C01663001-SFIX32,LCS002,,False,False,True,2025-10-06,,,2025-11-05,,2026-09-05,Active
775,96007632,20246649,AFT CARGO BEAM SUPPORT,C01344100-SFIX01,MULT,,False,False,True,,,2025-11-24,,,2026-11-24,Active
776,96004780,20208741,"PUMP, ACCULUBE FOR CLECO ADU",,,,False,False,False,,,,,,,Deactivated
777,96005349,20212410,"CALIPER, FLAP OVERLAP",,,,False,False,False,,,,,,,Deactivated
778,96007930,20246667,ENG WEIGHT PYLON INTERFACE,S500-100011-TFIX03,LCS030/040,,False,False,True,,,2025-11-27,,,2026-11-27,Active
779,96007751,20246862,PSD ARMING PROTECT BLOCK,S500-120011-SFIX01,LCS070,,False,False,True,,,2025-12-03,,,2026-12-03,Active
780,96007863,20245872,SLAT RIGGING KIT LCS020,S500-278101-TFIX02,BLD. 31,,False,False,False,2026-02-16,,2025-11-03,,,,Cannot Find
781,96007414,20245945,TOW BAR (STANDARD),TOWCS300S20SH1,LCS070 or Transhipment,,False,False,True,,,2025-11-04,,,2026-11-04,Active
782,96007723,20245633,FRONT SPAR LOWER CAP,C01685005-001-SFIX10,LCS002,,False,False,False,,,,,,,Cannot Find
783,96005880,20224015,"GONIOMETER, RUDDER",S500-272011-TFIX03,LCS010/020 CAGE,,False,False,True,2025-09-22,,2025-09-03,2025-10-22,,2026-09-12,Active
784,96008050,20248173,"LASER, DISTANCE METER INDOOR MEASURING",,,,False,False,False,,,,,,,Deactivated
785,96011430,20328671,FTIS cooling fan kit,,,,True,False,True,2026-03-01,,2026-01-01,,,2027-01-01,Active
786,96011662,20350613,XLBIN OWEED LOCATING JIG RHS,C04400552-002-LJIG02,LCS010,,False,False,True,,,2026-02-17,,,2027-02-17,Active
787,96007171,20243175,DRILL TEMPLATE FOR STRAP FR61,C01303000-DJIG05,LCS001 LOWER,,False,False,True,,,2025-10-22,,,2026-10-22,Active
788,96008013,20245763,REGULATOR 0-2500 *deleted,,,,False,False,False,,,,,,,Deactivated
789,96007475,20246266,HANDLE C/SINK,GT9910693-GTOO01,Basement,,False,False,True,,,2025-11-14,,,2026-11-14,Active
790,96007373,20276997,NITROGEN CART  (US PROCURED),18-4208-0010,LCS070,,False,False,True,,,2026-01-19,,,2027-01-19,Active
791,96005229,20303560,Yellow 2 steps stool,,,,False,False,False,2026-03-01,,2026-01-01,,,,Cannot Find
792,96007476,20246182,CASE FOR FR30 PLIERS + CLECO,GT9910724-GTOO01,LCS001,,False,False,True,,,2025-11-13,,,2026-11-13,Active
793,96010817,20582360,Engine lock cover,,,,True,False,True,2026-03-01,,2026-01-01,,,2027-01-01,Active
796,96004432,20234211,"LADDER, CAGE ADJ SAFETY TYPE 1AA 3-5FT",SEP5-2436,LCS001,,False,False,True,,,2025-09-05,,,2026-09-05,Active
797,96007929,20246253,CARGO DOOR DUMMY ACTUATOR,C500-523000-TFIX01,LCS002 CAGE,,False,False,True,,,2025-11-10,,,2026-11-10,Active
798,96009338,20278614,EXTENSION HEADSET,BD500EXT-100-SFIX01,LCS903,,False,False,True,,,2025-12-15,,,2026-12-15,Active
800,96007856,20330192,PROLINE 3600 POWER CONNECTOR,S500-275011-TFIX03,LCS030/040 CAGE,,False,False,True,,,2026-02-11,,,2027-02-11,Active
801,96007751,20246859,PSD ARMING PROTECT BLOCK,S500-120011-SFIX01,LCS070,,False,False,True,,,2025-12-01,,,2026-12-01,Active
802,96007965,20245908,R/H ELECTRICAL ENGINE INTERFACE TEST HAR,S500-710006-TFIX03,LCS010/020 CAGE,,False,False,True,,,2025-11-05,,,2026-11-05,Active
803,96007026,20242622,SLING-HERCULES-12867751  2-02,,,,False,False,False,,,,,,,Deactivated
804,96007094,20243098,DRILL TEMPLATE FOR STRAP FR30,C01302000-DJIG08,LCS001 TOP,,False,False,True,,,2025-10-20,,,2026-10-20,Active
805,96008021,20245922,IFR-6000 RAMP TEST SET,6000-KIT-BA1,LCS010/020,,False,False,False,,,,,,,Cannot Find
806,96004613,20205177,"LIGHT, 4FT 30W 5K DIMMABLE SHOP",,,,False,False,False,,,,,,,Deactivated
807,96007342,20245258,"PROTECTION, EMERGENC DR SLIDE LVR, A321",C05258250-SFIX01,LCS001,,False,False,False,,,,,,,Deactivated
808,96007574,20407809,AFT FUSE STAGING,C01300000-SCLD29,BLDG. 31,,True,False,True,2026-04-27,,2026-01-01,2026-06-26,,2027-05-27,Active
809,96007856,20330195,PROLINE 3600 POWER CONNECTOR,S500-275011-TFIX03,LCS070 CAGE,,False,False,True,,,2026-02-09,,,2027-02-09,Active
810,96007798,20247028,FOD PROTECTION COVER,S500-210001-SFIX04,LCS002 CAGE,,False,False,True,,,2025-12-10,,,2026-12-10,Active
811,96007004,20242404,WATER HOSE SUPPORT,GT9910944-GTOO01,LCS030/040 CAGE,,False,False,True,,,2026-03-06,,,2027-03-06,Active
812,96007341,20245254,AFT & FWDPAX DOOR HANDLE PROTECTION,C05158150-SFIX01,LCS070,,False,False,False,,,,,,,Deactivated
813,96007827,20246931,DUMMY SLIDE,C01518150-TFIX03,TRANS,,False,False,False,,,,,,,Cannot Find
814,96009403,20280067,BLEED LOOP BYPASS,1072004-TFIX01,LCS010/020,,False,False,True,,,2026-01-27,,,2027-01-27,Active
815,96007881,20246958,TARGET  MLG,S500-326101-TFIX03,LCS003 CAGE,,False,False,True,,,2026-01-22,,,2027-01-22,Active
816,96007675,20246662,FWD CARGO BEAM SUPPORT,C01754200-SFIX01,US-LCS001-MEC,,False,False,True,,,2025-11-27,,,2026-11-27,Active
817,96007982,20246542,HEADSET DUAL TO SINGLE PLUG ADAPTOR,S670-234001-TFIX01,LCS003 CAGE,,False,False,True,,,2026-03-17,,,2027-03-17,Active
818,96008772,20258862,"HARNESS, SAFETY FULL BODY 420 LB. BLACK",,,,False,False,False,,,,,,,Deactivated
819,96007301,20243305,CS300 CTR TRIFORM,C01663001-001-DJIG31,LCS002,,False,False,False,,,2026-02-25,,,,Deactivated
820,96009199,20407811,WOW T-Fix (ALTERNATE EXTENSION),S500-323111-TFIX01,LCS002,,False,False,True,,,2026-02-17,,,2027-02-17,Active
821,96007464,20245800,GROUND PIN LOCK (60-PIN KIT),GT9910362-GTOO01,LCS002 CAGE,,False,False,False,,,,,,,Cannot Find
822,96007313,20243317,CS300 FWD CORNER FITTING,C01663001-002-DJIG40,LCS002 CAGE,,False,False,False,,,,,,,Deactivated
823,96007937,20246051,FIREX DRAIN PLUG KIT,S500-262001-TFIX02,LCS030/040 CAGE,,False,False,True,,,2025-11-17,,,2026-11-17,Active
824,96007027,20242624,"SLING-HERCULES-232.5""-12806344",,,,False,False,False,,,,,,,Deactivated
825,96007790,20245846,FWD C-FTG CS300 CF3-1 LH,C01663222-001-SFIX03,LCS002,,False,False,True,2025-10-15,,2025-11-05,2025-11-14,,2026-11-05,Active
826,96007981,20328861,Dummy battery,S500-247012-TFIX00,LCS070 - Bay 5 (ELTB AT SHOP),,False,False,True,,,2026-01-30,,,2028-01-30,Active
827,96006409,20223016,"INCLINOMETER, WIRELESS (S500-273011-TFIX05)",S500-273011-TFIX05,LCS010/020 CAGE,,False,False,True,2025-09-22,,2025-09-03,2025-10-22,,2026-02-10,Active
829,96007937,20303587,Firex Drain Plug Kit,S500-262001-TFIX02,BLD. 31,,True,False,True,2026-04-06,,2026-01-01,2026-06-05,,2027-05-06,Active
830,96007600,20245989,AFT SERVICE INTERIOR FINITION STAGING,C01300000-SCLD04,LCS030/040,,False,False,True,,,2025-11-19,,,2026-11-19,Active
831,96007521,20245491,ENGINE SUPPORT,S500-710011-HFIX02,LCS030/040 CAGE,,False,False,True,2025-10-14,,2026-03-23,2025-11-13,,2027-03-23,Active
832,96007798,20247021,FOD PROTECTION COVER,S500-210001-SFIX04,LCS002 CAGE,,False,False,True,,,2025-12-08,,,2026-12-08,Active
833,96004420,20203674,"KIT, SERVICE GAUGE, TIRE/STRUT, A220",14-6833-6030,TOOLSHOP,,True,False,True,2026-03-24,2025-08-19,2025-09-03,2026-04-23,,2026-09-03,Active
834,96009717,20296679,H STAB PROTECTIONS STORAGE CART,C01600000-SFIX90,LCS002,,False,False,True,,,2026-01-16,,,2027-01-16,Active
836,96007577,20246236,C SERIES CARGO ACCESS,C01550000-SCLD03,FLIGHTLINE,,False,False,True,,,2025-11-12,,,2026-11-12,Active
837,96009364,20279458,"LOCKING PIN, OWEED TOOL",S500-522110-SFIX01,LCS070,,False,False,True,,,,,,,Cannot Find
838,95164389,20236591,"DISPENSER, SHOE COVER, BOOTIE BUTLER",SHOE COVER DISPENSER,BAY 5,,False,False,True,,,2025-09-17,,,2026-09-17,Active
839,96011164,20318436,ENGINE STAGING,C02900000-002-SCLD06,LCS030/040,,False,False,True,,,2026-01-13,,,2027-01-13,Active
840,96007392,20245430,50 WATTS 100-250MHZ ELEMENT (US PROCURED,,,,False,False,False,,,,,,,Deactivated
841,96007879,20246606,UPLOCK CONSIGNATION,S500-321011-TFIX04,LCS010/020 CAGE,,False,False,True,,,2025-11-28,,,2026-11-28,Active
843,96007798,20247020,FOD PROTECTION COVER,S500-210001-SFIX04,LCS002 CAGE,,False,False,True,,,2025-12-12,,,2026-12-12,Active
844,96007359,20245772,IASC BREAKOUT BOX,99421A010000,LCS003 CAGE,,False,False,True,2025-10-14,,,2025-11-13,,2026-07-18,Active
845,96007240,20243244,DRILL TEMPLATE FOR STRINGER SPLICE FR61,C01303000-DJIG74,LCS001 LOWER,,False,False,True,,,2026-02-24,,,2027-02-24,Active
846,96011516,20329889,BLANKET VACUUM ADAPTOR,GT9910696-GTOO01,BASEMENT,,False,False,True,,,2026-03-17,,,2027-03-17,Active
847,96006423,20255871,TEST SET. NAV COMM RAMP 6000,IFR-6000,LCS030/040 CAGE,,False,False,True,,,2025-12-08,,,2026-12-08,Active
848,96007315,20243319,PQUAD AFT FAIRING DJIG,C01703011-DJIG01,LCS030/040 CAGE,,False,False,True,,,2026-03-06,,,2027-03-06,Active
849,96011344,20328094,BLUE ENGINE DOLLY,PWA115185,LCS030/040,,False,False,True,,,,,,,Cannot Find
850,96004780,20208737,"PUMP, ACCULUBE FOR CLECO ADU",,,,False,False,False,,,,,,,Deactivated
851,96007586,20245830,6-STEP LADDER WITH SERVICE,C01300000-SCLD28,LCS030/040,,False,False,True,,,2025-11-03,,,2026-11-03,Active
852,96007287,20243291,LH CTR TRIFORM,C01603003-001-DJIG31,BASEMENT,,False,False,True,,,2026-02-25,,,2027-02-25,Active
853,96006697,20233448,"TOOL, 5"" NOSE .062"" SAFE-T-CABLE CRIMP",,,,False,False,False,,,,,,,Deactivated
854,96007494,20246439,FWD PASSENGER DOOR SAFETY NET,GT9910587-GTOO02,LCS010/020 CAGE,,False,False,True,,,2026-03-08,,,2027-03-08,Active
855,96007750,20245839,WIPER LOCATOR,C05000000-SFIX01,LCS070,,False,False,True,,,2025-11-05,,,2026-11-05,Active
856,96007463,20245956,MLG ORING PUSHER LCS002,GT9910343-GTOO01,LCS002 CAGE,,False,False,True,,,2025-11-06,,,2026-11-06,Active
857,96007814,20246908,5-STEP LADDER - BLUE,SEP5-2436-NH,LCS070,,False,False,True,,,2026-01-06,,,2027-01-06,Active
858,96007309,20243313,CS300 AFT SPAR,C01663001-002-DJIG20,LCS002,,False,False,False,2026-02-25,,,,,,Deactivated
859,96007827,20246928,DUMMY SLIDE,C01518150-TFIX03,TRANS,,False,False,False,,,,,,,Cannot Find
860,96006582,20226372,"START PAC, 28.5V DC300 AMPS MAX",53300,LCS002 CAGE,,False,False,True,2025-08-26,,2025-09-03,,,2026-09-03,Active
861,96007681,20246758,COCKPIT SEAT TRACK COVER,,,,False,False,False,,,,,,,Deactivated
862,96007898,20246425,HANDLE ADAPTER (FEBD),S500-520005-TFIX01,LCS003 CAGE,,False,False,True,,,2026-03-10,,,2027-03-10,Active
863,96007175,20243179,DRILL TEMPLATE FOR STRAP FR61,C01303000-DJIG09,LCS001 TOP,,False,False,True,,,2025-10-21,,,2026-10-21,Active
864,96007674,20284447,TEMPORARY FLOOR DOLLY,,,,False,False,False,,,,,,,Deactivated
865,96006417,20223046,"COUPLER,  SINGLE ANTENNA",UC-584,LCS010/020 CAGE,,False,False,True,2025-08-26,,2025-09-05,,,2026-09-05,Active
866,96007786,20245683,SHIM STR1 CS300 LH,C01663101-001-SFIX02,LCS002,,False,False,True,2025-10-07,,,2025-11-06,,2026-10-10,Active
867,96011056,20313173,GABARIT DE PERCAGE,C02322600,LCS001,,False,False,False,,,,,,,Cannot Find
868,96007494,20246481,FWD PASSENGER DOOR SAFETY NET,GT9910587-GTOO02,LCS070,,False,False,True,,,2026-03-10,,,2027-03-10,Active
869,96009403,20290564,BLEED LOOP BYPASS,1072004-TFIX01,LCS010/020,,False,False,True,,,2026-01-16,,,2027-01-16,Active
870,96007880,20246991,ANTI-TARGET,S500-326101-TFIX02,LCS010/020 TOOLBOX,,False,False,False,2025-07-30,2025-07-30,2025-07-30,2025-08-29,2026-01-26,2026-07-30,Deactivated
872,96009717,20296677,H STAB PROTECTIONS STORAGE CART,C01600000-SFIX90,LCS002,,False,False,True,,,2026-01-14,,,2027-01-14,Active
873,95163588,20299287,ACU,ACU-302S-CUP,FLIGHTLINE,,True,True,True,2026-03-08,2026-01-30,2025-11-12,2026-04-07,2026-07-29,2026-11-12,Active
874,96009333,20278552,MLG DOOR ROD ADAPTER,S500-321011-TFIX09,LCS010/020,,False,False,True,,,2025-12-17,,,2026-12-17,Active
875,96008222,20250055,BLEED LOOP KIT,C08110600-SFIX01,LCS030/040 CAGE,,False,False,True,,,2025-12-12,,,2026-12-12,Active
876,96007158,20243162,DRILL TEMPLATE FOR STRINGER SPLICE FR30,C01302000-DJIG72,LCS001 LOWER,,False,False,True,,,2025-10-21,,,2026-10-21,Active
877,96007087,20243091,DRILL TEMPLATE FOR STRAP FR30,C01302000-DJIG01,LCS001 TOP,,False,False,True,,,2025-09-08,,,2026-09-08,Active
878,96011475,20329395,Laser monument short shaft,2301-010000,,,True,False,True,2026-03-01,,2026-01-01,,,2027-01-01,Active
879,96007516,20245488,TAIL CONE LIFTING FIXTURE,C02100000-001-HFIX03,LCS002,,True,False,True,2026-02-26,,,2026-03-28,,2026-06-18,Active
880,96007630,20246431,DOLLY FOR REAR FUSE CARGO TEMPORARY FLOO,C01340000-SFIX05,LCS001,,False,False,False,,,,,,,Deactivated
881,96011476,20329404,Laser monument long shaft,2301-020000,TBD,,False,False,True,,,2026-02-02,,,2027-02-02,Active
882,96007824,20313189,PDOS HAND PUMP,,,,True,False,True,2026-04-07,,2026-01-01,2026-05-07,,2027-01-01,Active
883,96007801,20245689,SHIM BONDING FIXTURES FOR PROJECT 38 CS3,C01663001-SFIX31,LCS002,,False,False,True,2025-10-10,,2026-10-10,2025-11-09,,2027-10-10,Active
884,96007531,20245500,H-STAB JACK PAD REMOVER,C02000100-HFIX01,LCS002,,False,False,True,2025-09-29,,2025-11-05,2025-10-29,,2026-11-05,Active
885,96007496,20246311,FAL APD SAFETY  FENCE,GT9910589-GTOO02,LCS070 CAGE,,False,False,False,,,,,,,Deactivated
887,96002753,20236671,"HARNESS, SAFETY, VEST-STYLE, MED/LARGE",,,,False,False,False,,,,,,,Deactivated
888,96007173,20243177,DRILL TEMPLATE FOR STRAP FR61,C01303000-DJIG07,LCS001 TOP,,False,False,True,,,2025-10-21,,,2026-10-21,Active
889,96007341,20245249,AFT & FWDPAX DOOR HANDLE PROTECTION,C05158150-SFIX01,LCS070,,False,False,False,,,,,,,Deactivated
890,96007690,20246550,MID FUSE TEMP FLOOR KIT,,,,False,False,False,,,,,,,Deactivated
891,96007880,20246943,ANTI-TARGET,S500-326101-TFIX02,LCS010/020 TOOLBOX,,False,False,False,,,2026-01-20,,,2027-01-20,Active
892,96007558,20245978,COCKPIT SUPPORT,C01200000-PUPJ01,LCS001,,False,False,True,,,2025-11-03,,,2026-11-03,Active
893,96011494,20329357,KIT TARGET LASER,C01370000-SFIX42,LCS001 TOP,,False,False,True,,,2026-02-05,,,2027-02-05,Active
894,96004433,20234236,"LADDER, CAGE ADJ SAFETY TYPE 1AA 5-9FT",LADDER,BUILDING 6,,False,False,True,,,2025-09-12,,,2026-09-12,Active
895,96008019,20245921,HYDRAULIC ELECTRICAL TESTER  (US PROCURE,,,,False,False,False,,,,,,,Deactivated
896,96007866,20245708,SLAT COLD WORK,S500-278101-TFIX05,LCS003 CAGE Rack 6,,False,False,True,2025-10-06,,2026-02-20,2025-11-05,,2027-02-20,Active
897,96007827,20246933,DUMMY SLIDE,C01518150-TFIX03,LCS010/020 CAGE,,False,False,True,,,2026-01-07,,,2027-01-07,Active
898,96007497,20582335,Safety nets kit AS FAL,,,,False,False,False,2026-03-01,,2026-01-01,,,,Deactivated
899,96009368,20307083,"Electric DISPENSER, SHOE COVER, BOOTIE BUTLER",,,,True,False,True,2026-03-01,,2026-01-01,,,2027-01-01,Active
900,96007460,20246137,ARINC 429 BUS TRANSCEIVER,GT9910140-GTOO01,LCS010/020 CAGE,,False,False,True,,,2025-11-17,,,2026-11-17,Active
901,96009368,20307082,"Electric DISPENSER, SHOE COVER, BOOTIE BUTLER",,,,True,False,True,2026-03-01,,2026-01-01,,,2027-01-01,Active
902,96007182,20243186,DRILL TEMPLATE FOR STRINGER SPLICE FR61,C01303000-DJIG16,LCS001 TOP,,False,False,True,,,2025-10-30,,,2026-10-30,Active
903,96007133,20243137,DRILL TEMPLATE FOR STRINGER SPLICE FR30,C01302000-DJIG47,LCS001 LOWER,,False,False,True,,,2025-10-21,,,2026-10-21,Active
904,96007388,20245428,HYDRAULIC POWER UNIT CART (1 SYSTEMS RAT,,,,False,False,False,,,,,,,Deactivated
905,96007682,20246717,COCKPIT WORKING BENCH,1430-03DZG-SFIX01,LCS003,,False,False,True,,,2025-11-24,,,2026-11-24,Active
906,96009468,20282598,"BELT, BARRIER, RETRACTABLE STRIPPED YELLOW",60145T267,A220 TOOL SHOP,,False,False,False,,,2026-01-14,,,2027-01-14,Active
907,96007899,20246396,HANDLE ADAPTER (MEBD),S500-520005-TFIX02,LCS003 CAGE,,False,False,True,,,2025-11-10,,,2026-11-10,Active
908,96008050,20248177,"LASER, DISTANCE METER INDOOR MEASURING",,,,False,False,False,,,,,,,Deactivated
909,96011847,20506365,POSITMNT CTMT RING,C01645003-LJIG01,,,True,False,True,2026-04-27,,2026-01-01,2026-05-27,,2027-01-01,Active
910,96007813,20246641,4-STEP LADDER - BLUE,SEP4-2436,LCS010/020,,False,False,True,,,2025-11-24,,,2026-11-24,Active
911,96007918,20245721,FUEL APU LINE CAP,C500-280012-TFIX01,LCS003 CAGE Rack 5,,False,False,True,2025-10-06,,2026-02-18,2025-11-05,,2027-02-18,Active
912,96001961,20212103,"FAN, CIRCULATION, 24IN WITH GUARDS",AFB-243-VKM,LCS003 TOP,,False,False,True,2025-08-19,2025-08-19,2025-08-19,,,,Active
913,96007210,20243214,DRILL TEMPLATE FOR STRINGER SPLICE FR61,C01303000-DJIG44,LCS001 LOWER,,False,False,True,,,2025-10-28,,,2026-10-28,Active
914,96007753,20246489,MLG DETAIL 79 SUPPORT,C00100018-SFIX02,Basement,,False,False,False,,,,,,,Deactivated
915,96007804,20246651,8-STEP LADDER - BLUE,ML-083221G,LCS070,,False,False,True,,,2025-11-26,,,2026-11-26,Active
916,96006847,20238294,LCS002 SWIVEL TENSION FITTING DRILL JIG,,,,False,False,False,,,,,,,Deactivated
917,96007581,20246792,5-STEP WHITE LADDER,C01601001-SCLD01,LCS002,,False,False,True,,,2025-11-28,,,2026-11-28,Active
918,96009345,20576308,MLG Access,UCS500730242,,,True,False,True,2026-04-28,,2026-01-01,2026-05-28,,2027-01-01,Active
919,96007944,20246205,MOORING BRACKET ADAPTOR,S500-280011-TFIX02,FLIGHTLINE,,False,False,True,,,2025-11-12,,,2026-11-12,Active
920,96007956,20245737,CABIN ELECT INTERFACE TFIX,S500-250006-TFIX01,Basement,,True,False,True,2026-03-23,,2026-01-21,2026-04-22,,2027-01-21,Active
921,96007148,20243152,DRILL TEMPLATE FOR STRINGER SPLICE FR30,C01302000-DJIG62,LCS001 TOP,,False,False,True,,,2025-10-21,,,2026-10-21,Active
922,96007738,20246286,CARGO FLOOR FWD CS100/300,C02310000-SFIX08,MULT,,False,False,True,,,2025-11-13,,,2026-11-13,Active
923,96006428,20223067,"CABLE, HEATER BH405",BH405,LCS030/040,,False,False,True,2025-08-26,,2025-09-03,,,2026-09-03,Active
924,96007495,20246353,FWD SERVICE DOOR SAFETY NET,GT9910588-GTOO02,MULT,,False,False,True,,,2025-11-11,,,2026-11-11,Active
925,96007535,20245969,FLOOR ALIGNMENT IN BL FOR FR30 & FR61,C01302000-001-LJIG01,LCS001 TOP,,False,False,True,,,2025-11-05,,,2026-11-05,Active
926,96007827,20246923,DUMMY SLIDE,C01518150-TFIX03,LCS003,,False,False,True,,,2026-01-05,,,2027-01-05,Active
927,96010590,20312924,Crane for loading slide,GIA 3000,LCS030/040,,False,False,True,2025-08-04,2025-08-04,2025-08-04,2025-09-03,2026-01-31,2026-08-04,Active
929,96007390,20246855,MFS PISTON ROD COLLAR  (US PROCURED),490500GSE1-1001,LCS010/020 CAGE,,False,False,True,,,2025-12-03,,,2026-12-03,Active
930,96007387,20245778,HYDRAULIC POWER UNIT CART (1 SYSTEM),,,,False,False,False,,,,,,,Deactivated
931,96007494,20291589,FWD PASSENGER DOOR SAFETY NET,GT9910587-GTOO02,LCS001,,False,False,True,,,2026-01-12,,,2027-01-12,Active
932,96005866,20218816,"DETECTOR, PORTABLE HELIUM",PHD-4,LCS003 CAGE,,False,False,True,2025-09-15,2025-08-11,2025-08-11,2025-10-15,2026-02-07,2026-09-03,Active
933,96010436,20572478,TLD Aircraft Tug,,,,True,False,True,2026-04-27,,2026-01-01,2026-05-27,,2027-01-01,Active
934,96007630,20246391,DOLLY FOR REAR FUSE CARGO TEMPORARY FLOO,C01340000-SFIX05,LCS001,,False,False,False,,,2025-11-11,,,,Deactivated
935,96007390,20246858,MFS PISTON ROD COLLAR  (US PROCURED),490500GSE1-1001,LCS010/020 CAGE,,False,False,True,,,2025-12-05,,,2026-12-05,Active
936,96007373,20245418,NITROGEN CART  (US PROCURED),18-4208-0010,FLIGHTLINE,,False,False,True,2025-10-14,,2026-04-07,2025-11-13,,2027-04-07,Active
937,96007573,20245827,7-STEP MLG EXT WHITE LADDER,C01300000-SCLD27,LCS003,,False,False,True,,,2025-11-03,,,2026-11-03,Active
938,96007696,20245606,WING LIFTER HFIX SUPPORT,C01601001-SFIX99,LCS001,,False,False,True,2025-10-07,,,2025-11-06,,2026-07-05,Active
939,96009364,20279463,"LOCKING PIN, OWEED TOOL",S500-522110-SFIX01,LCS070 (DELV. CODER TOOL BOX),,False,False,True,,,2026-01-29,,,2028-01-29,Active
940,96007758,20245659,RSPAR CS300RS3-1 LCS002,C01356604-003-SFIX01,LCS002,,False,False,False,,,,,,,Cannot Find
941,96011655,20350603,XLBIN OWEED LOCATING JIG  LHS,C04400552-001-LJIG02,LCS010,,False,False,True,,,2026-02-13,,,2027-02-13,Active
942,96007913,20303586,EXTERNAL HANDLE ADAPTER,C01518150-TFIX01 #23,LCS003,,False,False,True,,,2026-01-16,,,2027-01-16,Active
943,96007815,20246791,5-STEP LADDER NO HAND RAIL - BLUE,,,,False,False,False,,,,,,,Deactivated
944,96004613,20205198,"LIGHT, 4FT 30W 5K DIMMABLE SHOP",,,,False,False,False,,,,,,,Deactivated
945,96007370,20245416,GANTRY ENGINE WEIGHT,FG-3-20-10 PM2,LCS030/040,,False,False,True,2025-09-29,,,2025-10-29,,2026-06-15,Active
946,96011051,20313414,DOOR RIG TOOL COMPL SET,S500-520000-SFIX01 #,,,True,False,True,2026-03-01,,2026-01-01,,,2027-01-01,Active
947,96008848,20261095,ESD Continuous Monitor,19321,MULT,,False,False,True,,,2025-12-12,,,2026-12-12,Active
948,96008001,20245914,AIR DATA ACCESSORIES KIT - ADS,CSERIES-945,LCS010/020,,False,False,False,,,,,,,Cannot Find
949,96007679,20245597,RAT INSTL RETAINER KEY,C01318801-SFIX01,LCS002,,True,False,True,2026-03-23,,,2026-04-22,,2026-06-05,Active
950,96007878,20246336,MLG FOD PROTECTOR,S500-321011-TFIX03,LCS030/040 CAGE Rack 7 Row A,,False,False,True,,,2025-11-10,,,2026-11-10,Active
951,96007465,20327594,SWIVEL TENSION FITTING DRILL JIG,GT9910461-GTOO01,US-LCS002-MEC,,True,False,True,2026-04-07,,2026-03-06,2026-05-07,,2027-03-06,Active
952,96005229,20303559,Yellow 2 steps stool,,,,True,False,True,2026-04-06,,2026-01-01,2026-05-06,,2027-01-01,Active
953,96007099,20243103,DRILL TEMPLATE FOR STRINGER SPLICE FR30,C01302000-DJIG13,LCS001 TOP,,False,False,True,,,2025-09-19,,,2026-09-19,Active
954,96007376,20245420,HIGH PRESSURE CONNECTOR,,,,False,False,False,,,,,,,Deactivated
955,96007566,20245981,RIGGING LIFT CAM MECHANISM (OWEED),C01570000-RFIX04,LCS003 CAGE,,False,False,True,,,2025-11-05,,,2026-11-05,Active
956,96005857,20218812,"SLING, 1/4"" 4"" OAL W/HOOK WIRE",,,,False,False,False,,,,,,,Deactivated
957,96007868,20246698,PLASTIC FUEL CONTAINER 45 GALLONS,S500-280011-TFIX12,LCS070,,False,False,True,,,2025-11-26,,,2026-11-26,Active
959,96007692,20246488,CARGO MID FLOOR CS100&300,C01370000-SFIX03,MULT,,False,False,False,,,,,,,Deactivated
960,96007493,20303588,Zero Energy TFIX,,,,True,False,True,2026-04-06,,2026-01-01,2026-05-06,,2027-01-01,Active
961,96001961,20212094,"FAN, CIRCULATION, 24IN WITH GUARDS",AFB-243-VKM,LCS001,,False,False,False,2025-08-19,2025-08-19,2025-08-19,,,,Cannot Find
962,96007414,20306325,TOW BAR (STANDARD),TOWCS300S20SH1,LCS070,,False,False,True,,,2026-01-16,,,2027-01-16,Active
963,96007145,20243149,DRILL TEMPLATE FOR STRINGER SPLICE FR30,C01302000-DJIG59,LCS001 TOP,,False,False,True,,,2025-10-21,,,2026-10-21,Active
964,96007883,20246495,RADIO ALTIMETER DUMMY ANTENNA,S500-344411-TFIX01,LCS010/020 CAGE,,False,False,True,,,2026-03-18,,,2027-03-18,Active
965,96007342,20245263,"PROTECTION, EMERGENC DR SLIDE LVR, A321",C05258250-SFIX01,LCS070,,False,False,True,,,2026-03-06,,,2027-03-06,Active
966,96004420,20275444,"KIT, SERVICE GAUGE, TIRE/STRUT, A220",14-6833-6030,903,,False,False,False,,,,,,,Deactivated
967,95163667,23001052,Water Disinfection Cart,,,,True,False,True,2026-04-27,,2026-01-01,2026-05-27,,2027-01-01,Deactivated
968,96010539,20582362,Side console cockpit RH protection,,,,False,False,False,2026-04-27,,2026-01-01,,,,Run to Failure
970,96007519,20246580,JACK BALL NOSE LANDING GEAR,C02310000-HFIX18,MULT,,False,False,True,,,2026-03-19,,,2027-03-19,Active
971,96007360,20292618,OXYGEN SERVICING CART (TRONAIR) (US PROC,20-4505-7000,FLIGHTLINE,,False,False,True,,,2026-01-14,,,2027-01-14,Active
972,96009645,20293954,DRILL JIG RAD,C01364261-002-DJIG01,LCS001,,False,False,True,,,2026-01-13,,,2027-01-13,Active
973,96008422,20254828,ESD Cabinet,,,,False,False,False,,,,,,,Deactivated
974,96001901,20211705,"FAN, MAX PERFORMANCE PIVOTING",,,,False,False,False,,,,,,,Deactivated
975,96007221,20243225,DRILL TEMPLATE FOR STRINGER SPLICE FR61,C01303000-DJIG55,LCS001 TOP,,False,False,True,,,2026-02-25,,,2027-02-25,Active
976,96007498,20246824,FAL OVERWING SAFETY FENCE,GT9910591-GTOO01,LCS002 CAGE,,False,False,False,,,2025-12-01,,,,Active
977,96011796,20490998,Erosion tape hole opening tool,,,,False,False,False,2026-04-27,,2026-01-01,,,,Run to Failure
978,96007174,20243178,DRILL TEMPLATE FOR STRAP FR61,C01303000-DJIG08,LCS001 TOP,,False,False,True,,,2025-10-21,,,2026-10-21,Active
979,96011798,20350499,Ventilation Machine,C01400001-SFIX11,,,True,False,True,2026-04-27,,2026-01-01,2026-05-27,,2027-01-01,Active
980,96007416,20246428,TAILSTAND (US PROCURED),03A5846C0100,BAY 6,,False,False,True,2025-07-23,2025-07-23,2025-07-23,2025-08-22,2026-01-19,2026-07-23,Active
981,96007768,20245840,2X HANDLE BUSHING .0164-.167,C01360000-SFIX04,LCS010/020 CAGE/Rack 3,,False,False,True,2025-10-13,,,2025-11-12,,2026-10-10,Active
982,96007420,20572389,Grainger All Terrain Pallet Jack,,,,True,False,True,2026-04-27,,2026-01-01,2026-05-27,,2027-01-01,Active
983,96007820,20246145,10-STEP LADDER - GREY (IMPR),CAL-ML-104421G-AB,LCS070,,False,False,True,,,2025-11-18,,,2026-11-18,Active
984,96007967,20245739,RAW MATERIAL WING SHIM RACK,C01601001-TRDY01,US-LCS002-MEC,,True,False,True,2026-03-23,,2026-01-05,2026-04-22,,2027-01-05,Active
985,96007583,20245986,AFT FUSE INTERIOR PLATFORM (GOLDORAK),C01400001-SCLD03,LCS001,,False,False,True,,,2025-11-03,,,2026-11-03,Active
986,96008131,20248033,RAT INSTL,C01318801-HFIX01_MEC,LCS002,,False,False,True,,,2025-12-09,,,,Active
987,96007682,20246696,COCKPIT WORKING BENCH,,,,False,False,False,,,,,,,Deactivated
988,96004432,20234212,"LADDER, CAGE ADJ SAFETY TYPE 1AA 3-5 FT",SEP5-2436,LCS001,,False,False,True,,,2025-09-05,,,2026-09-05,Active
989,96007580,20246821,3-STEP AVIONIC LADDER  + WHITE EXTENSION,C01300000-SCLD23,LCS003,,False,False,True,,,2025-12-03,,,2026-12-03,Active
990,96007804,20303555,8 Stairs Ballymore,ML-083221G,,,True,False,True,2026-04-06,,2026-01-01,2026-05-06,,2027-01-01,Active
991,96009468,20282596,"BELT, BARRIER, RETRACTABLE STRIPPED YELLOW",60145T267,LCS030/040,,False,False,False,,,2026-01-12,,,,Active
992,96007869,20246557,NACA SCOOP PLUG PANEL,S500-281001-TFIX01,LCS003 CAGE,,False,False,True,,,2026-03-16,,,2027-03-16,Active
993,96007899,20246416,HANDLE ADAPTER (MEBD),S500-520005-TFIX02,LCS003 CAGE,,False,False,True,,,2026-03-09,,,2027-03-09,Active
994,96007451,20245954,BLANKING PLATE FOR PACK,ME6033-010,LCS003 CAGE Shelf 6 Rack D,,False,False,True,,,2025-11-03,,,2026-11-03,Active
995,96007465,20327592,SWIVEL TENSION FITTING DRILL JIG,GT9910461-GTOO01,US-LCS002-MEC,,True,False,True,2026-03-16,,2026-03-04,2026-04-15,,2027-03-04,Active
996,96007880,20246975,ANTI-TARGET,S500-326101-TFIX02,LCS010/020 TOOLBOX,,False,False,False,,,2026-01-22,,,2027-01-22,Active
997,96006584,20238555,"BAR, LOADING 47"" TO 75""",47 to 75 LOAD BAR,LCS003 CAGE,,False,False,False,,,,,,,Cannot Find
998,96011796,20491000,Erosion tape hole opening tool,,,,False,False,False,2026-04-29,,2026-01-01,,,,Run to Failure
999,96007815,20246779,5-STEP LADDER NO HAND RAIL - BLUE,,,,False,False,False,,,,,,,Deactivated
1000,96007104,20243108,DRILL TEMPLATE FOR STRINGER SPLICE FR30,C01302000-DJIG18,LCS001 TOP,,False,False,True,,,2025-09-19,,,2026-09-19,Active
1001,96007970,20246211,REAR & AFT DOLLY,C01340000-TRDY01,NORTH OUTER OF FAL,,False,False,True,,,2025-11-11,,,2026-11-11,Active
1002,96007671,20246142,AFT DOOR AVIONIC FLOORING,C01370000-SFIX10,LCS002 CAGE,,False,False,True,,,2025-11-17,,,2026-11-17,Active
1003,96007277,20243281,LH AFT CORNER FITTING DRILL JIG,C01603001-001-DJIG42,US-LCS002-MEC,,False,False,False,,,,,,,Cannot Find
1004,96007981,20246669,DUMMY BATTERY,S500-247012-TFIX00,BATTERY ROOM,,True,False,False,2026-03-06,,2026-01-06,2026-04-05,,,Active
1005,96007465,20327588,SWIVEL TENSION FITTING DRILL JIG,GT9910461-GTOO01,US-LCS002-MEC,,True,False,True,2026-04-06,,2026-03-05,2026-05-06,,2027-03-05,Active
1006,96007924,20245727,HP AIR ADAPTER REAR,C500-360012-TFIX01,LCS003 CAGE,,False,False,True,2025-10-09,,2026-02-17,2025-11-08,,2027-02-17,Active
1007,96006915,20240287,"HEADBAND, PELTOR LITECOM PRO III HEADSET",MT3H7F4D10NA-50,LCS010/020 CAGE,,False,False,False,,,,,,,Cannot Find
1008,96007930,20246655,ENG WEIGHT PYLON INTERFACE,S500-100011-TFIX03,ON PLANE,,False,False,True,,,2025-11-24,,,2026-11-24,Active
1009,96006847,20238289,LCS002 SWIVEL TENSION FITTING DRILL JIG,,,,False,False,False,,,,,,,Deactivated
1010,96007319,20243323,CUSTOM MINI STAND ZERO G4  ADU,101-5000-20/105840,ADU SHOP,,False,False,True,,,2026-03-04,,,2027-03-04,Active
1011,96007530,20245499,WING COVER LIFTING DEVICE (TRANSPORTATIO,C01601001-HFIX03,LCS002,,False,False,True,2025-10-14,,2026-02-13,2025-11-13,,2027-02-13,Active
1013,96007423,20246748,WING JACK TRIPOD (US PROCURED),D03034K2D1B01B0 PM1,LCS030/040,,True,True,True,2026-03-16,2026-02-20,2025-12-15,2026-04-15,2026-08-19,2026-12-15,Active
1014,96007850,20245862,RUDDER DTI HOLDER,S500-272011-TFIX04,LCS010/020 CAGE / Rack 2,,False,False,True,2025-10-13,,,2025-11-12,,2026-10-10,Active
1015,96003760,20198310,"MONITOR, CONSTANT, W/WRIST STRAP & MAT",S/N BAR0404101,ELT SHOP,,False,False,False,2025-09-12,2025-08-13,2025-08-13,,,,Active
1016,96009468,20282592,"BELT, BARRIER, RETRACTABLE STRIPPED YELLOW",60145T267,LCS030/040,,False,False,False,,,2026-01-13,,,2027-01-13,Active
1017,96007537,20245503,WTBF STRUCTURE LOCATING JIG,C02380000-LJIG01,LCS010/020 CAGE,,False,False,True,2025-10-16,,2026-02-19,2025-11-15,,2027-02-19,Active
1018,96007950,20245898,VALVE CONTROL BOX,C500-360011-TFIX05,LCS003 CAGE,,False,False,True,,,2025-11-05,,,2026-11-05,Active
1019,96007280,20243284,LH FWD CRUCIFORM DRILL JIG,C01603002-001-DJIG10,BASEMENT,,False,False,True,,,2026-02-26,,,2027-02-26,Active
1020,96007578,20245828,MLG PLATFORM INSTL,C01619001-SCLD11,LCS002 FLOOR,,True,False,True,2026-04-06,,2026-03-08,2026-05-06,,2027-03-08,Active
1021,96005351,20212412,"PANEL, AIR REGULATING TE-0177 H4",TE-0177H4,LCS003 CAGE/RACK 10,,False,False,True,2025-09-22,2025-08-12,2025-08-12,2025-10-22,2026-02-08,2026-09-10,Active
1022,96004420,20680753,"Kit, Service Gauge, Tire/Strut, A220",,LCS0903,,True,False,False,2026-03-23,,,2026-04-22,,,Active
1023,96007824,20291594,PDOS HAND PUMP,S5OO-710001-TFIX01,LCS070,,False,False,True,,,2026-01-13,,,2027-01-13,Active
1024,96006718,20234668,"SCALE, AC40-LP-IS LOW PROFILE PLATFORM",AC40-LP-IS,LCS070,,False,False,True,2025-09-09,,2026-03-24,2025-10-09,,2027-03-24,Active
1026,96007598,20245534,OVER_WING LH,C01601001-001-SCLD02,LCS002,,False,False,True,2025-10-14,,2026-03-23,2025-11-13,,2027-03-23,Active
1027,96007881,20246966,TARGET  MLG,S500-326101-TFIX03,LCS030/040 CAGE,,False,False,True,,,2026-01-21,,,2027-01-21,Active
1028,96007573,20284440,7-STEP MLG EXT WHITE LADDER,C01300000-SCLD27,LCS003,,False,False,True,,,2026-01-12,,,2027-01-12,Active
1029,96007423,20246755,WING JACK TRIPOD (US PROCURED),D03034K2D1B01B0 PM1,BUILDING 31,,True,True,True,2026-04-06,2026-02-02,2025-12-10,2026-05-06,2026-08-01,2026-12-10,Active
1030,96007724,20245634,REAR SPAR LOWER CAP,C01686002-001-SFIX10,LCS002,,False,False,True,2025-10-09,,,2025-11-08,,2026-10-02,Active
1031,96007960,20245903,EMERGENCY LIGHTING TFIX,S500-334011-TFIX01,LCS010/020 TOP,,False,False,True,,,2025-11-03,,,2026-11-03,Active
1032,96007880,20246935,ANTI-TARGET,S500-326101-TFIX02,LCS003 CAGE,,False,False,False,,,2026-01-08,,,,Active
1033,96007761,20245662,XFORM CS300 C3-1 & C4-1 LCS002,C01356605-003-SFIX02,LCS002,,False,False,False,,,,,,,Cannot Find
1034,96007880,20246993,ANTI-TARGET,S500-326101-TFIX02,LCS010/020 TOOLBOX,,False,False,False,,,2025-12-10,,,,Active
1035,96007845,20246015,FIREX COMPLETE TEST KIT,S500-262001-TFIX01,LCS030/040 CAGE,,False,False,True,,,2025-11-19,,,2026-11-19,Active
1036,96005695,20235591,"REFLECTOR, HEAT GUN",HEAT GUN,LCS002 CAGE,,False,False,True,2025-10-08,,,2025-11-07,,2026-12-05,Active
1037,96007697,20245607,BACKUP PLATE FWD C/FTG LH,C01603001-002-SFIX40,BASEMENT,,False,False,True,,,2025-11-04,,,2026-11-04,Active
1038,96011475,20329389,Laser monument short shaft,2301-010000,,,True,False,True,2026-03-01,,2026-01-01,,,2027-01-01,Active
1039,96007285,20243289,RH AFT CRUCIFORM,C01603002-002-DJIG12,BASEMENT,,True,False,True,2026-03-30,,,2026-04-29,,2026-06-06,Active
1040,96007798,20247034,FOD PROTECTION COVER,S500-210001-SFIX04,LCS002 CAGE,,False,False,True,,,2025-12-11,,,2026-12-11,Active
1041,96007546,20246274,LH OWEED BINS LOCATING JIG,C04422007-LJIG07,LCS010/020 INTERIORS CAGE,,False,False,True,2025-07-22,2025-07-22,2025-07-22,2025-08-21,2026-01-18,2026-07-22,Active
1042,96008848,20269400,ESD Continuous Monitor,19321,MULT,,False,False,True,,,2025-12-12,,,2026-12-12,Active
1043,96007982,20290196,HEADSET DUAL TO SINGLE PLUG ADAPTOR,S670-234001-TFIX01,LCS903,,False,False,False,,,,,,,Deactivated
1044,96007316,20243320,AFT PYLON DRILL JIG,C01703011-DJIG02,LCS030/040 CAGE,,False,False,True,,,2026-02-25,,,2027-02-25,Active
1045,96007247,20243251,Floor FR30 LBL43.5 LCS010,C01304100-DJIG01,LCs001,,False,False,False,,,,,,,Deactivated
1046,96007926,20246050,*BLANKING CAP FUEL INERTING *OU: FUEL IN,C500-470011-TFIX01,LCS003 CAGE,,False,False,True,,,2025-11-19,,,2026-11-19,Active
1047,96007423,20246727,WING JACK TRIPOD (US PROCURED),D03034K2D1B01B0 PM1,BLD. 17 BAY 5,,True,True,True,2026-04-27,2026-02-09,2025-08-06,2026-05-27,2026-08-08,2026-10-27,Active
1048,96007682,20246738,COCKPIT WORKING BENCH,,,,False,False,False,,,,,,,Deactivated
1049,96007694,20245604,AFT FUSE TARGET LASER KIT,C01370000-SFIX15,LCS001 TOP,,False,False,False,,,,,,,Deactivated
1050,96005506,20217604,"TEST SET, AIR DATA DPST-9300A",DPST-9300A,LCS010/020 CAGE,,False,False,True,2025-08-15,2025-08-15,2025-08-15,2025-09-14,2026-02-11,2026-08-15,Active
1051,96007808,20319934,13 STEP LADDER,WA-134021G,GUAGING CANOPY,,False,False,True,,,2026-01-28,,,2027-01-28,Active
1052,96007416,20246388,TAILSTAND (US PROCURED),03A5846C0100,LCS030/040,,False,False,True,2025-08-06,2025-08-06,2025-08-06,2025-09-05,2026-02-02,2026-08-06,Active
1053,96007540,20246271,NOMINAL BIN SPACING POSITIONING JIG,C04400501-LJIG01,LCS010/020 INTERIORS CAGE,,False,False,True,,,2025-11-10,,,2026-11-10,Active
1054,96009335,20278603,RESISTANCE DECADE KIT,S500-260011-SFIX01,LCS030/040 CAGE,,False,False,True,,,2025-12-16,,,2026-12-16,Active
1055,96011596,20330250,CAPSEAL PROTECT,C01351002-001-SFIX01,;CS003 CAGE RACK 1 ROW E,,True,False,True,2026-04-27,,2026-01-01,2026-06-26,,2027-05-27,Active
1056,96007753,20246447,MLG DETAIL 79 SUPPORT,C00100018-SFIX02,LCS002,,False,False,True,,,2026-03-08,,,2027-03-08,Active
1057,96007880,20246939,ANTI-TARGET,S500-326101-TFIX02,LCS010/020 TOOLBOX,,False,False,False,,,,,,,Cannot Find
1059,96007584,20245522,STG WING CUFF LH,C00601010-001-SCLD11,LCS002,,False,False,True,2025-09-29,,2025-11-03,2025-10-29,,2026-11-03,Active
1060,96007540,20246228,NOMINAL BIN SPACING POSITIONING JIG,C04400501-LJIG01,LCS010/020 INTERIORS CAGE,,False,False,True,,,2025-11-10,,,2026-11-10,Active
1061,96007753,20246552,MLG DETAIL 79 SUPPORT,C00100018-SFIX02,LCS001,,False,False,True,,,2026-03-12,,,2027-03-12,Active
1062,96006554,20226132,"ADAPTOR, OXYGEN FILL TRONAIR PC1006",PC-1006,LCS030/040,,False,False,True,,,2025-09-05,,,2026-09-05,Active
1063,96007798,20247000,FOD PROTECTION COVER,S500-210001-SFIX04,LCS010/020 CAGE,,False,False,True,,,2025-12-12,,,2026-12-12,Active
1064,96007880,20246983,ANTI-TARGET,S500-326101-TFIX02,LCS010/020 TOOLBOX,,False,False,False,,,2026-01-20,,,2027-01-20,Active
1065,96008130,20248032,SHIMMING CENTRE VACUUM TABLE,C00601010-CJCT01,LCS002,,False,False,True,,,2025-12-08,,,2026-12-08,Active
1066,96007580,20313555,Avionic Access,C01300000-SCLD23,BLD #31,,True,False,True,2026-04-07,,2026-01-01,2026-06-06,,2027-05-07,Active
1067,96008847,20303564,Cordless Drill,,,,False,False,False,2026-03-01,,2026-01-01,,,,Deactivated
1068,96006915,20240286,"HEADBAND, PELTOR LITECOM PRO III HEADSET",MT3H7F4D10NA-50,LCS010/020 CAGE,,False,False,False,,,,,,,Cannot Find
1069,96004613,20205241,"LIGHT, 4FT 30W 5K DIMMABLE SHOP",,,,False,False,False,,,,,,,Deactivated
1070,96009364,20279462,"LOCKING PIN, OWEED TOOL",S500-522110-SFIX01,LCS070,,False,False,True,,,2026-01-28,,,2027-01-28,Active
1071,96011476,20329410,Laser monument long shaft,2301-020000,,,True,False,True,2026-03-01,,2026-01-01,,,2027-01-01,Active
1072,96007836,20260876,OWEED CLOSING TOOL,C500-522111-TFIX04,LCS003,,False,False,True,,,2025-12-12,,,2026-12-12,Active
1073,96007974,20245909,PHASE ROTATION INDICATOR ADAPTOR KIT,FLUKE 9040-TFIX01,LCS010/020 CAGE,,False,False,True,,,2025-11-03,,,2026-11-03,Active
1075,96007824,20350472,PDOS Hand Pump,S500-710001-TFIX01,H31,,True,True,True,2026-03-30,,,2026-04-29,2026-10-28,2027-05-01,Active
1076,96002103,20207338,"CABINET, 60 GAL FLAMMABLE",896000,LCS001,,False,False,True,2025-08-13,2025-08-13,2025-08-13,2025-09-12,2026-02-09,2026-08-13,Active
1077,96007746,20245995,LARGE TEFLON SQUARE,C04400009-SFIX01,LCS010/020 INTERIORS CAGE,,False,False,True,,,2025-11-17,,,2026-11-17,Active
1078,96007893,20245886,WATER SYSTEM KIT,S500-381001-TFIX01,LCS003 CAGE,,False,False,True,,,2025-11-05,,,2026-11-05,Active
1079,96006995,20241431,METAL BARS-LOAD TESTER-PCM-LEV-0048,C0010018-HFIX01-0063-2,LCS001,,False,False,False,,,,,,,Deactivated
1080,96007372,20277004,"DEFLATER, TIRE/STRUT (CE)",14-6802-6000,LCS070,,False,False,True,,,2025-12-17,,,2026-12-17,Active
1081,96007881,20246988,TARGET  MLG,S500-326101-TFIX03,FLIGHTLINE,,False,False,True,,,2026-01-19,,,2027-01-19,Active
1082,96008846,20264711,"VACUUM BACKPACK, HEPA 2.5 GAL 120V",BP-125-0,LCS010/020 INTERIORS CAGE,,False,False,True,,,2025-12-12,,,2026-12-12,Active
1083,96007806,20246640,10-STEP LADDER - BLUE,ML-103221G,LCS003,,False,False,True,,,2025-11-28,,,2026-11-28,Active
1085,96008848,20261098,ESD Continuous Monitor,19321,MULT,,False,False,True,,,2025-12-08,,,2026-12-08,Active
1086,96007831,20246491,HEADSET EXTENSION (30 FT),BA670-40001-SFIX02,LCS070,,False,False,True,,,2026-03-18,,,2027-03-18,Active
1087,96007838,20245702,FREE ROT NWS AXLE JACK,S500-100011-TFIX06,903 CAGE,,False,False,True,2025-10-09,,,2025-11-08,,2026-05-05,Active
1088,96007814,20246878,5-STEP LADDER - BLUE,SEP5-2436-NH,LCS001,,False,False,True,,,2025-12-03,,,2026-12-03,Active
1089,96002752,20261683,"HARNESS, SAFETY, VEST-STYLE, XLARGE",,,,False,False,False,,,,,,,Deactivated
1090,96007581,20246786,5-STEP WHITE LADDER,C01601001-SCLD01,LCS002,,False,False,True,,,2025-11-25,,,2026-11-25,Active
1091,96004780,20208732,"PUMP, ACCULUBE FOR CLECO ADU",,,,False,False,False,,,,,,,Deactivated
1092,96006605,20229452,"KIT, W&W REFIL",S500-380011-TFIX05,LCS030/040 CAGE,,False,False,True,2025-09-17,,2025-09-04,2025-10-17,,2026-09-09,Active
1093,96007798,20247023,FOD PROTECTION COVER,S500-210001-SFIX04,LCS002 CAGE,,False,False,True,,,2025-12-10,,,2026-12-10,Active
1094,96007630,20246401,DOLLY FOR REAR FUSE CARGO TEMPORARY FLOO,C01340000-SFIX05,LCS001,,False,False,True,,,2026-03-08,,,2027-03-08,Active
1095,96007794,20284452,TEMPORARY CKP CABIN FLOOR DOLLY,,,,False,False,False,,,,,,,Deactivated
1096,96007564,20312656,RIG PIN KIT FPD,C01518150-RFIX02 #11,,,False,False,True,,,2026-01-15,,,2027-01-15,Active
1097,96005311,20281979,"HEADSET, H10-30 AVIATION",2006690,FLIGHTLINE,,False,False,False,,,,,,,Cannot Find
1098,96011476,20329412,Laser monument long shaft,2301-020000,,,True,False,True,2026-03-01,,2026-01-01,,,2027-01-01,Active
1099,96007421,20246389,NOSE JACK TRIPOD (US PROCURED),D01258K2D1B01B0,BLD. 31 BAY 20,,True,True,True,2026-02-26,2026-02-09,2025-12-08,2026-04-27,2026-09-24,2027-03-28,Active
1100,96007163,20243167,DRILL TEMPLATE FOR STRINGER SPLICE FR30,C01302000-DJIG77,LCS001 LOWER,,False,False,True,,,2025-10-23,,,2026-10-23,Active
1101,96007468,20245463,KIT HI-LITE LH CS100 WTF,GT9910528-GTOO01,LCS002 CAGE,,False,False,True,2025-09-30,,2026-04-27,2025-10-30,,2027-04-27,Active
1102,96007524,20245494,RAT INSTL,C01318801-HFIX01_ELEC,LCS002,,False,False,False,,,,,,,Deactivated
1103,96009343,20279729,MAINTENANCE JUMPER,S500-461111-TFIX99,LCS030/040,,False,False,True,,,2026-01-30,,,2027-01-30,Active
1104,96011325,20327667,TENSION FTG SHIMS,C01603001-001-LJIG01,LCS001,,False,False,True,,,2026-03-16,,,2027-03-16,Active
1105,96007532,20245501,HSTA LIFTING TOOL LCS002,C02040910-HFIX02,LCS002,,False,False,True,2025-10-17,,,2025-11-16,,2026-10-05,Active
1107,96007937,20245894,FIREX DRAIN PLUG KIT,S500-262001-TFIX02,LCS003 CAGE,,False,False,True,,,2025-11-03,,,2026-11-03,Active
1108,96007884,20246035,LOC ANTENNA SHIELD,S500-345011-TFIX01,MULT,,False,False,True,,,2025-11-18,,,2026-11-18,Active
1109,96007928,20246517,OWEED DUMMY ACTUATOR,C500-522111-TFIX01,LCS003 CAGE,,False,False,True,,,2026-03-19,,,2027-03-19,Active
1110,96005345,20212383,"LIGHT, HEAVY DUTY 210 SERIES LED STRING",210 SERIES,BASEMENT,,False,False,True,2025-08-12,2025-08-12,2025-08-12,2025-09-11,2026-02-08,2026-08-12,Active
1111,96007393,20245431,50 WATTS 2-100MHZ ELEMENT  (US PROCURED),,,,False,False,False,,,,,,,Deactivated
1112,96007856,20330138,PROLINE 3600 POWER CONNECTOR,S500-275011-TFIX03,LCS030/040 CAGE,,False,False,True,,,2026-02-11,,,2027-02-11,Active
1113,96005856,20218811,"SLING, 1/4"" 4"" OAL W/HOOK WIRE",,,,False,False,False,,,,,,,Deactivated
1115,96007649,20245576,LCS002 CS300 T3-1 & T4-1 TRIFORM,C01355206-003-SFIX02,LCS002,,False,False,True,,,2025-11-05,,,2026-11-05,Active
1116,96007135,20243139,DRILL TEMPLATE FOR STRINGER SPLICE FR30,C01302000-DJIG49,LCS001 TOP,,False,False,True,,,2025-10-23,,,2026-10-23,Active
1117,96007363,20245411,"OXYGEN CART,FOUR BOTTLE CART GREEN  (US",,,,False,False,False,,,,,,,Deactivated
1118,95160058,20003097,D533-7400-000W8000-84A99 (LADDER),,,,False,False,False,,,,,,,Deactivated
1119,96007815,20246775,5-STEP LADDER NO HAND RAIL - BLUE,,,,False,False,False,,,,,,,Deactivated
1120,96007242,20243246,DRILL TEMPLATE FOR STRINGER SPLICE FR61,C01303000-DJIG76,LCS001 LOWER,,False,False,True,,,2026-02-26,,,2027-02-26,Active
1121,95164389,20230299,"DISPENSER, SHOE COVER, BOOTIE BUTLER",SHOE COVER DISPENSER,LCS030/040,,False,False,True,,,2025-09-03,,,2026-09-03,Active
1122,96007496,20291574,FAL APD SAFETY  FENCE,GT9910589-GTOO02,LCS030/040 CAGE,,False,False,False,,,2026-01-12,,,,Active
1123,96007621,20245835,TOWABLE PASSENGER STAIRS,‘TRISTAIRS’ LOW RANGE LR,FLIGHTLINE,,False,False,True,2025-08-06,2025-08-06,2025-08-06,2025-09-05,2026-02-02,2026-08-06,Active
1124,96003703,20197701,PISTOL DRILL 3300RPM,PISTOL DRILL,LCS001 TOP,,False,False,True,2025-08-13,2025-08-13,2025-08-13,2025-09-12,2026-02-09,2026-08-13,Active
1125,96007886,20245880,AIR STARTER ADAPTER,S500-360001-TFIX01,LCS010/020 CAGE,,False,False,True,,,2025-11-03,,,2026-11-03,Active
1127,96007374,20245931,BIRD RF POWER ANALYST CUSTOM CASE,,,,False,False,False,,,,,,,Deactivated
1129,96007795,20245686,AVIONIC LIFT,C07500030-SFIX01,LCS002,,False,False,True,,,2025-12-18,,,2026-12-18,Active
1130,96007901,20246338,ECCENTRIC HANDLE,S500-575002-TFIX01,LCs10/20 Rack 2 Shelf B,,False,False,True,,,2025-11-12,,,2026-11-12,Active
1131,96007131,20243135,DRILL TEMPLATE FOR STRINGER SPLICE FR30,C01302000-DJIG45,LCS001 LOWER,,False,False,True,,,2025-10-21,,,2026-10-21,Active
1132,96004780,20208739,"PUMP, ACCULUBE FOR CLECO ADU",TBD,ADU SHOP,,False,False,False,,,2025-11-10,,,2026-11-10,Deactivated
1133,TBD on Delivery,TBD on Delivery,Cavotec 400Hz Power Cable,,,,False,False,True,,,2026-03-23,,,2027-03-23,Active
1134,96007274,20243278,CUFF FAIRING DRILL JIG (1 of 2) & (2 of 2),C01361620-DJIG03,"US-LCS010/020, INSIDE DJIG01 KIT (IN KIT 20243321 CAGE)",,False,False,True,,,2026-02-24,,,2028-02-24,Active
1135,96007847,20246016,AILERON RIGGING BAR LCS020,S500-271011-TFIX01,LCS010/020 CAGE,,False,False,True,,,2025-11-17,,,2026-11-17,Active
1136,96007236,20243240,DRILL TEMPLATE FOR STRINGER SPLICE FR61,C01303000-DJIG70,LCS001 LOWER,,False,False,True,,,2026-02-25,,,2027-02-25,Active
1137,96011475,20329381,Laser monument short shaft,2301-010000,,,True,False,True,2026-03-01,,2026-01-01,,,2027-01-01,Active
1138,96007581,20246798,5-STEP WHITE LADDER,C01601001-SCLD01,LCS030/040,,False,False,True,,,2025-11-26,,,2026-11-26,Active
1139,96008021,20246079,IFR-6000 RAMP TEST SET,6000-KIT-BA1,LCS010/020,,False,False,False,,,,,,,Cannot Find
1140,96007852,20246471,RUDDER/ELEVATOR LOAD PAD,S500-273011-TFIX02,LCS010/020 CAGE,,False,False,True,,,2026-03-17,,,2027-03-17,Active
1141,96006683,20231901,"CART, 18H0000148 MLG HYDRAULIC",18H0000148MLG,LCS003,,True,True,True,2026-02-25,2026-02-12,2026-01-14,2026-03-27,2026-08-11,2027-01-14,Active
1142,96007475,20246309,HANDLE C/SINK,GT9910693-GTOO01,Basement,,False,False,True,,,2025-11-14,,,2026-11-14,Active
1143,96007798,20247031,FOD PROTECTION COVER,S500-210001-SFIX04,LCS002 CAGE,,False,False,True,,,2025-12-08,,,2026-12-08,Active
1144,96007751,20246868,PSD ARMING PROTECT BLOCK,S500-120011-SFIX01,MULT,,False,False,False,,,,,,,Cannot Find
1145,96011798,20499983,Ventilation Machine,28-10000737,LCS001,,False,False,True,,,2026-02-20,,,2027-02-20,Active
1146,96009113,20271439,"VACUUM, UPRIGHT CORDLESS LITHIUM-ION KIT",DYSON,LCS010/020 INTERIORS CAGE,,False,False,False,,,,,,,Cannot Find
1147,96007452,20328769,SIDE STICK RIG PIN,490100GSE1,LCS030/040 CAGE,,False,False,True,,,2026-01-29,,,2027-01-29,Active
1148,96007930,20246607,ENG WEIGHT PYLON INTERFACE,S500-100011-TFIX03,LCS030/040,,False,False,True,,,2025-11-24,,,2026-11-24,Active
1149,96011475,20329383,Laser monument short shaft,2301-010000,,,True,False,True,2026-03-01,,2026-01-01,,,2027-01-01,Active
1150,96007919,20245722,FUEL APU LINE ADAPTOR,C500-280012-TFIX02,LCS003 CAGE,,False,False,True,2025-10-08,,2026-02-19,2025-11-07,,2027-02-19,Active
1151,96007677,20246241,CARGO AFT FLOOR CS100&300,C01340000-SFIX01,MULT,,False,False,False,2025-07-31,2025-07-31,2025-07-31,2025-08-30,2026-01-27,2026-07-31,Deactivated
1152,95166703,20206592,"HAND LAMP, 25"" LENGTH, LINKABLE",,,,False,False,False,,,,,,,Deactivated
1153,96007580,20328877,Avionics Access,C01300000-SCLD23,BLD. #31,,True,True,True,2026-03-30,,,2026-04-29,2026-09-26,2027-03-30,Active
1154,96011477,20329099,Fuel barrel with funnel,S500-280011-TFIX20,Gauging Canopy,,False,False,True,,,2026-02-05,,,2027-02-05,Active
1155,96007341,20245239,AFT & FWDPAX DOOR HANDLE PROTECTION,C05158150-SFIX01,LCS001,,False,False,False,,,,,,,Cannot Find
1156,96007632,20246601,AFT CARGO BEAM SUPPORT,C01344100-SFIX01,MULT,,False,False,True,,,2025-11-28,,,2026-11-28,Active
1157,96011476,20329400,Laser monument long shaft,2301-020000,LCS-003 LASER BOX B,,False,False,True,,,2026-02-03,,,2028-02-03,Active
1158,96009364,20279464,"LOCKING PIN, OWEED TOOL",S500-522110-SFIX01,LCS070,,False,False,True,,,2026-01-30,,,2027-01-30,Active
1159,96007820,20282357,10-STEP LADDER - GREY (IMPR),CAL-ML-104421G-AB,LCS070,,False,False,False,,,,,,,Cannot Find
1161,96006582,20284433,"START PAC, 28.5V DC300 AMPS MAX",53300,LCS030/040,,False,False,True,,,2026-01-12,,,2027-01-12,Active
1162,96007798,20247013,FOD PROTECTION COVER,S500-210001-SFIX04,LCS070,,False,False,True,,,2025-12-10,,,2026-12-10,Active
1163,96007125,20243129,DRILL TEMPLATE FOR STRINGER SPLICE FR30,C01302000-DJIG39,LCS001 LOWER,,False,False,True,,,2025-10-20,,,2026-10-20,Active
1164,96007469,20245464,KIT HI-LITE RH CS100 WTF,GT9910529-GTOO01,LCS002 CAGE,,False,False,True,2025-09-30,,,2025-10-30,,2026-06-05,Active
1165,96007881,20246986,TARGET  MLG,S500-326101-TFIX03,FLIGHTLINE,,False,False,True,,,2026-01-23,,,2027-01-23,Active
1166,96007564,20245514,RIG PIN KIT PAX & SERVICE (A220 DOORS),C01518150-RFIX02,LCS001,,False,False,False,2025-10-16,,,,,,Deactivated
1167,96004781,20209447,"PUMP, NOVATOR ORBITAL",,,,False,False,False,,,,,,,Deactivated
1168,96007804,20246603,8-STEP LADDER - BLUE,ML-083221G,LCS003,,False,False,True,,,2025-11-25,,,2026-11-25,Active
1169,96004545,20204973,"HEADSET, WIRELESS 900 HZ",C04422007-LJIG07,LCS001 Top,,False,False,False,,,,,,,Cannot Find
1170,96007894,20246199,PCU TESTING TOOL,S500-441011-TFIX01,US-LCS030-MEC,,False,False,True,,,2025-12-19,,,2026-12-19,Active
1171,96007771,20245670,TEFLON SHIM FS1,C01603001-001-SFIX02,BASEMENT,,False,False,True,,,2025-12-17,,,2026-12-17,Active
1172,96007098,20243102,DRILL TEMPLATE FOR STRAP FR30,C01302000-DJIG12,LCS001 LOWER,,False,False,True,,,2025-10-21,,,2026-10-21,Active
1173,96007955,20246343,BATTERY SIMULATOR,S500-240001-TFIX01,LCS070 CAGE,,False,False,True,,,2025-11-14,,,2026-11-14,Active
1175,96006488,20230903,"HEADSET, CSB SERIES",CSB-990MAX KIT,LCS030/040 CAGE,,False,False,False,,,,,,,Cannot Find
1177,96005871,20249014,"LASER TRACKER, AT40. ABSOLUTE",,,,False,False,False,,,,,,,Deactivated
1178,96007681,20246723,COCKPIT SEAT TRACK COVER,1430-03DZG-SFIX00,LCS030/040 CAGE,,False,False,True,2025-07-25,2025-07-25,2025-07-25,2025-08-24,2026-01-21,2026-07-25,Active
1179,96013074,20657306,Target Align Tool Kit,S500-326101-TFIX05,LCS10/20 - RACK 3 SHELF B,,False,False,True,,,2026-02-19,,,2028-02-19,Active
1180,96011516,20329886,BLANKET VACUUM ADAPTOR,GT9910696-GTOO01,BASEMENT,,True,False,True,2026-04-27,,2026-01-01,2026-06-26,,2027-05-27,Active
1181,96007881,20246984,TARGET  MLG,S500-326101-TFIX03,FLIGHTLINE,,False,False,True,,,2026-01-21,,,2027-01-21,Active
1182,96007833,20312660,"INTERNAL HANDLE ADAPTER (FPD, APD, FSD,",C01518150-TFIX04,FLIGHTLINE,,False,False,True,,,2026-01-14,,,2027-01-14,Active
1183,96007628,20245836,GOGO/PANASONIC PRESSURE PLATE DOLLY,,,,False,False,False,,,,,,,Deactivated
1184,96007867,20246535,FUEL FUNNEL AND SUCTION CUP,S500-280011-TFIX09,GUAGING CANOPY,,False,False,True,,,2026-03-19,,,2027-03-19,Active
1185,96007439,20246132,HAND HELD COMPRESSION WATER SPRAYER,YT30,LCS030/040 CAGE,,False,False,True,,,2025-11-21,,,2026-11-21,Active
1186,96007856,20330134,PROLINE 3600 POWER CONNECTOR,S500-275011-TFIX03,LCS010/020 CAGE,,False,False,True,,,2026-02-12,,,2027-02-12,Active
1188,96004436,20209416,"LADDER, CAGE ADJ SAFETY TYPE 1AA 3-5FT",18503-240,LCS001,,False,False,True,2025-08-12,2025-08-12,2025-08-12,2025-09-11,2026-02-08,2026-08-12,Active
1189,96007580,20246825,3-STEP AVIONIC LADDER  + WHITE EXTENSION,C01300000-SCLD23,GUAGING CANOPY,,False,False,False,2025-12-18,,,,,,Cannot Find
1191,96006970,20240817,FLUKE THEROMETER,FLUKE,LCS003 CAGE,,False,False,True,2025-10-07,,2026-03-04,2025-11-06,,2027-03-04,Active
1192,96006718,20234672,"SCALE, AC40-LP-IS LOW PROFILE PLATFORM",AC40-LP-IS,LCS070,,False,False,True,2025-09-09,,2025-09-15,2025-10-09,,2026-09-15,Active
1193,96007653,20245580,LCS002 CS300 T5-2 TRIFORM,C01355206-004-SFIX03,LCS002,,False,False,True,,,2025-11-05,,,2026-11-05,Active
1194,96007848,20245860,AILERON LOAD PAD,S500-271011-TFIX02,LCS010/020 CAGE,,False,False,True,,,2025-11-04,,,2026-11-04,Active
1195,96007423,20281953,WING JACK TRIPOD (US PROCURED),D03034K2D1B01B0 PM1,GUAGING CANOPY,,True,True,True,2026-03-04,2026-01-21,2025-12-11,2026-04-03,2026-07-20,2026-12-11,Active
1196,96007769,20299953,Cargo Actuator manual Tool,,,,True,False,True,2026-04-06,,2026-01-01,2026-05-06,,2027-01-01,Active
1197,96007223,20243227,DRILL TEMPLATE FOR STRINGER SPLICE FR61,C01303000-DJIG57,LCS001 TOP,,False,False,True,,,2026-02-27,,,2027-02-27,Active
1198,96007577,20328868,Cargo Access staging,C01550000-SCLD03,H31,,True,False,True,2026-03-24,,,2026-04-23,,2027-05-01,Active
1201,96007450,20245451,ELECTRICAL NUT RUNNER FOR WINGLET,,,,False,False,False,,,,,,,Deactivated
1202,96009497,20289043,CARPET CART,AIC_FEC2201_V1,LCS001,,False,False,False,,,2026-01-14,,,,Active
1204,96011476,20329411,Laser monument long shaft,2301-020000,LCS001 ROBOT CAGE,,True,False,True,2026-05-01,,2026-01-01,2026-05-31,,2028-01-01,Active
1205,96007798,20247011,FOD PROTECTION COVER,S500-210001-SFIX04,LCS070 CAGE,,False,False,False,,,,,,,Cannot Find
1206,96003841,20251449,"GAPMAN, REMOTE CONFIG., 1.5M CABLE SET",KCS128006,LCS002 CAGE,,False,False,True,,,2025-12-10,,,2026-12-10,Active
1207,96007122,20243126,DRILL TEMPLATE FOR STRINGER SPLICE FR30,C01302000-DJIG36,LCS001 LOWER,,False,False,True,,,2025-10-21,,,2026-10-21,Active
1208,96007465,20327590,SWIVEL TENSION FITTING DRILL JIG,GT9910461-GTOO01,US-LCS002-MEC,,True,False,True,2026-04-06,,2026-03-02,2026-05-06,,2027-03-02,Active
1209,96007229,20243233,DRILL TEMPLATE FOR STRINGER SPLICE FR61,C01303000-DJIG63,LCS001 TOP,,False,False,True,,,2026-02-23,,,2027-02-23,Active
1210,96007749,20245654,BIN LIFTING JIG,C04400501-SFIX04,LCS010/020,,False,False,True,2025-10-06,,,2025-11-05,,2026-10-05,Active
1211,96007129,20243133,DRILL TEMPLATE FOR STRINGER SPLICE FR30,C01302000-DJIG43,LCS001 LOWER,,False,False,True,,,2025-10-20,,,2026-10-20,Active
1212,96007430,20245442,WATER EXPENSION PLUG (US PROCURED),,,,False,False,False,,,,,,,Deactivated
1214,96007798,20247004,FOD PROTECTION COVER,S500-210001-SFIX04,LCS010/020 CAGE,,False,False,False,,,,,,,Cannot Find
1215,96007880,20246947,ANTI-TARGET,S500-326101-TFIX02,LCS010/020 TOOLBOX,,False,False,False,,,,,,,Cannot Find
1216,96006609,20234800,"TESTER, HARNESS DISCHARGE",475612,LCS030/040 CAGE,,False,False,True,2025-09-15,,,2025-10-15,,2026-09-05,Active
1217,96006825,20238159,DC POWER SUPPLY (BATTERY SHOP),INSTEKGPR-3060D,BATTERY SHOP,,False,False,True,2025-09-12,,2025-09-22,2025-10-12,,2026-09-22,Active
1218,96007769,20278522,CARGO DOOR ACTUATOR MANUAL TOOL,C01559489-SFIX01,LCS903,,False,False,True,,,2025-12-18,,,2026-12-18,Active
1219,96004432,20234206,"LADDER, CAGE ADJ SAFETY TYPE 1AA 3-5FT",SEP5-2436,LCS001,,False,False,True,,,2025-09-03,,,2026-09-03,Active
1220,96009713,20296667,WINGS PROTECTIONS STORAGE CART,C01600000-SFIX90,LCS030/040,,False,False,True,,,2026-01-12,,,2027-01-12,Active
1221,96005345,20228644,"LIGHT, HEAVY DUTY 210 SERIES LED STRING",210 SERIES,LCS070,,False,False,False,,,,,,,Cannot Find
1222,96007341,20245242,AFT & FWDPAX DOOR HANDLE PROTECTION,C05158150-SFIX01,LCS070,,False,False,True,,,2026-03-06,,,2027-03-06,Active
1223,96007812,20246569,3-STEP LADDER - BLUE,SEP3-2436,LCS002,,False,False,True,,,2025-11-25,,,2026-11-25,Active
1224,96009337,20278607,SUPPORT CORNER FTG FRW WING JOINT R/H,C01663001-002-SFIX04,LCS002 CAGE,,False,False,True,,,2025-12-18,,,2026-12-18,Active
1226,96007452,20328767,SIDE STICK RIG PIN,490100GSE1,LCS003 CAGE,,False,False,True,,,2026-01-27,,,2027-01-27,Active
1228,96007580,20246811,3-STEP AVIONIC LADDER  + WHITE EXTENSION,C01300000-SCLD23,LCS003,,False,False,True,,,2025-12-03,,,2026-12-03,Active
1229,96011475,20329397,Laser monument short shaft,2301-010000,ACS-825/LCS-001 - SHIM ROBOT CAGE,,False,False,True,,,2026-02-05,,,2028-02-05,Active
1230,96011063,20313180,FLOOR PANEL DRILL JIG,C01392700,LCS001,,False,False,True,,,2026-02-25,,,2027-02-25,Active
1231,96007677,20246370,CARGO AFT FLOOR CS100&300,C01340000-SFIX01,MULT,,False,False,True,,,,,,,Cannot Find
1232,96007929,20246382,CARGO DOOR DUMMY ACTUATOR,C500-523000-TFIX01,LCS002 CAGE,,False,False,True,,,2025-11-10,,,2026-11-10,Active
1233,96006711,20240304,HEAT GUN,CV1983-ST-120V2400W-CEE,LCS002 CAGE,,False,False,True,2025-09-16,,2025-09-22,2025-10-16,,2026-09-22,Active
1235,96007341,20245252,AFT & FWDPAX DOOR HANDLE PROTECTION,C05158150-SFIX01,LCS070,,False,False,False,,,,,,,Deactivated
1236,96011614,20332415,Protection laterale stowage bins,C04400552-SFIX01,LCS010/20 INTERIOR CAGE - RACK3,,False,False,True,,,2026-02-10,,,2028-02-10,Active
1237,96007982,20246500,HEADSET DUAL TO SINGLE PLUG ADAPTOR,S670-234001-TFIX01,FLIGHTLINE,,False,False,False,,,,,,,Deactivated
1239,96007431,20246585,WHEEL CHOCK,,,,False,False,False,,,,,,,Deactivated
1240,96003760,20198312,"MONITOR, CONSTANT, W/WRIST STRAP & MAT",S/N BAR0404208,ELT SHOP,,False,False,False,2025-09-12,2025-08-11,2025-08-11,,,,Active
1241,96007423,20246692,WING JACK TRIPOD (US PROCURED),D03034K2D1B01B0 PM1,LCS010/020,,True,True,True,2026-03-03,2026-02-06,2025-08-06,2026-04-02,2026-08-05,2026-10-20,Active
1242,96007558,20245821,COCKPIT SUPPORT,C01200000-PUPJ01,LCS001,,False,False,True,2025-10-14,,2026-03-30,2025-11-13,,2027-03-30,Active
1244,96005885,20218954,"CRIMPER, HAND TOOL OPEN FRAME",HX4 M22520/5-01,ELT SHOP,,False,False,True,2025-08-13,2025-08-13,2025-08-13,2025-09-12,2026-02-09,2026-08-13,Active
1246,96002753,20227552,"HARNESS, SAFETY, VEST-STYLE, MED/LARGE",,,,False,False,False,,,,,,,Deactivated
1247,96007678,20246549,TEMP REAR FUSE FLOOR KIT,,,,False,False,False,,,,,,,Deactivated
1248,96007485,20245470,DUMMY CONICAL PIN KIT,KCS125001,LCS002 CAGE,,False,False,True,,,2025-11-05,,,2026-11-05,Active
1249,96007739,20246434,TEMP FWD FUSE FLOOR KIT,,,,False,False,False,,,,,,,Deactivated
1251,96007683,20246328,PILOT HEADSET SPLITTER EXTENSION,BD500-23001-SFIX02,LCS003,,False,False,True,,,2025-11-13,,,2026-11-13,Active
1252,96007859,20246026,FLAP RIG PIN KIT,S500-275201-TFIX08,LCS003 CAGE,,False,False,True,,,2025-11-18,,,2026-11-18,Active
1253,96007495,20246267,FWD SERVICE DOOR SAFETY NET,GT9910588-GTOO02,MULT,,False,False,True,,,2025-11-14,,,2026-11-14,Active
1254,96007547,20245505,FITTING LOCATOR,,,,False,False,False,,,,,,,Deactivated
1255,96007869,20246494,NACA SCOOP PLUG PANEL,S500-281001-TFIX01,LCS003 CAGE,,False,False,True,,,2026-03-18,,,2027-03-18,Active
1256,96007352,20245404,LEVELLING JIG FOR GALLEY #4,C01850309-BJIG01,BASEMENT,,False,False,True,,,2026-03-23,,,2027-03-23,Active
1257,96006637,20230142,SPOILER INCLINOMETER,S500-276011-TFIX02,LCS010/020 CAGE,,False,False,True,2025-09-08,,2025-09-05,2025-10-08,,2026-09-05,Active
1258,96007778,20245999,MLG TOOL KIT,C01619001-001-SFIX09,LCS002 CAGE,,False,False,True,,,2025-11-20,,,2026-11-20,Active
1259,96005483,20217436,"CART, 2PO AIR HOSE REEL",S500-120011-SFIX03,LCS010/020,,False,False,True,2025-08-12,2025-08-12,2025-08-12,2025-09-11,2026-02-08,2026-08-12,Active
1260,96007966,20246209,ENGINE ELECT. TEST BOX,S500-710006-TFIX04,LCS030/040 CAGE,,False,False,True,,,2025-11-11,,,2026-11-11,Active
1261,96007316,20278498,AFT PYLON DRILL JIG,C01703011-DJIG02,LCS030/040 CAGE,,False,False,True,,,2026-02-23,,,2027-02-23,Active
1262,96007903,20246045,IDG FILL ADAPTOR,S670-241200-TFIX01,LCS030/040 CAGE,,False,False,True,,,2025-11-17,,,2026-11-17,Active
1263,96007160,20243164,DRILL TEMPLATE FOR STRINGER SPLICE FR30,C01302000-DJIG74,LCS001 LOWER,,False,False,True,,,2025-10-21,,,2026-10-21,Active
1264,96007227,20243231,DRILL TEMPLATE FOR STRINGER SPLICE FR61,C01303000-DJIG61,LCS001 TOP,,False,False,True,,,2026-02-26,,,2027-02-26,Active
1265,96011475,20329387,Laser monument short shaft,2301-010000,TBD,,False,False,True,,,2026-02-05,,,2027-02-05,Active
1266,96007673,20284446,TEMPORARY FLOOR DOLLY,,,,False,False,False,,,,,,,Deactivated
1267,96005887,20219049,"PANEL, AIR TEST",S500-281001-TFIX03,LCS003 CAGE,,False,False,True,2025-09-12,2025-08-12,2026-03-23,2025-10-12,2026-02-08,2027-03-23,Active
1269,96007972,20246477,LH WING DOLLY,C016000000-001-TRDY01,NORTH OUTER OF FAL,,False,False,True,,,2026-03-17,,,2027-03-17,Active
1270,96007341,20245238,AFT & FWDPAX DOOR HANDLE PROTECTION,C05158150-SFIX01,LCS001,,False,False,False,,,,,,,Cannot Find
1271,96007677,20246327,CARGO AFT FLOOR CS100&300,C01340000-SFIX01,MULT,,False,False,True,,,2025-11-13,,,2026-11-13,Active
1272,96007874,20246034,FUEL SYSTEM PIPING CAPS,S500-282001-TFIX01,LCS003 CAGE,,False,False,True,,,2025-11-17,,,2026-11-17,Active
1273,96007341,20245245,AFT & FWDPAX DOOR HANDLE PROTECTION,C05158150-SFIX01,LCS070,,False,False,False,,,,,,,Cannot Find
1274,96007607,20245542,LH AFT DIRECT ACCESS,C01300000-001-SCLD11,LCS003,,False,False,True,2025-10-14,,,2025-11-13,,2026-10-15,Active
1275,96007525,20245495,LIFTING FIXTURE,C01518150-HFIX01,LCS001,,False,False,True,2025-09-29,,2026-02-20,2025-10-29,,2027-02-20,Active
1276,96007225,20243229,DRILL TEMPLATE FOR STRINGER SPLICE FR61,C01303000-DJIG59,LCS001 TOP,,False,False,True,,,2026-02-24,,,2027-02-24,Active
1277,96007691,20246423,CARGO MID FLOOR CS100&300,C01370000-SFIX02,MULT,,False,False,True,,,2026-03-10,,,2027-03-10,Active
1278,96007429,20245441,WATER EXPENSION PLUG,,,,False,False,False,,,,,,,Deactivated
1279,96006614,20234540,"CRIMPER, SAFETY CABLE .062-5"" NOSE",,,,False,False,False,,,,,,,Deactivated
1280,96007751,20246874,PSD ARMING PROTECT BLOCK,S500-120011-SFIX01,FLIGHTLINE,,False,False,False,,,,,,,Cannot Find
1281,96007818,20245850,8-STEP LADDER - GREY (IMPR),CAL-ML-084421G-AB,LCS070,,False,False,True,,,2025-11-05,,,2026-11-05,Active
1282,96007423,20441924,Wings Jack,FEN122A21,,,False,False,False,2025-07-30,2025-07-30,2025-07-30,,,,Deactivated
1284,96007813,20321953,4-STEP LADDER - BLUE,SEP4-2436,GUAGING CANOPY,,False,False,True,,,2026-01-31,,,2027-01-31,Active
1285,96007151,20243155,DRILL TEMPLATE FOR STRINGER SPLICE FR30,C01302000-DJIG65,LCS001 TOP,,False,False,True,,,2025-10-21,,,2026-10-21,Active
1286,96007868,20246754,PLASTIC FUEL CONTAINER 45 GALLONS,S500-280011-TFIX12,LCS070,,False,False,True,,,,,,,Cannot Find
1287,96002753,20236672,"HARNESS, SAFETY, VEST-STYLE, MED/LARGE",,,,False,False,False,,,,,,,Deactivated
1288,96008477,20255524,LIGHT STRIP LOCATOR,C04401980-LJIG03,LCS010/020 INTERIORS CAGE,,False,False,True,,,2025-12-12,,,2026-12-12,Active
1289,96005595,20217624,"THERMOMETER, THERMOCOUPLE",51/52 II,ELT SHOP,,False,False,True,2025-08-12,2025-08-12,2025-08-12,2025-09-11,2026-02-08,2026-08-12,Active
1290,96007341,20245256,AFT & FWDPAX DOOR HANDLE PROTECTION,C05158150-SFIX01,LCS070,,False,False,False,,,,,,,Deactivated
1291,96011475,20329380,Laser monument short shaft,2301-010000,,,True,False,True,2026-03-01,,2026-01-01,,,2027-01-01,Active
1292,96007770,20245669,LCS002 LH  TENSION FITTINGS 1 TO 8,C01603001-001-SFIX01,LCS002 CAGE,,True,False,True,2026-03-23,,2026-01-09,2026-04-22,,2027-01-09,Active
1293,96001961,20212097,"FAN, CIRCULATION, 24IN WITH GUARDS",AFB-243-VKM,LCS002 TOP,,False,False,False,2025-08-13,2025-08-13,2025-08-13,,,,Deactivated
1294,96007856,20330130,PROLINE 3600 POWER CONNECTOR,S500-275011-TFIX03,LCS003 CAGE,,False,False,True,,,2026-03-23,,,2027-03-23,Active
1295,96007502,20245805,BATTERY INSTALLATION TOOL,C01368009-HFIX01,LCS010/020 CAGE,,False,False,True,2025-10-13,,2026-04-28,2025-11-12,,2027-04-28,Active
1297,96007570,20246462,4-STEP NO-HANDRAIL WHITE LADDER,C01300000-SCLD20,LCS030/040,,False,False,True,,,2026-03-09,,,2027-03-09,Active
1298,96008848,20261091,ESD Continuous Monitor,19321,MULT,,True,False,True,2026-04-27,,2026-02-02,2026-05-27,,2027-02-02,Active
1299,96006763,20239438,"THERMOMETER, DUAL-LASER 20:1 INFRARED",DUAL-LASER,FLIGHTLINE,,False,False,True,2025-09-18,,2026-03-08,2025-10-18,,2027-03-08,Active
1300,96011062,20313179,FLOOR PANEL DRILL JIG,C01392700,LCS001,,False,False,True,,,2026-02-24,,,2027-02-24,Active
1301,96007767,20245668,B-S CS300 B6-2 & B7-2 LCS002,C01356612-002-SFIX01,LCS002,,False,False,True,,,2025-11-20,,,2026-11-20,Active
1302,96008422,20263221,ESD Cabinet,? TENNSCO CABINET?,FLIGHTLINE (AVI OFFICE),,False,False,True,,,2025-12-11,,,2026-12-11,Active
1303,96011516,20329890,BLANKET VACUUM ADAPTOR,GT9910696-GTOO01,BASEMENT,,True,False,True,2026-04-29,,2026-01-01,2026-06-28,,2027-05-29,Active
1304,96007628,20245993,GOGO/PANASONIC PRESSURE PLATE DOLLY,,,,False,False,False,,,,,,,Deactivated
1305,96008024,20245767,Vacuum Pump,,,,False,False,False,2026-03-01,,2026-01-01,,,,Cannot Find
1306,96007798,20246999,FOD PROTECTION COVER,S500-210001-SFIX04,LCS010/020 CAGE,,False,False,True,,,2025-12-11,,,2026-12-11,Active
1307,96007553,20245818,LEVELLING KIT,C04421011-LJIG04,LCS010/020 INTERIORS CAGE,,False,False,True,2025-10-16,,2026-04-27,2025-11-15,,2027-04-27,Active
1308,96007857,20246024,FLAP RIGGING KIT,S500-275201-TFIX04,LCS003 CAGE,,False,False,True,,,2025-11-21,,,2026-11-21,Active
1309,96007678,20246528,TEMP REAR FUSE FLOOR KIT,,,,False,False,False,,,,,,,Deactivated
1310,96007804,20246675,8-STEP LADDER - BLUE,,,,False,False,False,,,,,,,Deactivated
1311,96004944,20214691,"BAG, TOOL TOTE",,,,False,False,False,,,,,,,Deactivated
1312,96007233,20243237,DRILL TEMPLATE FOR STRINGER SPLICE FR61,C01303000-DJIG67,LCS001 UPPER,,False,False,True,,,2026-02-27,,,2028-02-27,Active
1313,96009357,20279429,PQUAD L/E PLATFORM,C02900000-SCLD05,LCS030/040,,False,False,True,,,2025-12-18,,,2026-12-18,Active
1314,96001901,20211701,"FAN, MAX PERFORMANCE PIVOTING",,,,False,False,False,,,,,,,Deactivated
1315,95166703,20206591,"HAND LAMP, 25"" LENGTH, LINKABLE",,,,False,False,False,,,,,,,Deactivated
1316,96005866,20259388,"DETECTOR, PORTABLE HELIUM",PHD-4,LCS003 CAGE,,False,False,True,,,2025-12-11,,,2026-12-11,Active
1317,96007810,20245695,14-STEP LADDER - BLUE,ML-144021G,LCS010/020,,False,False,True,,,2025-11-05,,,2026-11-05,Active
1318,96007971,20246212,MID FUSE DOLLY,C01370000-TRDY01,NORTH OUTER OF FAL,,False,False,False,,,,,,,Cannot Find
1319,96007496,20303582,FAL APD SAFETY  FENCE,,,,False,False,False,2026-03-01,,2026-01-01,,,,Deactivated
1320,96009624,20303630,Wheel Bin Extension,,,,True,False,True,2026-03-01,,2026-01-01,,,2027-01-01,Active
1321,96004780,20302438,"PUMP, ACCULUBE FOR CLECO ADU",,,,False,False,False,,,,,,,Deactivated
1322,95162936,20211566,HYDRAULIC PUMP DLT02MAPP1000,DLT02MAPP1000,LCS002,,False,False,True,,,2026-03-02,,,2027-03-02,Active
1323,96007981,20328864,Dummy battery,S500-247012-TFIX00,LCS070 - Bay 5,,False,False,True,,,2026-01-28,,,2027-01-28,Active
1324,96007498,20246804,FAL OVERWING SAFETY FENCE,GT9910591-GTOO01,LCS003 TOP,,False,False,False,,,,,,,Cannot Find
1325,96007278,20243282,RH FWD CORNER ANGLE,C01603001-002-DJIG40,BASEMENT,,True,False,True,2026-03-30,,2026-04-27,2026-04-29,,2027-04-27,Active
1326,96007966,20246121,ENGINE ELECT. TEST BOX,S500-710006-TFIX04,LCS003 CAGE,,False,False,True,,,2025-11-17,,,2026-11-17,Active
1327,96007497,20246312,FAL ASD SAFETY  FENCE,GT9910590-GTOO02,LCS070 CAGE,,False,False,False,,,2025-11-12,,,,Active
1328,96011061,20313178,FLOOR PANEL DRILL JIG,C01392700,LCS001,,False,False,True,,,2026-02-23,,,2027-02-23,Active
1329,96005345,20212384,"LIGHT, HEAVY DUTY 210 SERIES LED STRING",210 SERIES,LCS070,,False,False,False,,,,,,,Cannot Find
1330,96007734,20245644,HSTA I/R SCND PIN TOOL,C02040910-SFIX03,LCS002,,False,False,True,2025-10-07,,2026-03-23,2025-11-06,,2027-03-23,Active
1331,96005746,20233113,TORQ WRENCH,,,,False,False,False,,,,,,,Deactivated
1333,96011475,20329365,Laser monument short shaft,2301-010000,LASER CAGE,,False,False,True,,,2026-02-03,,,2027-02-03,Active
1334,96007856,20330139,PROLINE 3600 POWER CONNECTOR,S500-275011-TFIX03,LCS010/020 CAGE,,False,False,True,,,2026-02-12,,,2027-02-12,Active
1335,96007833,20246105,"INTERNAL HANDLE ADAPTER (FPD, APD, FSD,",C01518150-TFIX04,LCS001 TOP,,False,False,True,,,2025-11-20,,,2026-11-20,Active
1336,96007804,20246639,8-STEP LADDER - BLUE,ML-083221G,LCS030/040,,False,False,True,,,2025-11-27,,,2026-11-27,Active
1337,96007752,20246375,WING SLIDE CABLE BLOCK,S500-120011-SFIX02,LCS010/20 Rack 3 Row D,,False,False,True,,,2025-11-11,,,2026-11-11,Active
1338,96007928,20246559,OWEED DUMMY ACTUATOR,C500-522111-TFIX01,LCS003 CAGE,,False,False,True,,,2026-03-16,,,2027-03-16,Active
1339,96007765,20245666,B-S CS300 B3-2 A B5-2 LCS002,C01356611-004-SFIX01,LCS002,,False,False,True,,,2025-11-17,,,2026-11-17,Active
1340,96007341,20303608,Protection Passenger Door Handle,C05158150-SFIX01,,,True,False,True,2026-03-01,2025-05-15,2026-01-01,2025-06-14,2025-11-11,2027-01-01,Active
1341,96011597,20330251,CAPSEAL PROTECT,C01351002-002-SFIX01,,,True,False,True,2026-04-27,,2026-01-01,2026-05-27,,2027-01-01,Active
1342,96007632,20246637,AFT CARGO BEAM SUPPORT,C01344100-SFIX01,MULT,,False,False,True,,,2025-11-25,,,2026-11-25,Active
1343,96007408,20245784,WINGRIP WING KIT - 8 PIECES LABELED,KIT–WINGRIP PM2-PIPES AND,LCS002 TOP,,False,False,True,2025-07-25,2025-07-25,2025-07-25,2025-08-24,2026-01-21,2026-07-25,Active
1344,96007803,20246760,7-STEP LADDER - GREY,,,,False,False,False,,,,,,,Deactivated
1345,96006762,20237056,"CREEPER, 44""X17"" WITH 6 WHEELS","44 x 17, 6 Wheels",FLIGHTLINE,,False,False,True,,,2025-10-22,,,2026-10-22,Active
1346,96007881,20246982,TARGET  MLG,S500-326101-TFIX03,FLIGHTLINE,,False,False,True,,,2026-01-19,,,2027-01-19,Active
1347,96007460,20246181,ARINC 429 BUS TRANSCEIVER,GT9910140-GTOO01,LCS002 TFIX CAGE,,False,False,True,,,2025-11-11,,,2027-11-11,Active
1348,95165759,20234066,INFRARED THERMOMETER,RTEMP8,LCS003 CAGE,,False,False,True,2025-09-08,,2025-09-03,2025-10-08,,2026-09-03,Active
1349,96007895,20246044,FUEL INERTING BLANKING CAP,S500-470011-TFIX01,LCS003 CAGE,,False,False,True,,,2025-11-21,,,2026-11-21,Active
1350,96005464,20236839,"ADAPTOR, C-SERIES APU LIFT",C01368058-HFIX02,LCS002,,False,False,True,2025-09-12,,2025-10-20,2025-10-12,,2026-10-20,Active
1351,96006152,20240726,"PUMP, OIL TRANSFER, 55GAL, 100PSI",06-5024-3610,LCS030/040,,False,False,False,,,,,,,Cannot Find
1352,96007168,20243172,DRILL TEMPLATE FOR STRAP FR61,C01303000-DJIG02,LCS001 TOP,,False,False,True,,,2025-10-21,,,2026-10-21,Active
1353,96006488,20230896,"HEADSET, CSB SERIES",,,,False,False,False,,,,,,,Deactivated
1354,96011646,20350509,MLG BEARING PROTECTION,C01619003-SFIX07,,,True,False,True,2026-04-27,,2026-01-01,2026-05-27,,2027-01-01,Active
1355,96007446,20246586,HEADSET STECOM 26-5007 (US PROCURED),CSB-990MAX KIT,LCS003,,False,False,True,,,,,,,Cannot Find
1356,96007670,20246547,MID CARGO CSE PANEL DOLLY,C01370000-SFIX09,LCS001,,False,False,False,,,,,,,Deactivated
1357,96007894,20246155,PCU TESTING TOOL,S500-441011-TFIX01,US-LCS030-MEC,,False,False,True,,,,,,,Cannot Find
1358,96007357,20245407,VSTAB RH DRILL JIG (Nick to Add Cleaning Prior to PM),C01900100-002-DJIG01,LCS002 TOP,,False,False,True,,,2026-02-27,,,2027-02-27,Active
1359,96007350,20245402,LEVELLING JIG FOR LAVATORY A,C01850100-BJIG01,BASEMENT,,False,False,True,,,2026-03-08,,,2027-03-08,Active
1361,96007566,20245824,RIGGING LIFT CAM MECHANISM (OWEED),C01570000-RFIX04,LCS003 CAGE,,False,False,True,2025-10-15,,,2025-11-14,,2026-06-15,Active
1362,96007942,20246342,FLAP CARRIAGE HOLDER KIT LCS020,S500-275201-TFIX02,ACS825,,False,False,True,,,2025-11-12,,,2026-11-12,Active
1364,96007410,20246348,"MASTER MOVER, MASTERTUG MT1500+",MT1500,LCS030/040,,False,False,True,,,2025-11-10,,,2026-11-10,Active
1365,96007569,20245825,NOSE CONE FIX PLATFORM,C01200000-SCLD02,LCS030/040,,False,False,True,2025-10-15,,,2025-11-14,,2026-10-15,Active
1366,96011475,20329370,Laser monument short shaft,2301-010000,,,True,False,True,2026-03-01,,2026-01-01,,,2027-01-01,Active
1367,96006619,20235765,"STRIPPER, ROUND WIRE 0.18"" TO 1.02"" WIRE",,,,False,False,False,,,,,,,Deactivated
1368,96007337,20245232,L-SHAPE EXTRUSION FOR MONUMENT LEVELLING,C04421011-LJIG06,LCS010/020,,False,False,False,,,,,,,Cannot Find
1369,96009468,20282587,"BELT, BARRIER, RETRACTABLE STRIPPED YELLOW",60145T267,TRIAGE,,False,False,False,,,,,,,Deactivated
1370,96007563,20246363,OWEED HANDLE LOCK PIN,,,,False,False,False,,,,,,,Deactivated
1371,96007293,20243297,LH AFT SPAR,C01603006-001-DJIG20,BASEMENT,,True,False,True,2026-03-30,,2026-04-27,2026-04-29,,2027-04-27,Active
1372,96007580,20246805,3-STEP AVIONIC LADDER  + WHITE EXTENSION,C01300000-SCLD23,LCS030/040,,False,False,True,,,2025-11-27,,,2026-11-27,Active
1374,96007829,20245853,PROTECTIVE DUST CAP BLANKING CAP,C500-360011-TFIX07,LCS003 CAGE,,False,False,True,2025-10-14,,2026-01-23,2025-11-13,,2027-01-23,Active
1375,96007913,20312665,"EXTERNAL HANDLE ADAPTER (FPD, APD, FSD,",C01518150-TFIX01,LCS070 CAGE,,False,False,True,,,2026-01-16,,,2027-01-16,Active
1376,96007835,20246012,FUEL INERTING ADAPTER FITTING,C500-470011-TFIX03,LCS003 CAGE,,False,False,True,,,2025-11-21,,,2026-11-21,Active
1377,96009713,20296664,WINGS PROTECTIONS STORAGE CART,C01600000-SFIX90,LCS030/040,,False,False,True,,,2026-01-14,,,2027-01-14,Active
1378,96008222,20249412,BLEED LOOP KIT,C08110600-SFIX01,LCS070,,False,False,True,,,2025-12-11,,,2026-12-11,Active
1379,96006409,20223017,"INCLINOMETER, WIRELESS (S500-273011-TFIX05)",S500-273011-TFIX05,LCS010/020 CAGE,,False,False,True,,,2025-08-19,,,,Active
1380,96007728,20245638,V/STAB INSERTION GUIDE,C01900000-001-SFIX01,LCS002 CAGE,,False,False,True,2025-07-25,2025-07-25,2025-07-25,2025-08-24,2026-01-21,2026-07-25,Active
1381,96007856,20330185,PROLINE 3600 POWER CONNECTOR,S500-275011-TFIX03,LCS010/020 CAGE,,False,False,True,,,2026-02-11,,,2027-02-11,Active
1382,96007495,20407686,FWD SERVICE DOOR SAFETY NET,GT9910588-GTOO02,MULT,,False,False,True,,,2026-02-17,,,2027-02-17,Active
1384,96007631,20246324,TEMPORARY FLOOR DOLLY,,,,False,False,False,,,,,,,Deactivated
1385,96002753,20236668,"HARNESS, SAFETY, VEST-STYLE, MED/LARGE",,,,False,False,False,,,,,,,Deactivated
1386,96007797,20246469,"""2"""" AIR HOSE REEL""",S500-120011-SFIX03,MULT,,False,False,False,,,,,,,Deactivated
1387,96004414,20203667,"TROLLEY, NITROGEN, SERVICE CART, W/REG",,,,False,False,False,,,,,,,Deactivated
1388,96007595,20245532,LH FWD PAX STAGING,C02315000-SCLD05,LCS003,,False,False,True,2025-10-15,,,2025-11-14,,2026-06-09,Active
1389,96007955,20246386,BATTERY SIMULATOR,S500-240001-TFIX01,LCS010/020 CAGE,,False,False,True,,,2025-11-14,,,2026-11-14,Active
1390,96007881,20246960,TARGET  MLG,S500-326101-TFIX03,LCS030/040 CAGE,,False,False,True,,,2026-01-23,,,2027-01-23,Active
1391,96007651,20245578,LCS002 CS300 T1-2 & T2-2 TRIFORM,C01355206-004-SFIX01,LCS002,,False,False,True,,,2025-11-05,,,2026-11-05,Active
1392,96007693,20246143,FWD-MID-REAR TARGET LASER KIT,,,,False,False,False,,,,,,,Deactivated
1393,96007594,20245531,V/STAB LH,C01901000-002-SCLD01,LCS002,,False,False,True,2025-10-07,,,2025-11-06,,2026-06-08,Active
1394,96007559,20245979,REAR FUSE SUPPORT,C01340000-PUPJ05,LCS001,,False,False,True,,,2025-11-06,,,2026-11-06,Active
1395,96007705,20245615,BACKUP PLATE T/FTG RH,C01603101-002-SFIX01,BASEMENT,,False,False,True,,,2025-11-05,,,2026-11-05,Cannot Find
1396,95165759,20251445,INFRARED THERMOMETER,RTEMP8,LCS003 CAGE,,False,False,True,,,2025-12-08,,,2026-12-08,Active
1397,96009211,20278495,MAINTENANCE PANEL PATCH HARNESS,S500-461111-TFIX66,LCS010/020 CAGE,,False,False,True,,,2025-12-15,,,2026-12-15,Active
1398,96003695,20214810,"ADJUSTABLE TORQUE WRENCH 50IP - 1/4""",ADJUSTABLE WRENCH,LCS010/020 CAGE,,False,False,True,,,2025-09-04,,,2026-09-04,Active
1399,96007751,20246853,PSD ARMING PROTECT BLOCK,S500-120011-SFIX01,H31,,False,False,False,,,2025-12-02,,,,Cannot Find
1400,96011649,20350516,MLG-HMA,MLG-HMA,LCS003,,False,False,False,,,,,,,Deactivated
1401,96007727,20245637,POS TOOL AFT PYLON,C01703011-SFIX01,LCS030/040 CAGE,,True,True,True,2026-03-08,2025-12-25,2025-11-10,2026-04-07,2026-06-23,2026-11-10,Active
1402,96010819,20582342,Fuel drain,,,,True,False,True,2026-03-01,,2026-01-01,,,2027-01-01,Active
1403,96007981,20246681,DUMMY BATTERY,S500-247012-TFIX00,LCS010/020 CAGE,,False,False,True,,,2026-03-17,,,2027-03-17,Active
1404,96011516,20329893,BLANKET VACUUM ADAPTOR,GT9910696-GTOO01,BASEMENT,,True,False,True,2026-04-27,,2026-01-01,2026-06-26,,2027-05-27,Active
1405,96011476,20329408,Laser monument long shaft,2301-020000,,,True,False,True,2026-03-01,,2026-01-01,,,2027-01-01,Active
1406,96007969,20246210,COCKPIT DOLLY,C01200000-TRDY02,NORTH OUTER OF FAL,,False,False,True,,,2025-11-14,,,2026-11-14,Active
1407,96007408,20245941,WINGRIP WING KIT,KIT–WINGRIP PM2-PIPES AND,LCS002,,False,False,True,,,2025-11-05,,,2026-11-05,Active
1408,96007479,20245803,DRILL BUSHING KIT WING,GT9910876-GTOO02,LCS002,,False,False,True,,,2025-12-18,,,2026-12-18,Active
1409,96008024,20245924,Vacuum Pump,,,,True,False,True,2026-03-01,,2026-01-01,,,2027-01-01,Active
1410,96007861,20245871,FLAP TURN COUNTER,,,,False,False,False,,,,,,,Deactivated
1411,96007881,20246950,TARGET  MLG,S500-326101-TFIX03,LCS003 CAGE,,False,False,True,,,2026-01-21,,,2027-01-21,Active
1412,96006591,20227613,TIE ROD - H-STAB,C02040910-SFIX06,LCS002 CAGE,,False,False,True,,,2025-09-03,,,2026-09-03,Active
1413,96011475,20329104,Laser monument short shaft,2301-010000,LCS-003 - LASER BOX A,,False,False,True,,,2026-02-05,,,2028-02-05,Active
1414,96007518,20246461,NOSEWEIGHT CSERIES,C02310000-HFIX16,LCS060,,False,False,True,,,2026-03-09,,,2027-03-09,Active
1416,96007673,20246283,TEMPORARY FLOOR DOLLY,,,,False,False,False,,,,,,,Deactivated
1417,96006429,20223070,ULTRASONIC TEST SET (US PROCURED),DUKANE TS-500,LCS030/040 CAGE,,False,False,True,2025-08-26,,2025-09-03,,,2026-09-03,Active
1418,96007981,20246645,DUMMY BATTERY,S500-247012-TFIX00,AIT SHOP,,False,False,True,,,2025-11-27,,,2026-11-27,Active
1419,96000012,20248127,SLING RND 3.0 M SUPRA PLUS TAN,,,,False,False,False,,,,,,,Deactivated
1420,96007167,20243171,DRILL TEMPLATE FOR STRAP FR61,C01303000-DJIG01,LCS001 TOP,,False,False,True,,,2025-10-21,,,2026-10-21,Active
1421,95163588,20299289,ACU,ACU-302S-CUP,FLIGHTLINE,,True,True,True,2026-03-09,2026-01-27,2025-11-13,2026-04-08,2026-07-26,2026-11-13,Active
1422,96009497,20289042,CARPET CART,AIC_FEC2201_V1,LCS001,,False,False,False,,,2026-01-13,,,2027-01-13,Active
1423,96007928,20246496,OWEED DUMMY ACTUATOR,C500-522111-TFIX01,LCS001,,False,False,True,,,2026-03-18,,,2027-03-18,Active
1424,96011796,20491001,Erosion tape hole opening tool,,,,False,False,False,2026-04-30,,2026-01-01,,,,Run to Failure
1425,95163226,20026979,TECHKIT/SEMKIT CARTRIDGE MIXER,TS6500,LCS001,,False,False,True,2025-09-15,2025-08-25,2025-08-12,2025-10-15,,2026-08-12,Active
1426,96005111,20210346,"PLATE, AIR DATA TEST",TE-0750,LCS003 CAGE,,False,False,True,2025-09-22,2025-08-13,2025-08-13,2025-10-22,2026-02-09,2026-09-15,Active
1427,96007886,20246037,AIR STARTER ADAPTER,S500-360001-TFIX01,MULT,,False,False,True,,,2025-11-20,,,2026-11-20,Active
1428,96007561,20245512,TAIL CONE DOLLY,C02100110-TRDY01,LCS002,,False,False,True,2025-10-10,,2026-02-18,2025-11-09,,2027-02-18,Active
1429,96007095,20243099,DRILL TEMPLATE FOR STRAP FR30,C01302000-DJIG09,LCS001 TOP,,False,False,True,,,2025-10-30,,,2026-10-30,Active
1430,96004780,20208735,"PUMP, ACCULUBE FOR CLECO ADU",012X00XXX210X100X,LCS002,,False,False,True,2025-08-26,2025-08-19,2025-09-03,,,2026-09-03,Active
1431,96007289,20243293,RH FWD TRIFORM,C01603003-002-DJIG30,BASEMENT,,True,False,True,2026-03-30,,2026-02-27,2026-04-29,,2027-02-27,Active
1432,96007856,20330141,PROLINE 3600 POWER CONNECTOR,S500-275011-TFIX03,LCS030/040 CAGE,,False,False,True,,,2026-02-09,,,2027-02-09,Active
1433,96007847,20245859,AILERON RIGGING BAR LCS020,S500-271011-TFIX01,LCS010/020 CAGE,,False,False,True,2025-10-15,,,2025-11-14,,2026-07-09,Active
1434,96005506,20282570,"TEST SET, AIR DATA DPST-9300A",DPST-9300A,LCS010/020 CAGE,,False,False,True,,,2026-01-14,,,2027-01-14,Active
1435,96007855,20246022,SLATS/FLAP KIT,S500-275011-TFIX02,LCS010/020 CAGE,,False,False,True,,,2025-11-19,,,2026-11-19,Active
1437,96007581,20246780,5-STEP WHITE LADDER,C01601001-SCLD01,LCS003,,False,False,True,,,2025-11-27,,,2026-11-27,Active
1438,96007226,20243230,DRILL TEMPLATE FOR STRINGER SPLICE FR61,C01303000-DJIG60,LCS001 TOP,,False,False,True,,,2026-02-25,,,2027-02-25,Active
1439,96006416,20223043,"TEST BOX, HYDRO ELECT.",L617000TF1,LCS003 CAGE,,False,False,True,2025-09-22,,2025-09-05,2025-10-22,,2026-09-05,Active
1440,96007869,20246452,NACA SCOOP PLUG PANEL,S500-281001-TFIX01,LCS003 CAGE,,False,False,True,,,2026-03-16,,,2027-03-16,Active
1441,96007798,20247024,FOD PROTECTION COVER,S500-210001-SFIX04,LCS002 CAGE,,False,False,True,,,2025-12-11,,,2026-12-11,Active
1442,96006421,20223052,TEST SET. NAV COMM RAMP 4000,IFR-4000,LCS010/020 CAGE,,False,False,True,2025-09-22,,2025-09-05,2025-10-22,,2026-10-05,Active
1443,96009713,20296662,WINGS PROTECTIONS STORAGE CART,C01600000-SFIX90,LCS030/040,,False,False,True,,,2026-01-12,,,2027-01-12,Active
1444,96007071,20242987,"PANEL, SCOOP PLUG",S500-281001-TFIX02,LCS003 CAGE,,False,False,False,,,,,,,Cannot Find
1445,96007813,20246605,4-STEP LADDER - BLUE,SEP4-2436,LCS003,,False,False,True,,,2025-11-27,,,2026-11-27,Active
1446,96007620,20245553,STG FWD RH,C02315000-002-SCLD13,LCS002,,False,False,True,2025-09-29,,2025-11-06,2025-10-29,,2026-11-06,Active
1447,96007741,20245649,PROTECTION JIG,C04400002-SFIX02,LCS010/020 INTERIORS CAGE,,False,False,True,2025-07-22,2025-07-22,2025-07-22,2025-08-21,2026-01-18,2026-07-22,Active
1448,96007581,20246788,5-STEP WHITE LADDER,C01601001-SCLD01,LCS002,,False,False,True,,,2025-11-26,,,2026-11-26,Active
1449,96007495,20291587,FWD SERVICE DOOR SAFETY NET,GT9910588-GTOO02,MULT,,False,False,True,,,2026-01-15,,,2027-01-15,Active
1450,96011649,20350515,MLG-HMA,MLG-HMA,LCS003,,False,False,False,,,,,,,Deactivated
1451,96007915,20312792,RIGGING SLIDE MECHANISME,C01570000-TFIX05 #12,,,False,False,True,,,2026-01-12,,,2027-01-12,Active
1453,96007203,20243207,DRILL TEMPLATE FOR STRINGER SPLICE FR61,C01303000-DJIG37,LCS001 LOWER,,False,False,True,,,2025-10-28,,,2026-10-28,Active
1454,96005483,20217437,"CART, 2PO AIR HOSE REEL",S500-120011-SFIX03,GUAGING CANOPY,,False,False,True,2025-08-13,2025-08-13,2025-08-13,2025-09-12,2026-02-09,2026-08-13,Active
1455,96007541,20246229,INTER-DADO POSITIONING JIG,C04400708-LJIG01,LCS010/020 INTERIORS CAGE,,False,False,True,,,2025-11-11,,,2026-11-11,Active
1456,96011476,20329406,Laser monument long shaft,2301-020000,,,True,False,True,2026-05-01,,2026-01-01,2026-05-31,,2027-01-01,Active
1457,96007439,20246088,HAND HELD COMPRESSION WATER SPRAYER,YT30,LCS003 CAGE,,False,False,True,,,2025-11-17,,,2026-11-17,Active
1458,96007873,20246335,MODIFIED FUEL ACCESS PANEL,S500-281001-TFIX05,LCS003 CAGE,,False,False,True,,,2025-11-11,,,2026-11-11,Active
1459,96004432,20234209,"LADDER, CAGE ADJ SAFETY TYPE 1AA 3-5 FT",SEP5-2436,LCS030/040,,False,False,True,,,2025-09-04,,,2026-09-04,Active
1460,96011475,20329386,Laser monument short shaft,2301-010000,,,True,False,True,2026-03-01,,2026-01-01,,,2027-01-01,Active
1461,96003713,20218436,AIR GUN,,,,False,False,False,,,,,,,Deactivated
1462,96007863,20246029,SLAT RIGGING KIT LCS020,S500-278101-TFIX02,LCS003 CAGE,,False,False,True,,,2025-11-17,,,2026-11-17,Active
1463,96011341,20328089,LCS002 WING POSITIONER,C00100018-AJFA02,LCS002,,True,True,True,2026-02-23,2026-02-09,2025-08-06,2026-03-25,2026-08-08,2026-06-06,Active
1464,96007812,20321951,3 STEP LADDER,SEP3-2436,GUAGING CANOPY,,False,False,True,,,2026-01-29,,,2027-01-29,Active
1465,96007297,20243301,CS300 WING JOINING DRILL JIG,C01663001-001-DJIG11,LCS002 TOP,,False,False,False,,,2026-02-27,,,,Deactivated
1466,96007456,20245455,LCS001 SHOP-AID FR79 DRILLING TOOL,GT9910439-GTOO01,TOP AFT L SIDE - BLUE CAGE,,True,False,True,2026-03-08,,,2026-04-07,,2027-03-06,Active
1468,96007341,20245251,AFT & FWDPAX DOOR HANDLE PROTECTION,C05158150-SFIX01,LCS070,,False,False,False,,,,,,,Deactivated
1469,96011475,20329360,Laser monument short shaft,2301-010000,TBD,,False,False,True,,,2026-02-03,,,2027-02-03,Active
1470,96007660,20245587,F/S LWR CAP LH FS3-1 LCS002 (BUTT STRAP RACK),C01356503-001-SFIX02,LCS002,,False,False,False,,,,,,,Cannot Find
1471,96007482,20245469,QUACKENBUSH BAYONET ADAPTER,GT996727-GTOO01-GE001194,LCS002,,True,False,True,2026-03-23,,2025-11-04,2026-04-22,,2026-11-04,Active
1472,96011475,20329398,Laser monument short shaft,2301-010000,,,True,False,True,2026-03-01,,2026-01-01,,,2027-01-01,Active
1473,96007690,20246466,MID FUSE TEMP FLOOR KIT,,,,False,False,False,,,,,,,Deactivated
1474,96007812,20246572,3-STEP LADDER - BLUE,SEP3-2436,LCS10/20,,False,False,True,,,2025-11-28,,,2027-11-28,Active
1475,96004613,20205178,"LIGHT, 4FT 30W 5K DIMMABLE SHOP",,,,False,False,False,,,,,,,Deactivated
1476,96007869,20246473,NACA SCOOP PLUG PANEL,S500-281001-TFIX01,LCS003 CAGE,,False,False,True,,,2026-03-17,,,2027-03-17,Active
1478,96005229,20212402,"STOOL, LIGHTWEIGHT RUBBER COATED 2 STEP",RUBBER STEP STOOL,MULT,,False,False,True,2025-08-12,2025-08-12,2025-08-12,2025-09-11,2026-02-08,2026-08-12,Active
1479,96007585,20245523,STG WING CUFF RH,C00601010-002-SCLD11,LCS002,,False,False,True,2025-10-15,,,2025-11-14,,2026-09-08,Active
1480,96007481,20246185,BUSH ADAPTOR -3 LOCK SCREWS,GT996690-GTOO08-GE001085,LCS002,,False,False,True,,,2025-11-11,,,2026-11-11,Active
1481,96007498,20246802,FAL OVERWING SAFETY FENCE,GT9910591-GTOO01,LCS001 TOP,,False,False,False,,,2025-11-24,,,,Active
1482,96007390,20246861,MFS PISTON ROD COLLAR  (US PROCURED),490500GSE1-1001,LCS010/020 CAGE,,False,False,True,,,2025-12-02,,,2026-12-02,Active
1483,96006827,20238220,"VCM-100, CALIBRATOR",9891064004,BATTERY SHOP,,False,False,True,2025-09-11,,2025-09-22,2025-10-11,,2026-09-22,Active
1484,95166702,20026211,"HAND LAMP, L39"", LED, HEAVY DUTY",,,,False,False,False,,,,,,,Deactivated
1485,96007356,20245406,VSTAB LH DRILL JIG,C01900100-001-DJIG01,LCS002 TOP,,False,False,True,,,2026-02-26,,,2027-02-26,Active
1486,96011342,20328091,ENGINE TROLLEY,AGSE-E241-G02,LCS030/040,,False,False,True,2025-07-30,2025-07-30,2025-07-30,2025-08-29,2026-01-26,2026-07-30,Active
1487,96007880,20246945,ANTI-TARGET,S500-326101-TFIX02,LCS010/020 TOOLBOX,,False,False,False,2025-07-30,2025-07-30,2025-07-30,2025-08-29,2026-01-26,2026-07-30,Deactivated
1488,96007942,20246299,FLAP CARRIAGE HOLDER KIT LCS020,S500-275201-TFIX02,ACS825,,False,False,True,,,2025-11-10,,,2026-11-10,Active
1489,96008132,20248034,"LOWER SKIN IML PROFILE RECLAIMER, LH",C01603003-001-SFIX33,LCS002,,False,False,True,,,2025-12-10,,,2026-12-10,Active
1490,96006801,20237746,POTABLE WATER CART,19-4301-0000,LCS070,,False,False,True,2025-09-17,,2026-03-23,2025-10-17,,2027-03-23,Active
1491,96007827,20246917,DUMMY SLIDE,C01518150-TFIX03,LCS070 CAGE,,False,False,False,2025-07-30,2025-07-30,2025-07-30,2025-08-29,2026-01-26,2026-07-30,Deactivated
1492,96007193,20243197,DRILL TEMPLATE FOR STRINGER SPLICE FR61,C01303000-DJIG27,LCS001 TOP,,False,False,True,,,2025-10-30,,,2026-10-30,Active
1493,96007577,20246279,C SERIES CARGO ACCESS,C01550000-SCLD03,BAY 5,,False,False,True,,,2025-11-14,,,2026-11-14,Active
1494,96007671,20246186,AFT DOOR AVIONIC FLOORING,C01370000-SFIX10,LCS003 CAGE,,False,False,True,,,2025-11-10,,,2026-11-10,Active
1495,96007961,20246061,PWWS ELECT INTER TFIX %% PWWS HEATER TES,S500-380006-TFIX01,LCS030/040 CAGE,,False,False,True,,,2025-11-18,,,2026-11-18,Active
1496,96001901,20204669,"FAN, MAX PERFORMANCE PIVOTING",,,,False,False,False,,,,,,,Deactivated
1498,96007833,20246149,"INTERNAL HANDLE ADAPTER (FPD, APD, FSD,",C01518150-TFIX04,LCS003 CAGE,,False,False,True,,,2025-11-21,,,2026-11-21,Active
1499,96007806,20246652,10-STEP LADDER - BLUE,ML-103221G,LCS010/020,,False,False,True,,,2025-11-27,,,2026-11-27,Active
1500,96008019,20246078,HYDRAULIC ELECTRICAL TESTER  (US PROCURE,,,,False,False,False,,,,,,,Deactivated
1501,96007671,20246098,AFT DOOR AVIONIC FLOORING,C01370000-SFIX10,LCS003 CAGE,,False,False,False,,,,,,,Cannot Find
1502,96007418,20245947,HYDRO AXLE JACK 45 TONS  (US PROCURED),RT4550-001 PM1,LCS070,,True,True,True,2026-03-08,2026-01-27,2026-04-27,2026-04-07,2026-07-26,2027-04-27,Active
1503,96007704,20245614,BACKUP PLATE T/FTG LH,C01603101-001-SFIX01,BASEMENT,,False,False,True,,,2025-11-06,,,2026-11-06,Active
1504,96007107,20243111,DRILL TEMPLATE FOR STRINGER SPLICE FR30,C01302000-DJIG21,LCS001 TOP,,False,False,True,,,2025-09-19,,,2026-09-19,Active
1506,96007216,20243220,DRILL TEMPLATE FOR STRINGER SPLICE FR61,C01303000-DJIG50,LCS001 TOP,,False,False,True,,,2025-10-27,,,2026-10-27,Active
1507,96007913,20312664,"EXTERNAL HANDLE ADAPTER (FPD, APD, FSD,",C01518150-TFIX01,LCS030/040 CAGE,,False,False,False,,,,,,,Cannot Find
1508,96007493,20246582,ZERO ENERGY / POWER OFF,GT9910182-GTOO02,FLIGHTLINE,,False,False,True,,,2025-11-25,,,2026-11-25,Active
1509,96007630,20246421,DOLLY FOR REAR FUSE CARGO TEMPORARY FLOO,C01340000-SFIX05,LCS001,,False,False,False,,,,,,,Deactivated
1510,96008422,20263218,ESD Cabinet,? TENNSCO CABINET?,LCS070,,False,False,True,,,2025-12-08,,,2026-12-08,Active
1512,96007103,20243107,DRILL TEMPLATE FOR STRINGER SPLICE FR30,C01302000-DJIG17,LCS001 TOP,,False,False,True,,,2025-09-19,,,2026-09-19,Active
1513,96007980,20245743,RJ45 LOOPBACK TESTER,S500-461112-TFIX01,LCS010/020 CAGE,,False,False,True,2025-10-14,,,2025-11-13,,2026-10-15,Active
1514,96011475,20329385,Laser monument short shaft,2301-010000,,,True,False,True,2026-03-01,,2026-01-01,,,2027-01-01,Active
1515,96007806,20246604,10-STEP LADDER - BLUE,ML-103221G,LCS001,,False,False,True,,,2025-11-26,,,2026-11-26,Active
1517,96007556,20245819,SHIM TOOLING FIXTURE/Vac Table,C00601010-MFIX01,CNC#1,,True,True,True,2026-03-09,2025-12-22,2026-04-27,2026-04-08,2026-06-20,2027-04-27,Active
1518,96007596,20245988,FWD SERVICE INTERIOR FINITION STAGING +,C02316000-SCLD02,LCS030/040,,False,False,True,,,2025-11-18,,,2026-11-18,Active
1519,96006387,20220867,"STAND, PRESSURIZATION",TE-0801,LCS30/40,,True,True,True,2026-04-07,2026-01-31,2026-01-13,2026-05-07,2026-05-27,2026-11-28,Active
1521,96007298,20243302,CS300 WING JOINING DRILL JIG,C01663001-001-DJIG12,LCS002 TOP,,False,False,False,,,2026-02-23,,,,Deactivated
1522,96007888,20246039,HP BLANKING KIT FAL,S500-360001-TFIX03,LCS010/020 CAGE,,False,False,True,,,2025-11-17,,,2026-11-17,Active
1523,96007751,20246841,PSD ARMING PROTECT BLOCK,S500-120011-SFIX01,LCS030/040 CAGE,,False,False,True,,,2025-12-04,,,2026-12-04,Active
1524,96004420,20268548,"KIT, SERVICE GAUGE, TIRE/STRUT, A220",14-6833-6030,TOOLSHOP,,False,False,True,,,2025-12-09,,,2026-12-09,Active
1525,96007867,20246556,FUEL FUNNEL AND SUCTION CUP,S500-280011-TFIX09,GUAGING CANOPY,,False,False,False,,,,,,,Cannot Find
1526,96007423,20303568,Wings Jack,FEN301A21,,,True,False,True,2026-04-01,2025-08-06,2026-01-01,2026-05-01,2026-02-02,2027-01-01,Active
1527,96007982,20324563,Headset Dual to single plug,,BLD. 31,,True,False,True,2026-03-01,,2026-01-01,2027-01-31,,2028-01-01,Active
1528,96007367,20245413,MATSUURA #2 3 AXIS NC MACHINE,R.PLUS-800 PM1,LCS002,,True,False,True,2026-04-27,2025-07-29,2026-03-30,2026-05-27,2026-01-25,2027-03-30,Active
1529,96007798,20247005,FOD PROTECTION COVER,S500-210001-SFIX04,LCS010/020 CAGE,,False,False,True,,,2025-12-12,,,2026-12-12,Active
1531,96008022,20327915,Harness discharges tester,475612,,,True,False,True,2026-03-01,,2026-01-01,,,2027-01-01,Active
1532,96007328,20245222,BLO CORD LOCATOR FOR GALLEY 1 AND LAV. A,C04400002-LJIG03,LCS010/020 INTERIORS CAGE,,False,False,True,2025-10-16,,,2025-11-15,,2026-06-12,Active
1533,96007804,20246663,8-STEP LADDER - BLUE,ML-083221G,LCS010/020,,False,False,True,,,2025-11-28,,,2026-11-28,Active
1534,96007437,20245952,WING ADAPTER ASSEMBLY,PRG265T1,LCS070,,False,False,True,,,2025-11-05,,,2026-11-05,Active
1535,96007818,20246007,8-STEP LADDER - GREY (IMPR),CAL-ML-084421G-AB,LCS070,,False,False,True,,,2025-11-21,,,2026-11-21,Active
1538,96007423,20246713,WING JACK TRIPOD (US PROCURED),D03034K2D1B01B0 PM1,GUAGING CANOPY,,True,True,True,2026-02-23,2026-01-27,2025-12-08,2026-03-25,2026-07-26,2026-12-08,Active
1539,96007467,20245462,GB SHOULDER KIT,GT9910510-GTOO02,US-LCS001-MEC,,False,False,False,,,,,,,Cannot Find
1540,96011632,20350485,"Gabarit localisation des bins, espaceur.",C04400552-LJIG01,LCS010/20 TFIX CAGE,,False,False,True,,,2026-02-13,,,2027-02-13,Active
1541,96007900,20246407,INTERNAL HANDLE ADAPTER (ESCAPE HATCH),S500-520005-TFIX04,LCS003 CAGE,,False,False,True,,,2026-03-09,,,2027-03-09,Active
1542,96005351,20219053,"PANEL, AIR REGULATING TE-0177 H4",TE-0177H4,LCS030/040 CAGE,,False,False,True,2025-08-28,2025-08-28,2025-08-28,2025-09-27,2026-02-24,2026-08-28,Active
1543,96007713,20245623,BACKUP PLATE T/FTG RH CS300,C01663001-002-SFIX01,LCS002,,False,False,True,,,2025-11-03,,,2026-11-03,Active
1544,96005882,20218950,SLAT TRACK FRONT STOP NO-GO GAUGE,S500-278101-TFIX03,LCS003 CAGE,,False,False,True,2025-08-11,2025-08-11,2025-08-11,2025-09-10,2026-02-07,2026-08-11,Active
1545,96005856,20218810,"SLING, 1/4"" 4"" OAL W/HOOK WIRE",,,,False,False,False,,,,,,,Deactivated
1546,96009364,20279460,"LOCKING PIN, OWEED TOOL",S500-522110-SFIX01,LCS070,,False,False,True,,,2026-01-31,,,2027-01-31,Active
1547,96005345,20212382,"LIGHT, HEAVY DUTY 210 SERIES LED STRING",210 SERIES,LCS070,,False,False,False,,,,,,,Cannot Find
1548,96007923,20245726,FWD TA AIR ADAPTER,C500-360011-TFIX06,LCS003 CAGE,,False,False,True,2025-10-07,,2026-02-16,2025-11-06,,2027-02-16,Active
1549,96007942,20246256,FLAP CARRIAGE HOLDER KIT LCS020,S500-275201-TFIX02,LCS003 Rack 7 Row B,,False,False,True,,,2025-11-13,,,2026-11-13,Active
1550,96002753,20233470,"HARNESS, SAFETY, VEST-STYLE, MED/LARGE",,,,False,False,False,,,,,,,Deactivated
1551,96007470,20245465,DOOR ARM BUSHING PULLER,GT9910592-GTOO01,Basement,,False,False,True,2025-10-08,,,2025-11-07,,2026-09-08,Active
1553,96007915,20246203,RIGGING SLIDE MECHANISM (OWEED),C01570000-TFIX05,LCS003 CAGE,,False,False,True,,,2025-11-11,,,2026-11-11,Active
1554,96006603,20278773,"KIT, AIR DATA TEST SET ACCESSORIES",A220-JMQD-PS-A,LCS903,,False,False,False,,,,,,,Cannot Find
1555,96007699,20245609,BACKUP PLATE FWD C/FTG RH,C01603001-002-SFIX40,BASEMENT,,False,False,True,,,2025-11-05,,,2026-11-05,Active
1556,96007299,20243303,CS300 AFT SPAR,C01663001-001-DJIG20,LCS002,,False,False,False,2026-02-23,,,,,,Deactivated
1557,96005887,20219050,"PANEL, AIR TEST",S500-281001-TFIX03,LCS003 CAGE/Rack 10,,False,False,True,2025-09-22,,2025-09-02,2025-10-22,,2026-09-12,Active
1559,96008477,20278525,LIGHT STRIP LOCATOR,C04401980-LJIG03,LCS010/020 INTERIORS CAGE,,False,False,True,,,2025-12-16,,,2026-12-16,Active
1560,96007414,20298611,TOW BAR (STANDARD),TOWCS300S20SH1,LCS070,,False,False,True,,,2026-01-12,,,2027-01-12,Active
1561,96007780,20245677,MLG CS300 #1 AND #2 SPINDLE SIDE BRACE P,C01619003-SFIX02,LCS002 CAGE,,False,False,True,2025-10-07,,,2025-11-06,,2026-06-05,Active
1562,96007341,20245247,AFT & FWDPAX DOOR HANDLE PROTECTION,C05158150-SFIX01,LCS070,,False,False,True,,,2026-03-06,,,2027-03-06,Active
1563,96007833,20312659,INTERNAL HANDLE ADAPTER,C01518150-TFIX04 #16,,,False,False,True,,,2026-01-13,,,2027-01-13,Active
1564,96006422,20582329,Tempcal tester,,,,True,False,True,2026-03-01,,2026-01-01,,,2027-01-01,Active
1565,96009199,20278598,EXTENSION ALTERNANCE DORANCY,S500-323111-TFIX01,LCS010/020,,False,False,True,,,2025-12-19,,,2026-12-19,Active
1566,96007706,20245616,BACKUP PLATE T/FTG LH,C01603161-001-SFIX40,BASEMENT,,False,False,True,,,2025-11-04,,,2026-11-04,Active
1567,96007071,20242986,"PANEL, SCOOP PLUG",S500-281001-TFIX02,LCS003 CAGE,,False,False,True,,,2025-10-20,,,2026-10-20,Active
1568,96007581,20246778,5-STEP WHITE LADDER,C01601001-SCLD01,LCS002,,False,False,True,,,2025-11-26,,,2026-11-26,Active
1569,96008023,20245923,STAGING FR79,,,,False,False,False,,,,,,,Deactivated
1570,96007971,20246168,MID FUSE DOLLY,C01370000-TRDY01,NORTH OUTER OF FAL,,False,False,True,,,2026-03-08,,,2027-03-08,Active
1571,96007595,20284453,LH FWD PAX STAGING,C02315000-SCLD05,LCS070,,False,False,False,,,,,,,Deactivated
1572,96007710,NO-BFM-1766156812-1135,Spoiler Holder While Flap Instl.,,LCS003,,False,False,False,,,,,,,Deactivated
1573,96007929,20246296,CARGO DOOR DUMMY ACTUATOR,C500-523000-TFIX01,LCS002 CAGE,,False,False,True,,,2025-11-11,,,2026-11-11,Active
1574,96007812,20246584,3-STEP LADDER - BLUE,SEP3-2436,LCS001,,False,False,True,,,2025-11-27,,,2026-11-27,Active
1575,96011796,20491003,Erosion tape hole opening tool,,,,False,False,False,2026-04-27,,2026-01-01,,,,Run to Failure
1576,96007781,20340340,MLG BOLT ANTI-ROTATION DEVICE,C01637480-SFIX01,LCS002 CAGE RACK 4 SHELF A,,True,False,True,2026-04-27,,2026-01-01,2026-06-26,,2027-05-27,Active
1577,96007539,20245814,NYLON ROUND BAR FOR LOCATING FWD MONUMEN,C04400002-LJIG01,LCS010/020 INTERIORS CAGE,,False,False,True,2025-10-13,,,2025-11-12,,2026-05-05,Active
1578,96007806,20246616,10-STEP LADDER - BLUE,ML-103221G,LCS030/040,,False,False,True,,,2025-11-25,,,2026-11-25,Active
1579,96011870,20569394,Hole finder front spar wing,,,,True,False,True,2026-03-01,,2026-01-01,,,2027-01-01,Active
1581,96007414,20311285,TOW BAR (STANDARD),TOWCS300S20SH1,LCS070,,False,False,True,,,2026-01-16,,,2027-01-16,Active
1582,96009345,20576306,TRI-ARC Step Ladder,UCS500730242,,,True,False,True,2026-04-27,,2026-01-01,2026-05-27,,2027-01-01,Active
1583,96011476,20329409,Laser monument long shaft,2301-020000,LCS001 ROBOT CAGE,,True,False,True,2026-04-29,,2026-01-01,2026-05-29,,2028-01-01,Active
1584,96007423,20441923,WING JACK,FEN122A21,,,False,False,False,,,,,,,Deactivated
1585,96009364,20279461,"LOCKING PIN, OWEED TOOL",S500-522110-SFIX01,LCS070,,False,False,True,,,2026-01-27,,,2027-01-27,Active
1586,96007791,20246004,FWD C-FTG CS300 CF3-2 LCS002,C01663222-002-SFIX03,LCS002,,False,False,True,,,,,,,Cannot Find
1587,96007971,20246124,MID FUSE DOLLY,C01370000-TRDY01,NORTH OUTER OF FAL,,False,False,True,,,2025-11-21,,,2026-11-21,Active
1588,96007832,20246104,EXTERNAL HANDLE ADAPTER (ESCAPE HATCH),C01204500-TFIX01,LCS003 CAGE,,False,False,True,,,2025-11-17,,,2026-11-17,Active
1589,96007209,20243213,DRILL TEMPLATE FOR STRINGER SPLICE FR61,C01303000-DJIG43,LCS001 LOWER,,False,False,True,,,2025-10-27,,,2026-10-27,Active
1591,96005298,20212187,SKYDROL OIL SERVICING - HAND PUMP FOR A2,,,,False,False,False,,,,,,,Deactivated
1592,96009338,20278616,EXTENSION HEADSET,BD500EXT-100-SFIX01,LCS903,,False,False,True,,,2025-12-17,,,2026-12-17,Active
1593,96009113,20271442,"VACUUM, UPRIGHT CORDLESS LITHIUM-ION KIT",DYSON,LCS010/020 INTERIORS CAGE,,False,False,False,,,,,,,Cannot Find
1594,96007798,20247016,FOD PROTECTION COVER,S500-210001-SFIX04,LCS002 CAGE,,False,False,True,,,2025-12-08,,,2026-12-08,Active
1595,96005483,20217435,"CART, 2PO AIR HOSE REEL",S500-120011-SFIX03,BLD 31,,False,False,True,2025-09-18,2025-08-13,2026-02-16,2025-10-18,2026-02-09,2027-02-16,Active
1596,96006623,20259386,"TEST SET, CTS-700 SELCAL",CTS-700,FLIGHTLINE,,False,False,True,,,2025-12-10,,,2026-12-10,Active
1598,96007673,20246326,TEMPORARY FLOOR DOLLY,,,,False,False,False,,,,,,,Deactivated
1599,96007377,20245775,ANTISTATIC DUCTING 20CM X 10 M L WITH CA,SAFD20/10-EX,GUAGING CANOPY,,False,False,False,,,,,,,Cannot Find
1600,96007813,20246653,4-STEP LADDER - BLUE,,,,False,False,False,,,,,,,Deactivated
1601,96007934,20246255,PRESSURIZATION BLANKING KIT,S500-213001-TFIX03,LCS030/040,,False,False,True,,,2025-11-14,,,2026-11-14,Active
1602,96011645,20350508,Protection floor cargo AFT,C04471000-SFIX02,LCS003,,False,False,True,,,2026-02-10,,,2027-02-10,Active
1603,96007588,20245525,AFT C SERIES CARGO ACCESS WITH SERVICE,C01550000-SCLD06,LCS030/040,,False,False,True,2025-09-29,,,2025-10-29,,2026-06-10,Active
1604,96005483,20328873,Hose reel 2 inches air,S500-120011-SFIX03,,,True,False,True,2026-03-01,,2026-01-01,,,2027-01-01,Active
1605,96007675,20246638,FWD CARGO BEAM SUPPORT,C01754200-SFIX01,US-LCS001-MEC,,False,False,True,,,2025-11-26,,,2026-11-26,Active
1606,96004613,20205181,"LIGHT, 4FT 30W 5K DIMMABLE SHOP",,,,False,False,False,,,,,,,Deactivated
1607,96007834,20246150,EOAM TRIGGER RIGGING,C01518150-TFIX06 #18,LCS003,,False,False,True,,,2025-11-17,,,2026-11-17,Active
1609,96011054,20313171,GABARIT DE PERCAGE,C02322600,LCS001,,False,False,False,,,,,,,Cannot Find
1610,96007791,20245847,FWD C-FTG CS300 CF3-2 LCS002,C01663222-002-SFIX03,LCS002,,False,False,True,2025-10-15,,,2025-11-14,,2026-10-15,Active
1611,96007796,20246188,A/C WOW JACKING SYST (set of 3),S500-100011-SFIX02,LCS010/020,,True,True,True,2026-03-08,2026-02-09,2025-08-06,2026-04-07,2026-08-08,2026-11-26,Active
1612,96007852,20246492,RUDDER/ELEVATOR LOAD PAD,S500-273011-TFIX02,LCS010/020 CAGE,,False,False,True,,,2026-03-18,,,2027-03-18,Active
1613,96007631,20246367,TEMPORARY FLOOR DOLLY,,,,False,False,False,,,,,,,Deactivated
1614,96002103,20207341,"CABINET, 60 GAL. FLAMMABLE",BLD. 7,,,False,False,True,2025-08-12,2025-08-12,2025-08-12,,,2026-08-26,Active
1615,96009199,20274403,EXTENSION ALTERNANCE DORANCY,S500-323111-TFIX01,LCS003 CAGE,,False,False,True,,,2025-12-10,,,2026-12-10,Active
1616,96004420,20275467,"KIT, SERVICE GAUGE, TIRE/STRUT, A220",,,,False,False,False,,,,,,,Deactivated
1617,96007515,20245810,MLG ACTUATOR HEAD LCS002,C01619001-HFIX03,LCS002,,False,False,True,2025-10-14,,,2025-11-13,,2026-10-14,Active
1618,96007773,20245672,LCS002 RH TENSION FITTINGS TF1-1 TO TF8-,C01603001-002-SFIX01,US-LCS002-MEC,,False,False,False,,,,,,,Cannot Find
1621,96007596,20245831,FWD SERVICE INTERIOR FINITION STAGING +,C02316000-SCLD02,LCS010/20,,False,False,True,2025-10-15,,2026-01-07,2025-11-14,,2027-01-07,Active
1622,96007398,20245434,FAN CONTROL BOX,99424A010000,LCS003 CAGE,,False,False,True,2025-10-16,,,2025-11-15,,2026-10-05,Active
1624,96007360,20299948,OXYGEN SERVICING CART (TRONAIR) (US PROC,20-4505-7000,903,,False,False,True,,,2026-01-13,,,2027-01-13,Active
1625,96007935,20245730,THIRD CREW PANEL BOX,S500-234011-TFIX01,LCS003 CAGE/RACK 2,,False,False,True,2025-10-06,,,2025-11-05,,2026-10-04,Active
1627,96007630,20246411,DOLLY FOR REAR FUSE CARGO TEMPORARY FLOO,C01340000-SFIX05,LCS001,,False,False,True,,,2026-03-23,,,2027-03-23,Active
1628,96001740,23010012,"STRIPPER, WIRE AUTOMATIC AWG 10-22, 6 1/4",STRIPPERS,LCS010/020 CAGE,,False,False,True,,,2026-02-20,,,2027-02-20,Active
1630,96011595,20330249,Staging Platform hybrid LCS903,C01000000-SCLD01,,,True,False,True,2026-04-27,,2026-01-01,2026-05-27,,2027-01-01,Active
1631,96007674,20246402,TEMPORARY FLOOR DOLLY,,,,False,False,False,,,,,,,Deactivated
1632,96006584,20226748,"BAR, LOADING 47"" TO 75""",47 to 75 LOAD BAR,LCS030/040 CAGE,,False,False,False,,,2025-09-05,,,2026-09-05,Cannot Find
1633,96004437,20209419,"LADDER, CAGE ADJ SAFETY TYPE 1AA 5-9FT",ADJ LADDER,LCS001,,False,False,True,2025-08-15,2025-08-15,2025-08-15,2025-09-14,2026-02-11,2026-08-15,Active
1634,96007189,20243193,DRILL TEMPLATE FOR STRINGER SPLICE FR61,C01303000-DJIG23,LCS001 TOP,,False,False,True,,,2025-10-27,,,2026-10-27,Active
1636,96007493,20335653,ZERO ENERGY (LOCK OUT TAG OUT),GT9910182-GTOO02,,,True,False,True,2026-04-07,,2026-02-09,2026-05-07,,2027-02-09,Active
1637,96007319,20243326,CUSTOM MINI STAND ZERO G4  ADU,101-5000-20/105840,ADU SHOP,,False,False,True,2025-09-30,,,2025-10-30,,2026-09-08,Active
1638,96009468,20282589,"BELT, BARRIER, RETRACTABLE STRIPPED YELLOW",60145T267,LCS002,,False,False,False,,,2026-01-16,,,2027-01-16,Active
1639,96007130,20243134,DRILL TEMPLATE FOR STRINGER SPLICE FR30,C01302000-DJIG44,LCS001 LOWER,,False,False,True,,,2025-10-21,,,2026-10-21,Active
1640,96007494,20246502,FWD PASSENGER DOOR SAFETY NET,GT9910587-GTOO02,LCS070,,False,False,True,,,2026-03-11,,,2027-03-11,Active
1641,96007670,20246505,MID CARGO CSE PANEL DOLLY,C01370000-SFIX09,LCS001,,False,False,True,,,2026-03-17,,,2027-03-17,Active
1642,96007381,20245423,ENGINE OIL SERVICING - HAND PUMP,06-5021-1800,BASEMENT,,False,False,True,,,2026-03-08,,,2028-03-07,Active
1643,95300025,20119869,D572-40003-000W8200-84A99,,,,False,False,False,,,,,,,Deactivated
1645,96004491,20204646,"TESTER, GENERAL ASSEMBLY BLEED LOOP",C500-362111-TFIX01,LCS003 CAGE,,False,False,True,2025-08-25,2025-08-20,2025-09-05,,,2026-09-05,Active
1646,96010590,20582330,Crane for loading slide,,,,True,False,True,2026-04-27,,2026-01-01,2026-05-27,,2027-01-01,Active
1647,96006414,20223038,"TEST SET, ULTRASONIC TS200",DUKANE TS-200,LCS030/040 CAGE,,False,False,True,2025-08-28,,2025-09-04,,,2026-09-04,Active
1648,96005311,20236857,"HEADSET, H10-30 AVIATION",2006690,LCS010/020 CAGE,,False,False,True,,,2025-10-20,,,2026-10-20,Active
1649,96006603,20297021,Air Data Test kit,,,,True,False,True,2026-04-06,,2026-01-01,2026-05-06,,2027-01-01,Active
1650,96007815,20246781,5-STEP LADDER NO HAND RAIL - BLUE,,,,False,False,False,,,,,,,Deactivated
1651,96007431,20246611,WHEEL CHOCK,,,,False,False,False,,,,,,,Deactivated
1652,96005345,20228642,"LIGHT, HEAVY DUTY 210 SERIES LED STRING",210 SERIES,LCS070,,False,False,False,,,,,,,Cannot Find
1653,95164389,20230301,"DISPENSER, SHOE COVER, BOOTIE BUTLER",SHOE COVER DISPENSER,,,False,False,False,2026-04-07,,2026-01-01,,,,Run to Failure
1654,96007213,20243217,DRILL TEMPLATE FOR STRINGER SPLICE FR61,C01303000-DJIG47,LCS001 TOP,,False,False,True,,,2025-10-30,,,2026-10-30,Active
1655,95166159,20009177,"WET/DRY VACUUM 2 HP 22 GAL., 120V #4TB85",4TB85,LCS070 CAGE,,False,False,False,,2025-08-26,2025-08-25,,,,Active
1656,96007861,20246028,FLAP TURN COUNTER,,,,False,False,False,,,,,,,Deactivated
1657,96007682,20246752,COCKPIT WORKING BENCH,,,,False,False,False,,,,,,,Deactivated
1658,96004966,20231303,"SCALE, 130LB DIGITAL LED PLATFORM BENCH",SW-60KM,LCS030/040,,False,False,True,2025-09-12,,2025-09-03,2025-10-12,,2026-09-03,Active
1659,96007867,20246472,FUEL FUNNEL AND SUCTION CUP,S500-280011-TFIX09,GUAGING CANOPY,,False,False,True,,,2026-03-16,,,2027-03-16,Active
1660,96007880,20246955,ANTI-TARGET,S500-326101-TFIX02,LCS003 CAGE,,False,False,False,,,,,,,Deactivated
1661,96007120,20243124,DRILL TEMPLATE FOR STRINGER SPLICE FR30,C01302000-DJIG34,LCS001 LOWER,,False,False,True,,,2025-10-20,,,2026-10-20,Active
1662,96009644,20293952,DRILL JIG RAD,C01364261-001-DJIG01,LCS001,,False,False,True,,,2026-01-12,,,2027-01-12,Active
1663,96011639,20350502,Staging Slide Installation,C00505340-SCLD01,LCS030/040,,False,False,True,,,2026-02-11,,,2027-02-11,Active
1664,96007502,20335650,Battery Installation Tool,C01368009-HFIX01,,,True,False,True,2026-04-27,,2026-01-01,2026-05-27,,2027-01-01,Active
1665,96006374,20314041,"TUG, MASTER MOVER MT800 ELECTRIC",MT800,LCS030/040,,False,False,True,,,2026-01-16,,,2027-01-16,Active
1666,96007928,20246454,OWEED DUMMY ACTUATOR,C500-522111-TFIX01,LCS002 CAGE,,False,False,True,,,2026-03-16,,,2027-03-16,Active
1667,96009468,20282594,"BELT, BARRIER, RETRACTABLE STRIPPED YELLOW",60145T267,LCS030/040,,False,False,False,,,2026-01-15,,,2027-01-15,Active
1668,96009363,20279445,WHITE PLATFORM STAIRCASE,C023800000-SCLD01,LCS010/020,,False,False,True,,,2026-01-27,,,2027-01-27,Active
1669,96007479,20245960,DRILL BUSHING KIT WING,GT9910876-GTOO02,LCS002 (LH WING BOX),,False,False,False,,,2025-08-20,,,,Active
1670,96010593,20340337,GOLF CART 01,YDREX5,"BUILDING 7, REAR",,False,False,True,2025-07-23,2025-07-23,2025-07-23,2025-08-22,2026-01-19,2026-07-23,Active
1671,96006582,20226373,"START PAC, 28.5V DC300 AMPS MAX",53300,LCS070 CAGE,,False,False,True,2025-08-26,,2025-09-05,,,2026-09-05,Active
1672,96007141,20243145,DRILL TEMPLATE FOR STRINGER SPLICE FR30,C01302000-DJIG55,LCS001 TOP,,False,False,True,,,2025-10-21,,,2026-10-21,Active
1673,96007338,20245233,LOCATING PLATES LCS002,PLAQUES-POSITIONNEURS-LCS,LCS002,,False,False,False,,,,,,,Cannot Find
1674,96007973,20246499,RH WING DOLLY,C016000000-002-TRDY01,NORTH OUTER OF FAL,,False,False,True,,,2026-03-18,,,2027-03-18,Active
1675,96004781,20208745,"PUMP, NOVATOR ORBITAL",,,,False,False,False,,,,,,,Deactivated
1676,96004415,20203668-01,"CAGE, PROTECTION, RAM AIR TURBINE",13-6622-0000,GUAGING CANOPY,,False,False,True,2025-09-22,2025-08-12,2025-08-12,2025-10-22,2026-02-08,2026-09-15,Active
1677,96007798,20247035,FOD PROTECTION COVER,S500-210001-SFIX04,LCS002 CAGE,,False,False,True,,,2025-12-12,,,2026-12-12,Active
1679,96007822,20246147,6-STEP LADDER - BLUE,ML-063221G,LCS002,,False,False,True,,,2025-11-17,,,2026-11-17,Active
1680,96006637,20242651,SPOILER INCLINOMETER,S500-276011-TFIX02,FLIGHTLINE,,False,False,True,2025-10-07,,,2025-11-06,,2026-09-07,Active
1681,96007892,20246198,WATER AIR PRESSURE TEST KIT,S500-380011-TFIX07,FLIGHTLINE,,False,False,True,,,2025-11-12,,,2026-11-12,Active
1682,96007342,20303606,Protection Service Door Handle,,,,True,False,True,2026-04-06,,2026-01-01,2026-05-06,,2027-01-01,Active
1683,96007803,20246697,7-STEP LADDER - GREY,ML-073221G,LCS003,,False,False,True,,,2025-11-25,,,2026-11-25,Active
1684,96006488,20225941,"HEADSET, CSB SERIES",CSB-990MAX KIT,LCS010/020 CAGE,,False,False,True,,,2025-10-20,,,2026-10-20,Active
1685,96006913,20240261,"TAILSTAND, 1TON W/ALARM",03A5846C0100,BAY 5,,False,False,True,2025-09-18,2025-08-05,2025-08-05,2025-10-18,2026-02-01,2025-11-09,Active
1686,96007211,20243215,DRILL TEMPLATE FOR STRINGER SPLICE FR61,C01303000-DJIG45,LCS001 LOWER,,False,False,True,,,2025-10-28,,,2026-10-28,Active
1687,96007465,20327603,SWIVEL TENSION FITTING DRILL JIG,GT9910461-GTOO01,US-LCS002-MEC,,True,False,True,2026-04-07,,2026-03-05,2026-05-07,,2027-03-05,Active
1688,96005253,20211719,"KIT, PERMASWAGE DLT40MAPSKT3000",DLT40MAPSKT3000,SURGE TEAM,,True,True,True,2026-03-23,2026-02-17,2025-09-05,2026-04-22,2026-08-16,2026-09-05,Active
1689,96007827,20246911,DUMMY SLIDE,C01518150-TFIX03,LCS010/020 CAGE,,False,False,True,,,2026-01-08,,,2027-01-08,Active
1690,96008848,20269398,ESD Continuous Monitor,19321,MULT,,False,False,True,,,2025-12-10,,,2026-12-10,Active
1691,96007824,20284456,PDOS HAND PUMP,S500-710001-TFIX01,LCS030/040,,False,False,True,,,2026-01-12,,,2027-01-12,Active
1692,96007449,20245450,WYE TYPE DUMP CONNECTOR,,,,False,False,False,,,,,,,Deactivated
1693,96007827,20246918,DUMMY SLIDE,C01518150-TFIX03,LCS070 CAGE,,False,False,False,2025-08-01,2025-08-01,2025-08-01,2025-08-31,2026-01-28,2026-08-01,Deactivated
1694,96005898,20219608,"CART, HE-2 HYDRAULIC POWER UNIT CART",HE2-28,LCS010/020,,True,True,True,2026-03-16,2026-02-19,2025-07-22,2026-04-15,2026-08-18,2026-06-06,Active
1695,96007403,20245437,"INFRA RED LAMP, QUARTZ TUBE, 1600WATTS",,,,False,False,False,,,,,,,Deactivated
1696,96007126,20243130,DRILL TEMPLATE FOR STRINGER SPLICE FR30,C01302000-DJIG40,LCS001 LOWER,,False,False,True,,,2025-10-23,,,2026-10-23,Active
1697,96007754,20245655,GOGO ANTENNA PRESSURE PLATE,C00814301-SFIX01,Basement,,False,False,False,2025-10-10,,,,,,Deactivated
1698,96008050,20248175,"LASER, DISTANCE METER INDOOR MEASURING",,,,False,False,False,,,,,,,Deactivated
1699,96011475,20329369,Laser monument short shaft,2301-010000,"LCS003 - LASER BOX LH ""C""",,False,False,True,,,2026-02-02,,,2028-02-02,Active
1700,96009368,20307081,"Electric DISPENSER, SHOE COVER, BOOTIE BUTLER",,,,True,False,True,2026-03-01,,2026-01-01,,,2027-01-01,Active
1701,96007498,20246826,FAL OVERWING SAFETY FENCE,GT9910591-GTOO01,LCS001 TOP,,False,False,False,,,2025-12-03,,,,Active
1702,96004613,20205208,"LIGHT, 4FT 30W 5K DIMMABLE SHOP",,,,False,False,False,,,,,,,Deactivated
1703,96007218,20243222,DRILL TEMPLATE FOR STRINGER SPLICE FR61,C01303000-DJIG52,LCS001 TOP,,False,False,True,,,2025-10-27,,,2026-10-27,Active
1704,96007603,20245538,MAIN STAGING PYLON A/FRNG LH,C01703000-001-SCLD01,LCS030/040,,False,False,True,2025-10-16,,2026-01-07,2025-11-15,,2027-01-07,Active
1706,96007798,20247030,FOD PROTECTION COVER,S500-210001-SFIX04,LCS002 CAGE,,False,False,True,,,2025-12-12,,,2026-12-12,Active
1707,96005898,20219607,"CART, HE-2 HYDRAULIC POWER UNIT CART",HE2-27,H31 BAY 21,,True,True,True,2026-03-04,2026-02-02,2025-08-05,2026-03-31,2026-08-28,2027-03-01,Active
1708,96007457,20246180,FR61 BEAM POSITIONER,GT9910652-GTOO01,LCS001 TOP,,False,False,True,,,2025-11-12,,,2026-11-12,Active
1709,96007623,20245554,MGV ENGINE LOADER,C01700001-SFIX01 PM1,LCS030/040,,True,True,True,2026-04-27,2026-02-05,2026-01-31,2026-05-27,2026-08-04,2027-01-31,Active
1710,96007880,20246967,ANTI-TARGET,S500-326101-TFIX02,LCS003 CAGE,,False,False,False,,,,,,,Cannot Find
1711,96007622,20246366,"PASSENGER STAIR, CLYDE",15F2820,BLAST FENCE,,False,False,True,,,2025-11-12,,,2026-11-12,Active
1712,96007691,20246403,CARGO MID FLOOR CS100&300,C01370000-SFIX02,MULT,,False,False,True,,,2026-03-08,,,2027-03-08,Active
1713,96007798,20247033,FOD PROTECTION COVER,S500-210001-SFIX04,LCS002 CAGE,,False,False,True,,,2025-12-10,,,2026-12-10,Active
1714,96010665,20582359,Multifonctions corner,,,,True,False,True,2026-03-01,,2026-01-01,,,2027-01-01,Active
1715,96007824,20284455,PDOS HAND PUMP,S500-710001-TFIX01,LCS030/040,,False,False,True,,,2026-01-16,,,2027-01-16,Active
1716,96007683,20246285,PILOT HEADSET SPLITTER EXTENSION,BD500-23001-SFIX02,FLIGHTLINE,,False,False,True,,,2025-11-11,,,2026-11-11,Active
1717,96007739,20246404,TEMP FWD FUSE FLOOR KIT,,,,False,False,False,,,,,,,Deactivated
1718,96007391,20246218,GROUND SPOILER PISTON ROD COLLAR   (US P,490640GSE1-1001,LCS003 CAGE,,False,False,False,,,,,,,Deactivated
1719,96007459,20245457,LASER TRACKER HOLDING FIXTURE,GT9910030-GTOO01,LCS001 TOP,,False,False,True,2025-09-30,,2026-03-30,2025-10-30,,2027-03-30,Active
1720,96007781,20245678,MLG BOLT ANTI-ROTATION DEVICE,C01637480-SFIX01,LCS002 CAGE/Rack 4,,False,False,True,2025-10-07,,,2025-11-06,,2026-06-05,Active
1721,96006606,20348978,RAT load shear bolt,S500-242301-TFIX01,,,True,False,True,2026-04-27,,2026-01-01,2026-05-27,,2027-01-01,Active
1722,96006613,20229944,"MONITOR, HYDRAULIC CONDITION",S500-290012-TFIX02,LCS030/040 CAGE,,False,False,False,2025-09-17,,2025-09-04,,,,Deactivated
1723,96007889,20245883,TOTALIZER,S500-380011-TFIX03,LCS030/040 CAGE,,False,False,False,,,2025-11-04,,,2026-11-04,Active
1724,96007880,20246937,ANTI-TARGET,S500-326101-TFIX02,LCS003 CAGE,,False,False,False,,,2026-01-20,,,2027-01-20,Active
1725,96005888,20219055,VACUUM BOX,S500-383001-TFIX02,LCS030/040 CAGE (Rack 7),,False,False,True,2025-08-28,,2025-09-03,2025-09-27,,2026-09-03,Active
1727,96009753,20572942,Airex Downdraft Booth,WDDT-6-1,,,True,False,True,2026-04-27,,2026-01-01,2026-05-27,,2027-01-01,Active
1728,96007281,20243285,LH MID CRUCIFORM DRILL JIG,C01603002-001-DJIG11,BASEMENT,,False,False,True,,,2026-02-27,,,2027-02-27,Active
1729,95166703,20206589,"HAND LAMP, 25"" LENGTH, LINKABLE",,,,False,False,False,,,,,,,Deactivated
1730,96004780,20208734,"PUMP, ACCULUBE FOR CLECO ADU",,,,False,False,False,,,,,,,Deactivated
1731,96011477,20329100,Fuel barrel with funnel,S500-280011-TFIX20,,,True,False,True,2026-04-27,,2026-01-01,2026-05-27,,2027-01-01,Active
1732,96006427,20223062,TEMPCAL PROBE,BH1278,LCS030/040 CAGE,,False,False,True,,,2025-09-03,,,2026-09-03,Active
1733,96006613,20407808,PHA Cabinet,S500-290012-TFIX02,,,True,False,True,2026-03-01,,2026-01-01,2026-01-21,,2027-01-01,Active
1734,96007953,20246164,POWER SUPPLY 28 VDC,S500-210006-TFIX01,LCS010/020 CAGE,,False,False,True,,,2025-11-17,,,2026-11-17,Active
1735,96011664,20350618,RAT INSTALL TOOL IN SERVICE,NEED TOOL ID?,LCS070,,False,False,True,,,2026-02-18,,,2027-02-18,Active
1736,96007882,20246294,TSS ANTENNA ATTENUATOR,S500-344311-TFIX02,LCS010/020 CAGE,,False,False,False,,,2025-11-10,,,,Deactivated
1737,96007828,20245701,INTERNAL HANDLE ADAPTER (OWEED),C01570000-TFIX04,LCS003 CAGE,,False,False,False,,,,,,,Cannot Find
1738,96007812,20246578,3-STEP LADDER - BLUE,,,,False,False,False,,,,,,,Deactivated
1739,96007436,20246131,"TELEX LH-302 DOUBLE SIDE, DYNAMIC, MIC A",LH-302-DM-A5M,LCS003,,False,False,False,,,,,,,Cannot Find
1740,96001961,20212100,"FAN, CIRCULATION, 24IN WITH GUARDS",AFB-243-VKM,LCS002,,False,False,True,2025-08-13,2025-08-13,2025-08-13,2025-09-12,2026-02-09,2026-08-13,Active
1741,96007932,20246160,MOORING BRACKET ADAPTER,S500-100011-TFIX11,MULT,,False,False,True,,,2025-11-21,,,2026-11-21,Active
1742,96007097,20243101,DRILL TEMPLATE FOR STRAP FR30,C01302000-DJIG11,LCS001 LOWER,,False,False,True,,,2025-10-21,,,2026-10-21,Active
1743,96007963,20246063,ENGINE ELECTRICAL INTERFACE TEST BOX,S500-710006-TFIX01,LCS010/020 CAGE,,False,False,True,,,2025-11-19,,,2026-11-19,Active
1744,96007323,20245217,DRAIN INSTALLATION PLATE,C04401961-SFIX01,LCS010/020 INTERIORS CAGE,,False,False,True,,,2026-03-03,,,2027-03-03,Active
1745,96007420,20245949,ALL-TERRAIN PALLET TRUCK,H-2722,LCS003,,False,False,True,,,2025-11-05,,,2026-11-05,Active
1746,96007460,20246093,ARINC 429 BUS TRANSCEIVER,GT9910140-GTOO01,LCS003 CAGE,,False,False,True,,,2025-11-17,,,2026-11-17,Active
1747,96009497,20289045,CARPET CART,AIC_FEC2201_V1,LCS001,,False,False,False,,,2026-01-16,,,2027-01-16,Active
1748,96007917,20245720,LP AIR ADAPTER,C500-210012-TFIX01,LCS002 CAGE,,False,False,True,2025-10-07,,2026-02-17,2025-11-06,,2027-02-17,Active
1749,96007798,20247008,FOD PROTECTION COVER,S500-210001-SFIX04,LCS003 CAGE,,False,False,True,,,2025-12-10,,,2026-12-10,Active
1750,96007814,20303558,5 Stairs  Ballymore,,,,True,False,True,2026-03-01,,2026-01-01,,,2027-01-01,Active
1752,96007461,20245458,FAIRING ZMEMBER TEMPLATE,GT9910324-GTOO01,LCS001 TOP,,False,False,False,,,,,,,Cannot Find
1753,96007477,20246139,CASE FOR FR61 PLIERS + CLECO,GT9910724-GTOO02,LCS001 TOP,,False,False,True,,,2025-11-19,,,2026-11-19,Active
1754,96007812,20246575,3-STEP LADDER - BLUE,,,,False,False,False,,,,,,,Deactivated
1755,96007798,20246997,FOD PROTECTION COVER,S500-210001-SFIX04,LCS003 CAGE,,False,False,False,,,,,,,Cannot Find
1756,96007790,20246003,FWD C-FTG CS300 CF3-1 LH,C01663222-001-SFIX03,LCS002,,False,False,False,,,,,,,Cannot Find
1757,96003841,20251447,"GAPMAN, REMOTE CONFIG., 1.5M CABLE SET",KCS128006,LCS002 CAGE,,False,False,True,,,2025-12-09,,,2026-12-09,Active
1758,96011475,20329372,Laser monument short shaft,2301-010000,,,True,False,True,2026-03-01,,2026-01-01,,,2027-01-01,Active
1759,96007900,20246417,INTERNAL HANDLE ADAPTER (ESCAPE HATCH),S500-520005-TFIX04,LCS003 CAGE,,False,False,True,,,2026-03-10,,,2027-03-10,Active
1760,96007630,20284441,DOLLY FOR REAR FUSE CARGO TEMPORARY FLOO,C01340000-SFIX05,LCS001,,False,False,True,,,2026-01-13,,,2027-01-13,Active
1761,96007452,20245452,SIDE STICK RIG PIN,490100GSE1,LCS10/20,,False,False,False,,,2026-04-06,,,,Deactivated
1762,96009343,20279728,MAINTENANCE JUMPER,S500-461111-TFIX99,LCS030/040,,False,False,True,,,2026-01-29,,,2027-01-29,Active
1763,96006554,20226131,"ADAPTOR, OXYGEN FILL TRONAIR PC1006",PC-1006,DELIVERY CENTER,,False,False,True,,,2025-09-05,,,2026-09-05,Active
1764,96007887,20245881,APU AIR ADAPTER,S500-360001-TFIX02,LCS003 CAGE,,False,False,True,,,2025-11-03,,,2026-11-03,Active
1766,95163658,20101129,TLD-GROUND POWER UNIT,,,,False,False,False,,,,,,,Deactivated
1767,96007560,20245511,MID FUSE SUPPORT (4 POSTS),C01370000-PUPJ08,LCS001,,False,False,True,2025-09-30,,2026-03-30,2025-10-30,,2027-03-30,Active
1768,96007678,20246507,TEMP REAR FUSE FLOOR KIT,,,,False,False,False,,,,,,,Deactivated
1769,96011430,20328670,FTIS COOLING FAN KIT,CG9471101-0001,FLIGHTLINE,,False,False,True,,,,,,,Cannot Find
1770,96009141,20272307,GFCI TESTER,,,,False,False,False,,,,,,,Deactivated
1771,96011475,20329384,Laser monument short shaft,2301-010000,LCS-002 - TOOLBOX,,False,False,True,,,2026-02-02,,,2028-02-02,Active
1772,96007793,20284451,APU TRANSPORTATION TOOL,C02181500-SFIX02,BLD 8 - TRANSHIPMENT,,False,False,True,,,2026-01-13,,,2028-01-13,Active
1774,96007568,20245516,TME-AFT ACCESS LADDER,C00100018-SCLD01,LCS001,,False,False,True,,,2025-11-05,,,2026-11-05,Active
1775,96007880,20246953,ANTI-TARGET,S500-326101-TFIX02,LCS010/020 TOOLBOX,,False,False,False,,,2026-01-19,,,2027-01-19,Active
1776,96009497,20289040,CARPET CART,AIC_FEC2201_V1,LCS001,,False,False,False,,,2026-01-16,,,2027-01-16,Active
1777,96007574,20246235,4-STEP LADDER WITHOUT SERVICE,C01300000-SCLD29,FLIGHTLINE,,False,False,True,,,2025-11-13,,,2026-11-13,Active
1778,96007879,20246666,UPLOCK CONSIGNATION,S500-321011-TFIX04,LCS010/020 CAGE Rack 8 Shelf B,,False,False,True,,,2025-11-26,,,2026-11-26,Active
1779,96007106,20243110,DRILL TEMPLATE FOR STRINGER SPLICE FR30,C01302000-DJIG20,LCS001 TOP,,False,False,True,,,2025-09-19,,,2026-09-19,Active
1780,96007421,20246429,NOSE JACK TRIPOD (US PROCURED),D01258KDIB01B0,LCS003,,True,True,True,2026-04-06,2026-02-13,2025-12-11,2026-05-06,2026-08-12,2026-12-11,Active
1781,96006637,20230141,SPOILER INCLINOMETER,S500-276011-TFIX02,LCS010/020 CAGE,,False,False,True,2025-09-08,,2025-09-03,2025-10-08,,2026-09-03,Active
1782,96004958,20214351,AIR GUN,,,,False,False,False,,,,,,,Deactivated
1783,96007876,20245710,HYDRAULIC PTU TFIX,S500-293006-TFIX03,LCS003 CAGE,,False,False,True,2025-10-07,,2026-02-06,2025-11-06,,2027-02-06,Active
1784,96006422,20223054,"TESTER, TEMCAL H394R",H394R-2,LCS030/040 CAGE,,False,False,True,2025-08-26,,2025-09-05,,,2026-09-05,Active
1785,96011342,20572955,AGSE Engine Trolley,,,,True,False,True,2026-04-27,,2026-01-01,2026-05-27,,2027-01-01,Active
1786,96007881,20246962,TARGET  MLG,S500-326101-TFIX03,LCS030/040 CAGE,,False,False,True,,,2026-01-19,,,2027-01-19,Active
1787,96007803,20246704,7-STEP LADDER - GREY,ML-073221G,LCS010/020,,False,False,True,,,2025-11-27,,,2026-11-27,Active
1788,96007674,20246412,TEMPORARY FLOOR DOLLY,,,,False,False,False,,,,,,,Deactivated
1789,96007868,20246740,PLASTIC FUEL CONTAINER 45 GALLONS,S500-280011-TFIX12,LCS070,,False,False,True,,,2025-11-28,,,2026-11-28,Active
1790,96007973,20246541,RH WING DOLLY,,,,False,False,False,,,,,,,Deactivated
1792,96011476,20329407,Laser monument long shaft,2301-020000,,,True,False,True,2026-04-27,,2026-01-01,2026-05-27,,2027-01-01,Active
1793,96007170,20243174,DRILL TEMPLATE FOR STRAP FR61,C01303000-DJIG04,LCS001 TOP,,False,False,True,,,2025-10-21,,,2026-10-21,Active
1794,96006609,20234797,"TESTER, HARNESS DISCHARGE",475612,LCS030/040 CAGE,,False,False,True,2025-09-08,,2025-09-15,2025-10-08,,2026-09-15,Active
1795,96007813,20246591,4-STEP LADDER - BLUE,SEP4-2436,LCS003,,False,False,True,,,2025-11-28,,,2026-11-28,Active
1796,96007204,20243208,DRILL TEMPLATE FOR STRINGER SPLICE FR61,C01303000-DJIG38,LCS001 LOWER,,False,False,True,,,2025-10-30,,,2026-10-30,Active
1797,96007511,20245806,INB'D FLAP INSTALLATION L/H AND R/H,C01606001-HFIX01,LCS003,,False,False,True,2025-10-17,,,2025-11-16,,2026-05-15,Active
1798,96007814,20246892,5-STEP LADDER - BLUE,,,,False,False,False,,,,,,,Deactivated
1799,96007442,20245447,RAT CAGE  (US PROCURED),,,,False,False,False,,,,,,,Deactivated
1800,96008328,20251285,"DETECTOR, PARTICLE / BP6NN021",IPD22322130,LCS030/040,,False,False,True,,,2025-12-12,,,2026-12-12,Active
1801,96007903,20245888,IDG FILL ADAPTOR,S670-241200-TFIX01,LCS030/040 CAGE,,False,False,True,,,,,,,Cannot Find
1802,96007972,20246498,LH WING DOLLY,C016000000-001-TRDY01,NORTH OUTER OF FAL,,False,False,False,,,,,,,Cannot Find
1803,96006603,20229313,"KIT, AIR DATA TEST SET ACCESSORIES",A220-JMQD-PS-A,LCS030/040 CAGE,,False,False,True,2025-08-26,,2025-09-03,,,2026-09-03,Active
1804,96009344,20279732,ERGONOMIC CHAIR,FLEX-3,ACS825,,False,False,True,,,2026-01-27,,,2027-01-27,Active
1805,96005229,20237011,"STOOL, LIGHTWEIGHT RUBBER COATED 2 STEP",RUBBER STEP STOOL,MULT,,False,False,True,,,2025-10-23,,,2026-10-23,Active
1806,96007627,20245558,WING BOX HFIX SUPPORT,,,,False,False,False,,,,,,,Deactivated
1807,96007739,20246414,TEMP FWD FUSE FLOOR KIT,,,,False,False,False,,,,,,,Deactivated
1809,96007383,20275937,SKYDROL OIL SERVICING AIR PUMP 55 GAL,,,,False,False,False,,,,,,,Deactivated
1810,96005875,20218903,VACUUM BOX,S500-470011-TFIX02,LCS003 CAGE,,False,False,True,2025-09-15,2025-08-14,2025-08-14,2025-10-15,2026-02-10,2026-09-13,Active
1811,96005345,20228645,"LIGHT, HEAVY DUTY 210 SERIES LED STRING",210 SERIES,LCS070,,False,False,False,,,,,,,Cannot Find
1812,96007873,20246378,MODIFIED FUEL ACCESS PANEL,S500-281001-TFIX05,LCS003 CAGE,,False,False,True,,,2025-11-11,,,2026-11-11,Active
1813,96007432,20245443,SLITTER FOR LARGE DIAMETER CABLES,,,,False,False,False,,,,,,,Deactivated
1814,96007610,20245991,FWD PAX INTERIOR FINITION STAGING + EXTE,C02315000-SCLD03,LCS010/020,,False,False,True,,,2025-11-20,,,2026-11-20,Active
1815,96004613,20205213,"LIGHT, 4FT 30W 5K DIMMABLE SHOP",,,,False,False,False,,,,,,,Deactivated
1817,96007518,20246503,NOSEWEIGHT CSERIES,C02310000-HFIX16,LCS010/020,,False,False,True,,,2026-03-11,,,2027-03-11,Active
1818,96007290,20243294,RH CTR TRIFORM,C01603003-002-DJIG31,BASEMENT,,False,False,True,,,2026-02-23,,,2027-02-23,Active
1819,96006605,20312511,Water & waste refill Kit,S500-380011-TFIX05,,,True,False,True,2026-03-01,,2026-01-01,2026-04-22,,2027-01-01,Active
1820,96007913,20246157,"EXTERNAL HANDLE ADAPTER (FPD, APD, FSD,",C01518150-TFIX01,LCS003 CAGE,,False,False,True,,,2025-11-17,,,2026-11-17,Active
1821,96011475,20329098,Laser monument short shaft,2301-010000,,,True,False,True,2026-03-01,,2026-01-01,,,2027-01-01,Active
1822,96005889,20219054,"PANEL, AIR REGULATING TE-0177 H2",TE-0177H2,LCS003 CAGE,,False,False,True,2025-09-02,2025-08-25,2025-08-28,2025-10-02,2026-02-21,2026-08-28,Active
1823,96007495,20407689,FWD SERVICE DOOR SAFETY NET,GT9910588-GTOO02,MULT,,False,False,True,,,2026-02-20,,,2027-02-20,Active
1824,96006801,20581927,"Cart, Potable Water 100 GAL.",19-4301-0000,H31,,True,False,True,2026-03-24,,,2026-04-23,,2027-05-01,Active
1825,96007834,20306600,EOAM TRIGGER RIGGING,C01518150-TFIX06,DOORS BOX,,False,False,False,,,2026-01-14,,,,Deactivated
1826,96007493,20335652,Zero Energy TFIX,GT9910182-GTOO02,,,True,False,True,2026-04-27,,2026-01-01,2026-05-27,,2027-01-01,Active
1827,96008846,20261080,"VACUUM BACKPACK, HEPA 2.5 GAL 120V",BP-125-0,LCS010/020 INTERIORS CAGE,,False,False,True,,,2025-12-08,,,2026-12-08,Active
1828,96008135,20248037,BIN PLACARD INSTALLATION JIG,,,,False,False,False,,,,,,,Deactivated
1829,96007475,20246352,HANDLE C/SINK,GT9910693-GTOO01,Basement,,False,False,True,,,2025-11-11,,,2026-11-11,Active
1830,96007691,20246433,CARGO MID FLOOR CS100&300,C01370000-SFIX02,MULT,,False,False,True,,,2026-03-11,,,2027-03-11,Active
1831,96007631,20246238,TEMPORARY FLOOR DOLLY,,,,False,False,False,,,,,,,Deactivated
1832,96007157,20243161,DRILL TEMPLATE FOR STRINGER SPLICE FR30,C01302000-DJIG71,LCS001 LOWER,,False,False,True,,,2025-10-20,,,2026-10-20,Active
1833,96007622,20327606,"PASSENGER STAIR, CLYDE",15F2820,320 GUAGING,,False,False,True,,,2026-01-27,,,2027-01-27,Active
1834,96006915,20240284,"HEADBAND, PELTOR LITECOM PRO III HEADSET",MT3H7F4D10NA-50,LCS010/020 CAGE,,False,False,True,,,2025-10-23,,,2026-10-23,Active
1835,96007443,20246133,JIG EXTENSION CABLE (10 FEET) (US PROCUR,26018498-401,LCS003,,False,False,True,,,2025-11-20,,,2026-11-20,Active
1836,96007092,20243096,DRILL TEMPLATE FOR STRAP FR30,C01302000-DJIG06,LCS001 LOWER,,False,False,True,,,2025-10-21,,,2026-10-21,Active
1837,96007824,20284457,PDOS HAND PUMP,S500-710001-TFIX01,LCS070,,False,False,True,,,2026-01-13,,,2027-01-13,Active
1839,96007954,20246057,AUDIO TEST CREW OXY MASK,,,,False,False,False,,,,,,,Deactivated
1840,96007116,20243120,DRILL TEMPLATE FOR STRINGER SPLICE FR30,C01302000-DJIG30,LCS001 TOP,,False,False,True,,,2025-10-21,,,2026-10-21,Active
1841,96007465,20327586,SWIVEL TENSION FITTING DRILL JIG,GT9910461-GTOO01,LSC002-R/H SIDE CASE,,False,False,False,2026-02-12,,,,,,Active
1842,96007798,20247006,FOD PROTECTION COVER,S500-210001-SFIX04,LCS010/020 CAGE,,False,False,True,,,2025-12-08,,,2026-12-08,Active
1843,96007232,20243236,DRILL TEMPLATE FOR STRINGER SPLICE FR61,C01303000-DJIG66,LCS001 TOP,,False,False,True,,,2026-02-26,,,2027-02-26,Active
1844,96007446,20246600,HEADSET STECOM 26-5007 (US PROCURED),CSB-990MAX KIT,LCS003,,False,False,True,,,,,,,Cannot Find
1845,96007437,20245795,WING ADAPTER ASSEMBLY,PRG265T1,LCS070,,False,False,False,,,,,,,Cannot Find
1846,96007421,20246409,NOSE JACK TRIPOD (US PROCURED),D01258K2D1B01B0,BLD. 17 BAY 5,,True,True,True,2026-03-02,2026-02-05,2025-12-10,2026-04-01,2026-08-04,2026-12-10,Active
1847,96007950,20246055,VALVE CONTROL BOX,C500-360011-TFIX05,LCS003 CAGE,,False,False,True,,,2025-11-17,,,2026-11-17,Active
1848,96007465,20327601,SWIVEL TENSION FITTING DRILL JIG,GT9910461-GTOO01,US-LCS002-MEC,,True,False,True,2026-04-07,,2026-03-03,2026-05-07,,2027-03-03,Active
1849,96009468,20282601,"BELT, BARRIER, RETRACTABLE STRIPPED YELLOW",60145T267,A220 TOOL SHOP,,False,False,False,,,2026-01-12,,,2027-01-12,Active
1850,96007484,20246480,STOW PIN FOR R.A.T. LCS002,,,,False,False,False,,,,,,,Deactivated
1851,96011595,20330248,Staging Platform hybrid LCS903,C01000000-SCLD01,H31,,True,False,True,2026-04-28,,,2026-05-28,,2027-05-01,Active
1852,96007879,20246678,UPLOCK CONSIGNATION,S500-321011-TFIX04,LCS010/020 CAGE,,False,False,True,,,2025-11-27,,,2026-11-27,Active
1853,96007814,20246888,5-STEP LADDER - BLUE,SEP5-2436-NH,LCS010/020,,False,False,True,,,2026-01-08,,,2027-01-08,Active
1854,95163226,20026980,TECHKIT/SEMKIT CARTRIDGE MIXER,TS6500,LCS002,,False,False,True,2025-09-15,2025-08-11,2025-08-11,2025-10-15,2026-02-07,2026-08-11,Active
1855,96007208,20243212,DRILL TEMPLATE FOR STRINGER SPLICE FR61,C01303000-DJIG42,LCS001 LOWER,,False,False,True,,,2025-10-28,,,2026-10-28,Active
1856,96009210,20275478,SEAT LOC JETBLUE,C04466335-LJIG01,LCS010/020 INT. CAGE,,False,False,True,,,2026-01-19,,,2027-01-19,Active
1857,96007693,20246187,FWD-MID-REAR TARGET LASER KIT,,,,False,False,False,,,,,,,Deactivated
1858,96006833,20247506,"CUTTER, CABLE PWC80A",PWC80A,FLIGHTLINE,,False,False,True,,,2025-12-12,,,2026-12-12,Active
1859,96004415,20203668-02,"CAGE, PROTECTION, RAM AIR TURBINE",13-6622-0000,GUAGING CANOPY,,True,False,True,2026-04-27,2025-08-28,2025-08-28,2026-05-27,2026-02-24,2026-08-28,Active
1860,96007875,20324562,HEAT EXCHANGER BLEEDING,S500-290012-TFIX05,LCS003 CAGE,,False,False,True,,,2026-01-30,,,2027-01-30,Active
1862,96007251,20243255,FLOOR FR30 RBL43.5 RBL23 LCS010,,,,False,False,False,,,,,,,Deactivated
1863,96007569,20245982,NOSE CONE FIX PLATFORM,C01200000-SCLD02,LCS030/040,,False,False,True,,,2025-11-03,,,2026-11-03,Active
1864,96007384,20245426,ENGINE OIL SERVICING AIR PUMP,,,,False,False,False,,,,,,,Deactivated
1865,96007574,20313558,4-STEP LADDER WITHOUT SERVICE,C01300000-SCLD29,FLIGHTLINE,,False,False,True,,,2026-01-15,,,2027-01-15,Active
1866,96007503,20245480,MID/FWD/REAR HFIX SUPPORT,C00100018-SFIX99,US-LCS001-MEC,,True,False,True,2026-04-27,,2026-03-23,2026-05-27,,2027-03-23,Active
1867,96009335,20278602,RESISTANCE DECADE KIT,S500-260011-SFIX01,LCS030/040 CAGE,,False,False,True,,,2025-12-15,,,2026-12-15,Active
1868,96006409,20223019,"INCLINOMETER, WIRELESS (S500-273011-TFIX05)",S500-273011-TFIX05,LCS010/020 CAGE,,False,False,True,2025-08-26,,2025-09-03,,,2026-09-03,Active
1869,96007991,20245748,INSULATION TESTER (BATTERY SHOP),,,,False,False,False,,,,,,,Deactivated
1870,96007380,20581925,SERVICE UNIT RESERVOIR (US PROCURED),06-5020-3600,,,True,False,True,2026-04-27,,2026-01-01,2026-05-27,2026-10-28,2027-01-01,Active
1872,96006966,20240774,BUSHING ID (A) - .4395 INCH,,,,False,False,False,,,,,,,Deactivated
1873,96007276,20243280,FWD CORNER FITTING,C01603001-001-DJIG40,BASEMENT,,False,False,True,,,2026-03-03,,,2027-03-03,Active
1874,96011796,20491007,Erosion tape hole opening tool,,,,False,False,False,2026-05-01,,2026-01-01,,,,Run to Failure
1875,96007881,20246974,TARGET  MLG,S500-326101-TFIX03,FLIGHTLINE,,False,False,True,,,2026-01-21,,,2027-01-21,Active
1876,96007156,20243160,DRILL TEMPLATE FOR STRINGER SPLICE FR30,C01302000-DJIG70,LCS001 LOWER,,False,False,True,,,2025-10-21,,,2026-10-21,Active
1877,96007497,20246269,FAL ASD SAFETY  FENCE,GT9910590-GTOO02,LCS010/020 CAGE,,False,False,False,,,2026-03-08,,,,Active
1878,96007796,20284434,A/C WOW JACKING SYST,S500-100011-SFIX02,LCS003,,True,True,True,2026-03-09,2026-03-23,2025-12-09,2026-04-08,2026-09-19,2026-12-09,Active
1879,96007480,20246140,BUSHING GUIDE -3  GB000697,GT996690-GTOO05-GB000697,US-LCS002,,False,False,True,,,,,,,Cannot Find
1880,96007258,20243262,FLOOR FR61 RBL43.5 LCS010,C01304262-DJIG06,US-LCS001-MEC,,False,False,True,,,2026-03-02,,,2027-03-02,Active
1881,96007826,20246009,AM/FM RECEIVER AND SAFETY KIT,S500-518011-TFIX01,FLIGHTLINE,,False,False,True,,,2025-11-18,,,2026-11-18,Active
1882,96007342,20245260,"PROTECTION, EMERGENC DR SLIDE LVR, A321",C05258250-SFIX01,LCS070,,False,False,True,,,2026-03-03,,,2027-03-03,Active
1883,96007740,20245648,PROTECTION JIG,C04400002-SFIX01,LCS010/020,,False,False,True,2025-07-22,2025-07-22,2025-07-22,2025-08-21,2026-01-18,2026-07-22,Active
1884,96005311,20212490,"HEADSET, H10-30 AVIATION",2006690,LCS003 CAGE,,False,False,True,2025-08-15,2025-08-15,2025-08-15,2025-09-14,2026-02-11,2026-08-15,Active
1885,96004432,20234214,"LADDER, CAGE ADJ SAFETY TYPE 1AA 3-5FT",SEP5-2436,LCS070,,False,False,False,,,2025-09-12,,,2026-09-12,Deactivated
1886,96008050,20248178,"LASER, DISTANCE METER INDOOR MEASURING",,,,False,False,False,,,,,,,Deactivated
1887,96007622,20246237,"PASSENGER STAIR, CLYDE",15F2820,LCS070,,False,False,True,,,2025-11-12,,,2026-11-12,Active
1888,96007235,20243239,DRILL TEMPLATE FOR STRINGER SPLICE FR61,C01303000-DJIG69,LCS001 LOWER,,False,False,True,,,2026-02-24,,,2027-02-24,Active
1889,96009211,20277005,MAINTENANCE PANEL PATCH HARNESS,S500-461111-TFIX66,LCS030/040 CAGE,,False,False,False,,,,,,,Deactivated
1890,96011342,20572956,AGSE Engine Trolley,,,,True,False,True,2026-04-28,,2026-01-01,2026-05-28,,2027-01-01,Active
1891,96007883,20246537,RADIO ALTIMETER DUMMY ANTENNA,S500-344411-TFIX01,LCS030/040 CAGE,,False,False,True,,,2026-03-20,,,2027-03-20,Active
1892,96007581,20246790,5-STEP WHITE LADDER,C01601001-SCLD01,LCS010/020,,False,False,True,,,2025-11-27,,,2026-11-27,Active
1893,95166702,20068404,"HAND LAMP, L39"", LED, HEAVY DUTY",,,,False,False,False,,,,,,,Deactivated
1894,96007379,20328075,SKYDROL OIL SERVICING - HAND PUMP,06-4035-3600,"BUILDING 17, C104",,False,False,False,,,,,,,Deactivated
1895,96007934,20303618,PRESS BLANKING KIT,S500-213001-TFIX03,H31,,True,False,True,2026-03-08,,,2026-04-07,,2027-01-23,Active
1896,96007805,20245691,9-STEP LADDER - BLUE,ML-093221G,LCS003,,False,False,True,,,2025-11-05,,,2026-11-05,Active
1897,96007164,20243168,DRILL TEMPLATE FOR STRINGER SPLICE FR30,C01302000-DJIG78,LCS001 LOWER,,False,False,True,,,2025-10-21,,,2026-10-21,Active
1898,96007476,20246138,CASE FOR FR30 PLIERS + CLECO,GT9910724-GTOO01,LCS001,,False,False,True,,,2025-11-18,,,2026-11-18,Active
1899,96007423,20281950,WING JACK TRIPOD (US PROCURED),D03034K2D1B01B0 PM1,LCS030/040,,True,True,True,2026-03-03,2026-02-06,2025-12-11,2026-04-02,2026-08-05,2026-12-11,Active
1900,96007118,20243122,DRILL TEMPLATE FOR STRINGER SPLICE FR30,C01302000-DJIG32,LCS001 TOP,,False,False,True,,,2025-10-21,,,2026-10-21,Active
1901,95164389,20230298,"DISPENSER, SHOE COVER, BOOTIE BUTLER",SHOE COVER DISPENSER,LCS010/020,,False,False,True,,,2025-09-03,,,2026-09-03,Active
1902,96007779,20246000,MLG CS100 #1 AND #2 SPINDLE SIDE BRACE P,C01619001-SFIX03,Basement,,False,False,False,,,2025-11-21,,,,Deactivated
1903,96007811,20319935,14 STEP LADDER,WA-144021G,GUAGING CANOPY,,False,False,True,,,2026-01-29,,,2027-01-29,Active
1904,96007451,20245797,BLANKING PLATE FOR PACK,ME6033-010,LCS003 CAGE,,False,False,True,2025-10-14,,,2025-11-13,,2026-10-15,Active
1905,96007136,20243140,DRILL TEMPLATE FOR STRINGER SPLICE FR30,C01302000-DJIG50,LCS001 TOP,,False,False,True,,,2025-10-21,,,2026-10-21,Active
1906,96007873,20246249,MODIFIED FUEL ACCESS PANEL,S500-281001-TFIX05,LCS003 CAGE,,False,False,True,,,2025-11-11,,,2026-11-11,Active
1907,96007476,20246094,CASE FOR FR30 PLIERS + CLECO,GT9910724-GTOO01,LCS001,,False,False,True,,,2025-11-19,,,2026-11-19,Active
1908,96007505,20245482,AFT FUSE LIFTING FIXTURE + WORK PLATFORM,C01200000-HFIX10,US-LCS001-MEC,,True,False,True,2026-04-27,,,2026-05-27,,2026-10-09,Active
1909,96007880,20246969,ANTI-TARGET,S500-326101-TFIX02,LCS003 CAGE,,False,False,False,2025-07-30,2025-07-30,2025-07-30,2025-08-29,2026-01-26,2026-07-30,Deactivated
1910,96007962,20246062,IMS PATCH HARNESS,,,,False,False,False,,,,,,,Deactivated
1911,96003731,20216245,CRIMPER SAFETY CABLE .032-7 IN,,,,False,False,False,,,,,,,Deactivated
1912,96005311,20236861,"HEADSET, H10-30 AVIATION",2006690,LCS010/020 CAGE,,False,False,False,,,,,,,Cannot Find
1913,96009336,20278605,SUPPORT CORNER FTG FWD WING JOINT L/H,C01663001-001-SFIX04,LCS003 CAGE,,False,False,True,,,2025-12-17,,,2026-12-17,Active
1914,96006798,20237744,"TEXT FIXTURE, AOA INSTALLATION SENSOR",0061CF,LCS003 CAGE,,False,False,True,2025-09-22,,2026-04-27,2025-10-22,,2027-04-27,Active
1915,96007831,20246512,HEADSET EXTENSION (30 FT),BA670-40001-SFIX02,LCS010/020 CAGE,,False,False,True,,,2026-03-19,,,2027-03-19,Active
1916,96007752,20246246,WING SLIDE CABLE BLOCK,S500-120011-SFIX02,LCS010/020 CAGE,,False,False,True,,,2025-11-11,,,2026-11-11,Active
1917,96004420,20279736,"KIT, SERVICE GAUGE, TIRE/STRUT, A220",14-6833-6030,TOOLSHOP,,False,False,False,,,,,,,Deactivated
1918,96007615,20245548,ADJUSTABLE AFT CARGO,C01340000-SCLD07,LCS010/020,,False,False,True,2025-09-29,,2026-04-27,2025-10-29,,2027-04-27,Active
1919,96011475,20329371,Laser monument short shaft,2301-010000,,,True,False,True,2026-03-01,,2026-01-01,,,2027-01-01,Active
1920,96007143,20243147,DRILL TEMPLATE FOR STRINGER SPLICE FR30,C01302000-DJIG57,LCS001 TOP,,False,False,True,,,2025-10-20,,,2026-10-20,Active
1921,96007465,20327593,SWIVEL TENSION FITTING DRILL JIG,GT9910461-GTOO01,US-LCS002-MEC,,True,False,True,2026-04-08,,2026-03-05,2026-05-08,,2027-03-05,Active
1922,96007709,20245619,SMALL ADJ WRENCH HOLDER,C01637528-SFIX20,LCS002 CAGE,,False,False,True,,,2025-11-06,,,2026-11-06,Active
1923,96007471,20245466,B0307060 BEARING TOOL,GT9910615-GTOO01,Basement,,False,False,True,,,2026-03-23,,,2027-03-23,Active
1924,96009342,20279722,PYLON ALIGN R7-R8 TOOL,C01700270-LJIG01,LCS030/040 CAGE,,False,False,True,,,2026-01-27,,,2027-01-27,Active
1925,96007246,20243250,DRILL TEMPLATE FOR STRINGER SPLICE FR61,C01303000-DJIG80,LCS001 LOWER,,False,False,True,,,2026-02-25,,,2027-02-25,Active
1926,96005221,20211301,"TESTER, MIT410 INSULATION",MIT 410/2,ELT SHOP,,False,False,True,2025-09-22,,2025-09-04,2025-10-22,,2026-09-22,Active
1927,96007972,20246519,LH WING DOLLY,,,,False,False,False,,,,,,,Deactivated
1928,96007075,20245032,"CART, NITROGEN-LAV A LEAK & OBST TFIX",C500-351011-TFIX01,LCS070 CAGE,,False,False,True,2025-09-30,,,2025-10-30,,2026-05-15,Active
1929,96004780,20208736,"PUMP, ACCULUBE FOR CLECO ADU",,,,False,False,False,,,,,,,Deactivated
1930,96004613,20205174,"LIGHT, 4FT 30W 5K DIMMABLE SHOP",,,,False,False,False,,,,,,,Deactivated
1931,96007498,20246800,FAL OVERWING SAFETY FENCE,GT9910591-GTOO01,LCS030/040 CAGE,,False,False,False,,,2025-11-27,,,,Active
1932,96007271,20243275,RH AFT TRIFORM,C01603003-002-DJIG32,BASEMENT,,False,False,True,,,2026-02-26,,,2027-02-26,Active
1933,96007622,20246280,"PASSENGER STAIR, CLYDE",15F2820,LCS070,,False,False,True,,,2025-11-14,,,2026-11-14,Active
1934,96005310,20235524,"BAROMETER, HIGH ACCURACY DIGITAL",HHP360-B,LCS003 CAGE/Rack 2,,False,False,True,2025-10-06,,,2025-11-05,,2026-10-05,Active
1935,96007745,20245653,PROTECTION JIG,C04400003-SFIX01,LCS010/020 INTERIORS CAGE,,False,False,False,,,,,,,Cannot Find
1937,96011655,20350603,XLBIN OWEED LOCATING JIG  LHS,C04400552-001-LJIG02,LCS010,,False,False,True,,,2026-02-13,,,2027-02-13,Active
1938,96007814,20319925,5-STEP LADDER - BLUE,WA053214GSU,GUAGING CANOPY,,False,False,True,,,2026-01-15,,,2027-01-15,Active
1939,96007978,20246125,MAINTENANCE PANEL TFIX,S500-461111-TFIX02,LCS010/020,,False,False,True,,,2025-11-17,,,2026-11-17,Active
1940,96007676,20246443,FWD CARGO FLOOR DOLLY,C02310000-SFIX11,LCS001,,False,False,True,,,2026-03-08,,,2027-03-08,Active
1941,96005898,20219606,"CART, HE-2 HYDRAULIC POWER UNIT CART",HE2-26,LCS003,,True,True,True,2026-03-03,2026-02-04,2025-12-10,2026-04-02,2026-08-03,2026-12-10,Active
1942,96007722,20245632,FRONT SPAR LOWER CAP,C01685002-001-SFIX10,LCS002,,False,False,True,2025-10-10,,2026-02-16,2025-11-09,,2027-02-16,Active
1943,96005693,20218911,"HEAT GUN, 230V, 460 W HOT JET",,,,False,False,False,,,,,,,Deactivated
1945,96007109,20243113,DRILL TEMPLATE FOR STRINGER SPLICE FR30,C01302000-DJIG23,LCS001 TOP,,False,False,True,,,2025-09-22,,,2026-09-22,Active
1946,96007234,20243238,DRILL TEMPLATE FOR STRINGER SPLICE FR61,C01303000-DJIG68,LCS001 LOWER,,False,False,True,,,2026-02-23,,,2027-02-23,Active
1947,96007390,20246840,MFS PISTON ROD COLLAR  (US PROCURED),490500GSE1-1001,LCS003,,False,False,True,,,2025-12-03,,,2026-12-03,Active
1948,96007882,20246251,TSS ANTENNA ATTENUATOR,S500-344311-TFIX02,LCS030/040 CAGE,,False,False,True,,,2025-11-14,,,2026-11-14,Active
1949,96007834,20306598,EOAM TRIGGER RIGGING,C01518150-TFIX06,DOORS BOX,,False,False,False,,,2026-01-12,,,,Deactivated
1950,96007123,20243127,DRILL TEMPLATE FOR STRINGER SPLICE FR30,C01302000-DJIG37,LCS001 LOWER,,False,False,True,,,2025-10-21,,,2026-10-21,Active
1951,96005229,20212400,"STOOL, LIGHTWEIGHT RUBBER COATED 2 STEP",RUBBER STEP STOOL,MULT,,False,False,True,2025-08-18,2025-08-18,2025-12-02,,,2026-12-02,Active
1952,96007436,20246087,"TELEX LH-302 DOUBLE SIDE, DYNAMIC, MIC A",LH-302-DM-A5M,LCS003,,False,False,False,,,,,,,Cannot Find
1953,96004613,20205234,"LIGHT, 4FT 30W 5K DIMMABLE SHOP",,,,False,False,False,,,,,,,Deactivated
1954,96007941,20245895,GO NO-GO GAUGES,S500-275201-TFIX01,LCS010/020 CAGE,,False,False,True,,,2025-11-03,,,2026-11-03,Active
1955,96011492,20329355,KIT TARGET LASER,C01370000-SFIX40,LCS001 TOP,,False,False,True,,,2026-02-03,,,2027-02-03,Active
1956,96007465,20327585,SWIVEL TENSION FITTING DRILL JIG,GT9910461-GTOO01,US-LCS002-MEC,,True,False,True,2026-03-30,,2026-02-26,2026-04-29,,2027-02-26,Active
1957,96007570,20246441,4-STEP NO-HANDRAIL WHITE LADDER,C01300000-SCLD20,LCS030/040,,False,False,True,,,2026-03-08,,,2027-03-08,Active
1958,96007803,20246753,7-STEP LADDER - GREY,ML-073221G,LCS070,,False,False,True,,,2025-11-26,,,2026-11-26,Active
1959,96007934,20246341,PRESSURIZATION BLANKING KIT,S500-213001-TFIX03,LCS010/020 CAGE,,False,False,True,,,2025-11-11,,,2026-11-11,Active
1960,96007892,20246110,WATER AIR PRESSURE TEST KIT,S500-380011-TFIX07,LCS030/040 CAGE,,False,False,True,,,2025-11-17,,,2026-11-17,Active
1961,96005311,20250591,"HEADSET, H10-30 AVIATION",2006690,LCS010/020 CAGE,,False,False,True,,,2025-12-09,,,2026-12-09,Active
1962,96007881,20246942,TARGET  MLG,S500-326101-TFIX03,LCS003 CAGE,,False,False,True,,,2026-01-19,,,2027-01-19,Active
1963,96011495,20329358,MLG Para SV Adaptor,S500-321011-TFIX07,LCS020,,False,False,True,,,2026-02-06,,,2027-02-06,Active
1965,96007806,20246664,10-STEP LADDER - BLUE,ML-103221G,LCS010/020,,False,False,True,,,2025-11-24,,,2026-11-24,Active
1966,96007545,20246230,RH OWEED BINS LOCATING JIG,C04422007-LJIG06,LCS010/020 INTERIORS CAGE,,False,False,True,,,2025-11-10,,,2026-11-10,Active
1967,96007446,20246648,HEADSET STECOM 26-5007 (US PROCURED),CSB-990MAX KIT,LCS003,,False,False,True,,,,,,,Cannot Find
1968,96007323,20245218,DRAIN INSTALLATION PLATE,C04401961-SFIX01,LCS010/020 INTERIORS CAGE,,False,False,True,,,2026-03-04,,,2027-03-04,Active
1969,96007431,20246647,WHEEL CHOCK,,,,False,False,False,,,,,,,Deactivated
1970,96008422,20263219,ESD Cabinet,? TENNSCO CABINET?,LCS070,,False,False,True,,,2025-12-09,,,2026-12-09,Active
1971,96007966,20246165,ENGINE ELECT. TEST BOX,S500-710006-TFIX04,LCS010/020 CAGE,,False,False,True,,,2025-11-17,,,2026-11-17,Active
1973,96007563,20246277,OWEED HANDLE LOCK PIN,,,,False,False,False,,,,,,,Deactivated
1975,96007341,20245246,AFT & FWDPAX DOOR HANDLE PROTECTION,C05158150-SFIX01,LCS070,,False,False,True,,,2026-03-05,,,2027-03-05,Active
1976,96011642,20350504,Protection floor cargo OFF position,C04471000-SFIX03,,,True,False,True,2026-03-01,,2026-01-01,,,2027-01-01,Active
1977,96007690,20246487,MID FUSE TEMP FLOOR KIT,,,,False,False,False,,,,,,,Deactivated
1978,96007902,20245714,ENGINE SUPPORT,S500-710011-TFIX01,LCS030/040 CAGE,,False,False,True,2025-10-08,,,2025-11-07,,2026-07-10,Active
1979,96005464,20214213,"ADAPTOR, C-SERIES APU LIFT",C01368058-HFIX02,LCS001,,False,False,True,2025-09-22,2025-08-13,2025-08-13,2025-10-22,2026-02-09,2026-06-15,Active
1980,96004432,20234207,"LADDER, CAGE ADJ SAFETY TYPE 1AA 3-5FT",SEP5-2436,LCS001,,False,False,True,,,2025-09-03,,,2026-09-03,Active
1982,96007856,20330133,PROLINE 3600 POWER CONNECTOR,S500-275011-TFIX03,LCS030/040 CAGE,,False,False,True,,,2026-02-11,,,2027-02-11,Active
1983,96007611,20245544,ADJUSTABLE FWD CARGO,C01340000-SCLD06,LCS003,,False,False,True,2025-10-14,,2026-03-30,2025-11-13,,2027-03-30,Active
1984,95164389,20230300,"DISPENSER, SHOE COVER, BOOTIE BUTLER",SHOE COVER DISPENSER,,,False,False,False,2026-04-06,,2026-01-01,,,,Run to Failure
1985,96007497,20246355,FAL ASD SAFETY  FENCE,GT9910590-GTOO02,LCS070 CAGE,,False,False,False,,,,,,,Deactivated
1986,96003285,20185785,,,,,False,False,False,,,,,,,Deactivated
1987,96007793,20245685,APU TRANSPORTATION TOOL,C02181500-SFIX02,LCS030/040,,False,False,True,2025-10-09,,2026-03-08,2025-11-08,,2027-03-08,Active
1988,96007498,20246814,FAL OVERWING SAFETY FENCE,GT9910591-GTOO01,LCS030/040 CAGE,,False,False,False,,,2025-12-01,,,,Active
1989,96007841,20245857,BIRD WATTMETER KIT (extender breakout box),S500-231111-TFIX02,LCS003 CAGE,,False,False,True,2025-10-14,,2027-03-30,2025-11-13,,2028-03-29,Active
1990,96005898,20219609,"CART, HE-2 HYDRAULIC POWER UNIT CART",,,,False,False,False,,,,,,,Deactivated
1991,96007735,20245645,HSTA I/R OUTB NUT TOOL,C02040910-SFIX04,LCS002,,False,False,True,2025-10-10,,2026-03-23,2025-11-09,,2027-03-23,Active
1992,96007813,20246629,4-STEP LADDER - BLUE,SEP4-2436,LCS030/040,,False,False,True,,,2025-11-25,,,2026-11-25,Active
1993,96007681,20246716,COCKPIT SEAT TRACK COVER,1430-03DZG-SFIX00,LCS003 (FWD PLATFORM),,False,False,True,,,2025-11-28,,,2026-11-28,Active
1994,96007421,20303574,NOSE JACK TRIPOD (US PROCURED),FEN122A21,GAUGING,,True,True,True,2026-03-16,2026-02-16,2025-12-08,2026-04-15,2026-09-01,2027-03-05,Active
1995,96007682,20246703,COCKPIT WORKING BENCH,,,,False,False,False,,,,,,,Deactivated
1996,96009201,20274405,"CRIMPER DYE, HYP8/10 COPALUM SEALED 2/0A",68011-1,LCS001,,False,False,False,,,,,,,Cannot Find
1997,96007841,20246014,BIRD WATTMETER KIT (extender breakout box),S500-231111-TFIX02,LCS010/020 CAGE,,False,False,True,,,2025-11-17,,,2026-11-17,Active
1998,96007880,20246965,ANTI-TARGET,S500-326101-TFIX02,LCS003 CAGE,,False,False,False,,,,,,,Cannot Find
1999,96007982,20324565,Headset Dual to single plug,,BLD. 31,,True,False,True,2026-03-01,,2026-01-01,2027-01-31,,2028-01-01,Active
2000,96006582,20226374,"START PAC, 28.5V DC300 AMPS MAX",53300,LCS010/020 CAGE,,False,False,True,2025-09-22,,2025-09-03,2025-10-22,,2026-10-15,Active
2001,96004613,20205244,"LIGHT, 4FT 30W 5K DIMMABLE SHOP",,,,False,False,False,,,,,,,Deactivated
2002,96007880,20246963,ANTI-TARGET,S500-326101-TFIX02,LCS003 CAGE,,False,False,False,,,,,,,Cannot Find
2003,96007414,20245788,TOW BAR (STANDARD),TOWCS300S20SH1,FRONT OF TRANS,,False,False,True,2025-10-16,,,2025-11-15,,2026-07-09,Active
2004,96007494,20291588,FWD PASSENGER DOOR SAFETY NET,GT9910587-GTOO02,LCS001,,False,False,True,,,2026-01-16,,,2027-01-16,Active
2005,96007979,20246170,MAINTENANCE PANEL HARNESS (FEMALE),S500-461111-TFIX03,LCS010/020 CAGE,,False,False,True,,,2026-03-08,,,2027-03-08,Active
2006,96007519,20246571,JACK BALL NOSE LANDING GEAR,C02310000-HFIX18,MULT,,False,False,False,,,,,,,Cannot Find
2007,96007753,20246510,MLG DETAIL 79 SUPPORT,C00100018-SFIX02,LCS002,,False,False,True,,,2026-03-10,,,2027-03-10,Active
2008,96007911,20246200,SUPER AIR AMPLIFIER,TE-0804,LCS070 CAGE,,False,False,True,,,2025-11-14,,,2026-11-14,Active
2009,96007522,20245492,COCKPIT AND REAR BARREL LIFTING DEVICE,C00100018-HFIX01,LCS001,,False,False,True,2025-10-14,,,2025-11-13,,2026-09-15,Active
2010,96008133,20248035,"LOWER SKIN IML PROFILE RECLAIMER, RH",C01603003-001-SFIX33,LCS002,,False,False,True,,,2025-12-11,,,2026-12-11,Active
2011,96007692,20246551,CARGO MID FLOOR CS100&300,C01370000-SFIX03,MULT,,False,False,False,2026-01-23,2025-08-01,2025-08-01,,,,Cannot Find
2012,96099002,HYD-UNIT-002,HYDRAULIC POWER UNIT - LCS002,HYD-PWR-002,LCS002,,False,False,False,,,,,,,Active
2013,96007495,20246310,FWD SERVICE DOOR SAFETY NET,GT9910588-GTOO02,MULT,,False,False,True,,,2025-11-14,,,2026-11-14,Active
2015,96007416,20246408,TAILSTAND (US PROCURED),03A5846C0100,LCS010/020,,False,False,True,2025-07-22,2025-07-22,2025-07-22,2025-08-21,2026-01-18,2026-07-22,Active
2016,96007623,20319224,MGV ENGINE LOADER,C01700001-SFIX01 PM1,LCS030/040,,True,True,True,2026-04-28,2026-02-16,2025-07-24,2026-05-28,2026-08-15,2026-04-05,Active
2017,96002103,20207342,"CABINET, 60 GAL FLAMMABLE",896000,LCS030/040,,False,False,True,,,2025-10-21,,,2026-10-21,Active
2018,96007613,20245546,STG AFT FUSE ACCESS LADDER 2,C01300000-SCLD14,LCS003,,False,False,True,2025-10-07,,,2025-11-06,,2026-06-05,Active
2019,96007928,20246475,OWEED DUMMY ACTUATOR,C500-522111-TFIX01,LCS001,,False,False,True,,,2026-03-17,,,2027-03-17,Active
2020,96007981,20246657,DUMMY BATTERY,S500-247012-TFIX00,LCS010/020 CAGE,,True,False,True,2026-03-23,,2026-01-05,2026-04-22,,2027-01-05,Active
2021,96007121,20243125,DRILL TEMPLATE FOR STRINGER SPLICE FR30,C01302000-DJIG35,LCS001 LOWER,,False,False,True,,,2025-10-21,,,2026-10-21,Active
2022,96008025,20245925,Vacuum Pump,,,,True,False,True,2026-03-01,,2026-01-01,,,2027-01-01,Active
2023,96007556,20245976,SHIM TOOLING FIXTURE,C00601010-MFIX01,CNC#1,,True,True,True,2026-03-08,2025-12-08,,2026-04-07,2026-06-06,2026-10-05,Active
2024,96009370,20279846,KIT ENGINE BOOSTRAP,CG9000042-0009,"BUILDING 17, P&W ROOM",,False,False,True,,,2026-01-30,,,2027-01-30,Active
2025,96007747,20246287,SMALL TEFLON SQUARE,C04400201-SFIX01,LCS010/020 INTERIORS CAGE,,False,False,True,,,2025-11-10,,,2026-11-10,Active
2026,96007798,20246996,FOD PROTECTION COVER,S500-210001-SFIX04,LCS003 CAGE,,False,False,True,,,2025-12-08,,,2026-12-08,Active
2028,96007423,20582327,Wing Jacks,,,,False,False,False,2026-03-01,,2026-01-01,,,,Deactivated
2029,96007318,20243322,RH CUFF FAIRING (WTBF) DRILLING TOOL,C02381620-002-DJIG01,LCS010/020 CAGE,,False,False,True,,,2026-03-03,,,2027-03-03,Active
2030,96007814,20246876,5-STEP LADDER - BLUE,SEP5-2436-NH,LCS003,,False,False,True,,,2025-12-02,,,2026-12-02,Active
2031,96011475,20329390,Laser monument short shaft,2301-010000,,,True,False,True,2026-03-01,,2026-01-01,,,2027-01-01,Active
2032,96007486,20245471,VSTAB TEFLON PIN,KCS125002,LCS002 CAGE,,False,False,True,,,2025-11-03,,,2026-11-03,Active
2033,96011060,20313177,FLOOR PANEL DRILL JIG,C01392700,LCS001,,False,False,True,,,2026-02-27,,,2027-02-27,Active
2034,96007831,20246449,HEADSET EXTENSION (30 FT),BA670-40001-SFIX02,FLIGHTLINE TOOLROOM,,False,False,False,,,,,,,Cannot Find
2036,96007332,20245227,FWD BIN TUBES ADJUSTMENT JIG,C04400501-LJIG02,LCS010/020 CAGE/Rack 1 Shelf C,,False,False,True,2025-10-14,,,2025-11-13,,2026-06-15,Active
2037,96007342,20245259,"PROTECTION, EMERGENC DR SLIDE LVR, A321",C05258250-SFIX01,LCS003,,False,False,True,,,2026-03-02,,,2027-03-02,Active
2038,96007995,20245752,BMP BOX (BATTERY SHOP),CT21708-4,LCS003,,False,False,False,,,,,,,Deactivated
2039,96008422,20263220,ESD Cabinet,? TENNSCO CABINET?,LCS030/040,,False,False,True,,,2025-12-10,,,2026-12-10,Active
2041,96006680,20231859,TRONAIR DIESEL GPU,11-4290-0000 (Reference),LCS070,,True,True,True,2026-03-08,2026-02-03,2025-08-05,2026-04-07,2026-08-02,2026-08-05,Active
2042,96007930,20246679,ENG WEIGHT PYLON INTERFACE,S500-100011-TFIX03,LCS030/040,,False,False,True,,,2025-11-28,,,2026-11-28,Active
2043,96007622,20327595,"PASSENGER STAIR, CLYDE",15F2820,320 GUAGING,,False,False,True,,,2026-01-31,,,2027-01-31,Active
2044,96007822,20246191,6-STEP LADDER - BLUE,ML-063221G,LCS002,,False,False,True,,,2025-11-14,,,2026-11-14,Active
2045,96007621,20245992,TOWABLE PASSENGER STAIRS,‘TRISTAIRS’ LOW RANGE LR,FLIGHTLINE,,False,False,True,2025-08-15,2025-08-15,2025-08-15,2025-09-14,2026-02-11,2026-08-15,Active
2046,96007423,20582328,Wing Jacks,,,,True,False,True,2026-04-09,,2026-01-01,2026-05-09,,2027-01-01,Active
2047,96007446,20246612,HEADSET STECOM 26-5007 (US PROCURED),CSB-990MAX KIT,LCS003,,False,False,True,,,,,,,Cannot Find
2048,96007911,20582322,Super Air Amplifier,,,,True,False,True,2026-03-01,,2026-01-01,,,2027-01-01,Active
2049,96007860,20276994,FLAP OVERLAP CALIPER,S500-275201-TFIX11,LCS003 CAGE,,False,False,True,,,2026-01-21,,,2027-01-21,Active
2050,96007495,20582334,Safety nets kit APD FAL,GT9910589-GT0002,BLD. 31,,True,False,True,2026-04-07,,2026-01-01,2026-05-07,,2028-01-01,Active
2051,96007874,20245877,FUEL SYSTEM PIPING CAPS,S500-282001-TFIX01,LCS003 CAGE,,False,False,True,,,2025-11-04,,,2026-11-04,Active
2052,96007683,20246242,PILOT HEADSET SPLITTER EXTENSION,BD500-23001-SFIX02,FLIGHTLINE,,False,False,True,,,,,,,Cannot Find
2053,96010722,20312925,RAT HPU,18H0000484,GUAGING CANOPY,,True,True,True,2026-03-02,2026-01-30,2025-07-24,2026-04-01,2026-07-29,2026-07-07,Active
2054,96007859,20282603,FLAP RIG PIN KIT,S500-275201-TFIX08,AIT SHOP,,False,False,True,,,2026-01-13,,,2027-01-13,Active
2055,96006637,20230138,SPOILER INCLINOMETER,S500-276011-TFIX02,LCS010/020 CAGE,,False,False,True,2025-09-08,,2025-09-04,2025-10-08,,2026-09-04,Active
2056,96007205,20243209,DRILL TEMPLATE FOR STRINGER SPLICE FR61,C01303000-DJIG39,LCS001 LOWER,,False,False,True,,,2025-10-27,,,2026-10-27,Active
2057,96007501,20245479,WING LIFTER ELECTRO-IMPACT,C01601001-HFIX04 PM1,LCS001,,True,True,True,2026-04-27,2026-02-04,2025-07-29,2026-05-27,2026-08-03,2026-07-29,Active
2058,96007982,20246458,HEADSET DUAL TO SINGLE PLUG ADAPTOR,S670-234001-TFIX01,FLIGHTLINE,,False,False,False,,,,,,,Deactivated
2059,96007238,20243242,DRILL TEMPLATE FOR STRINGER SPLICE FR61,C01303000-DJIG72,LCS001 LOWER,,False,False,True,,,2026-02-27,,,2027-02-27,Active
2060,96007498,20246820,FAL OVERWING SAFETY FENCE,GT9910591-GTOO01,LCS002 TOP,,False,False,False,,,2025-12-02,,,,Active
2061,96011288,20321740,"TRUCK, HAND DOLLY SINGLE CYLINDER","Hand Dolly, Truck",LOGISTICS COORIDOR,,False,False,True,,,2026-01-31,,,2027-01-31,Active
2062,96007827,20246922,DUMMY SLIDE,C01518150-TFIX03,LCS030/040 CAGE,,False,False,True,,,2026-01-09,,,2027-01-09,Active
2063,96007881,20246964,TARGET  MLG,S500-326101-TFIX03,LCS030/040 CAGE,,False,False,True,,,2026-01-20,,,2027-01-20,Active
2064,96007879,20246592,UPLOCK CONSIGNATION,S500-321011-TFIX04,LCS010/020 CAGE,,False,False,True,,,2025-11-24,,,2026-11-24,Active
2065,96007963,20245906,ENGINE ELECTRICAL INTERFACE TEST BOX,S500-710006-TFIX01,LCS003 CAGE,,False,False,True,,,2025-11-05,,,2026-11-05,Active
2066,96007788,20246001,AFT C-FTG CS300 RSCF3-1,C01663221-001-SFIX03,LCS002,,False,False,True,,,,,,,Cannot Find
2067,96005868,20253311,"GAUGE, GLUID SERVICE UNIT",14-6884-6000,LCS003 CAGE,,False,False,False,,,,,,,Cannot Find
2068,96007288,20243292,LH AFT TRIFORM,C01603003-001-DJIG32,BASEMENT,,False,False,True,,,2026-02-26,,,2027-02-26,Active
2069,96007124,20243128,DRILL TEMPLATE FOR STRINGER SPLICE FR30,C01302000-DJIG38,LCS001 LOWER,,False,False,True,,,2025-10-21,,,2026-10-21,Active
2070,96007390,20246846,MFS PISTON ROD COLLAR  (US PROCURED),490500GSE1-1001,LCS003,,False,False,True,,,2025-12-02,,,2026-12-02,Active
2071,96007108,20243112,DRILL TEMPLATE FOR STRINGER SPLICE FR30,C01302000-DJIG22,LCS001 TOP,,False,False,True,,,2025-09-22,,,2026-09-22,Active
2072,96004420,20275451,"KIT, SERVICE GAUGE, TIRE/STRUT, A220",14-6833-6030,TOOLSHOP,,False,False,True,,,2026-01-23,,,2027-01-23,Active
2073,96009468,20282590,"BELT, BARRIER, RETRACTABLE STRIPPED YELLOW",60145T267,LCS002,,False,False,False,,,2026-01-12,,,2027-01-12,Active
2074,96007973,20246562,RH WING DOLLY,,,,False,False,False,,,,,,,Deactivated
2075,96004562,20205019,"CART, POWER SUPPLY 115 VAC",S500-210006-TFIX02,LCS003 CAGE,,True,False,True,2026-03-03,2025-08-12,2025-08-12,2026-04-02,2026-02-08,2026-07-07,Active
2076,96007481,20246097,BUSH ADAPTOR -3 LOCK SCREWS,GT996690-GTOO08-GE001085,LCS002,,False,False,True,,,2025-11-21,,,2026-11-21,Active
2077,96007307,20243311,CS300 WING JOINING DRILL JIG,C01663001-002-DJIG11,LCS002 TOP,,False,False,False,,,2026-02-24,,,,Deactivated
2079,96006387,20303629,Pressurization Cart,TE-0801,,,True,False,True,2026-03-01,2026-01-28,2026-01-01,2026-03-29,2026-07-27,2027-01-01,Active
2080,96007823,20320529,WING -WING NUT CLEANING,,,,False,False,False,,,,,,,Deactivated
2081,96007880,20246973,ANTI-TARGET,S500-326101-TFIX02,LCS003 CAGE,,False,False,False,,,,,,,Deactivated
2083,96007573,20245984,7-STEP MLG EXT WHITE LADDER,C01300000-SCLD27,LCS010/020,,False,False,True,,,2025-11-03,,,2026-11-03,Active
2084,96007495,20407684,FWD SERVICE DOOR SAFETY NET,GT9910588-GTOO02,MULT,,False,False,True,,,2026-02-16,,,2027-02-16,Active
2085,96010764,20582346,Strob light cushion,,,,False,False,False,2026-04-27,,2026-01-01,,,,Run to Failure
2086,96011593,20330206,"VACUUM, SYSTEM BUILT NEDERMAN DC05",DC-05,LCS002,,True,True,True,2026-03-08,2026-02-12,2025-10-28,2026-04-07,2026-08-11,2026-10-28,Active
2087,96006374,20220586,"TUG, MASTER MOVER MT800 ELECTRIC",MT800,LCS010/020,,False,False,True,2025-09-03,2025-07-30,2025-07-30,2025-10-03,2026-01-26,2026-07-30,Active
2088,96007681,20246744,COCKPIT SEAT TRACK COVER,,,,False,False,False,,,,,,,Deactivated
2089,96007798,20247029,FOD PROTECTION COVER,S500-210001-SFIX04,LCS002 CAGE,,False,False,True,,,2025-12-11,,,2026-12-11,Active
2090,96006387,20303629,Pressurization Cart,TE-0801,,,True,False,True,2026-03-01,2026-01-28,2026-01-01,2026-03-29,2026-07-27,2027-01-01,Active
2091,96007472,20245467,B0307044 BEARING TOOL,GT9910661-GTOO01,Basement,,False,False,True,,,2026-03-08,,,2027-03-08,Active
2092,96006409,20223023,"INCLINOMETER, WIRELESS (S500-273011-TFIX05)",S500-273011-TFIX05,FLIGHTLINE,,False,False,True,2025-08-28,,2025-09-04,,,2026-09-04,Active
2093,96007519,20246583,JACK BALL NOSE LANDING GEAR,C02310000-HFIX18,MULT,,False,False,True,,,2026-03-20,,,2027-03-20,Active
2094,96007390,20246849,MFS PISTON ROD COLLAR  (US PROCURED),490500GSE1-1001,LCS003,,False,False,True,,,2025-12-04,,,2026-12-04,Active
2095,95160058,20003098,D533-7400-000W8000-84A99 (LADDER),,,,False,False,False,,,,,,,Deactivated
2096,96007518,20246545,NOSEWEIGHT CSERIES,C02310000-HFIX16,LCS003,,False,False,True,,,2026-03-08,,,2027-03-08,Active
2097,96007117,20243121,DRILL TEMPLATE FOR STRINGER SPLICE FR30,C01302000-DJIG31,LCS001 TOP,,False,False,True,,,2025-10-23,,,2026-10-23,Active
2098,96007914,20246158,HANDLE ADAPTER,C01518150-TFIX05 #19,LCS003 FRIGHT FWD PLATFORM IN KIT,,True,False,True,2026-04-06,,2026-01-01,2026-06-05,,2027-05-06,Active
2099,96004780,20302440,"PUMP, ACCULUBE FOR CLECO ADU",,,,False,False,False,,,,,,,Deactivated
2101,96005229,20237012,"STOOL, LIGHTWEIGHT RUBBER COATED 2 STEP",RUBBER STEP STOOL,MULT,,False,False,True,,,2025-10-21,,,2026-10-21,Active
2102,96011635,20312324,Floor protection (AFT Fuselage),C01570010-SFIX10,BLD. 31 CAGE,,True,False,True,2026-03-01,,2026-01-01,2027-01-31,,2028-01-01,Active
2103,96005311,20212488,"HEADSET, H10-30 AVIATION",2006690,LCS003 CAGE,,False,False,True,2025-08-14,2025-08-14,2025-08-14,2025-09-13,2026-02-10,2026-08-14,Active
2104,96007690,20246529,MID FUSE TEMP FLOOR KIT,,,,False,False,False,,,,,,,Deactivated
2105,96007860,20276995,FLAP OVERLAP CALIPER,S500-275201-TFIX11,LCS010/020 CAGE,,False,False,True,,,2026-01-22,,,2027-01-22,Active
2106,96007798,20247017,FOD PROTECTION COVER,S500-210001-SFIX04,LCS002 CAGE,,False,False,True,,,2025-12-09,,,2026-12-09,Active
2107,96011476,20329403,Laser monument long shaft,2301-020000,LCS-002 TOOL BOX,,False,False,True,,,2026-02-06,,,2027-02-06,Active
2108,96007820,20246189,10-STEP LADDER - GREY (IMPR),CAL-ML-104421G-AB,LCS070,,False,False,True,,,2025-11-14,,,2026-11-14,Active
2109,96007317,20243321,LH CUFF FAIRING (WTBF) DRILLING TOOL,C02381620-001-DJIG01,WTBF FWD LH STAGING,,False,False,True,,,2026-03-02,,,2027-03-02,Active
2110,96007029,20242630,METAL BARS-LOAD TESTER-PCM-LEV-0046,,,,False,False,False,,,,,,,Deactivated
2111,96007832,20246148,EXTERNAL HANDLE ADAPTER (ESCAPE HATCH),C01204500-TFIX01,LCS003 CAGE,,False,False,True,,,2025-11-20,,,2026-11-20,Active
2112,96007947,20246206,WASTE BLANKING CAPS,S500-383001-TFIX01,LCS003 CAGE Rack 8,,False,False,True,,,2025-11-10,,,2026-11-10,Active
2113,96007978,20328871,MAINTENANCE PANEL TFIX,S500-461111-TFIX02,BUILDING 31,,False,False,True,,,2026-01-29,,,2027-01-29,Active
2114,96007677,20246284,CARGO AFT FLOOR CS100&300,C01340000-SFIX01,MULT,,False,False,True,,,2025-11-14,,,2026-11-14,Active
2115,96007827,20246913,DUMMY SLIDE,C01518150-TFIX03,LCS010/020 CAGE,,False,False,True,,,2026-01-05,,,2027-01-05,Active
2116,96006833,20238236,"CUTTER, CABLE PWC80A",PWC80A,FLIGHTLINE,,False,False,True,2025-09-18,,2026-03-06,2025-10-18,,2027-03-06,Active
2117,96011475,20329378,Laser monument short shaft,2301-010000,TBD,,False,False,True,,,2026-02-06,,,2027-02-06,Active
2118,96007834,20306592,EOAM TRIGGER RIGGING,C01518150-TFIX06,DOORS BOX,,False,False,True,,,2026-01-12,,,2027-01-12,Active
2119,96007404,20245438,DUMP CONNECTOR 10' (US PROCURED),K-2412-A3,BUILDING 31,,False,False,False,2025-10-08,,,2025-11-07,,2026-06-15,Cannot Find
2120,96007804,20303556,8 Stairs Ballymore,ML-083221G,,,True,False,True,2026-04-07,2025-08-06,2026-01-01,2026-05-07,2026-02-02,2027-01-01,Active
2121,96007373,20328188,NITROGEN CART  (US PROCURED),18-4208-0010,LCS003,,False,False,True,,,2026-01-29,,,2027-01-29,Active
2122,96011475,20329396,Laser monument short shaft,2301-010000,,,True,False,True,2026-03-01,,2026-01-01,,,2027-01-01,Active
2123,96007353,20245405,LEVELLING JIG FOR LAVATORY E - GALLEY #4,C01850315-BJIG01,BASEMENT,,False,False,True,,,2026-03-08,,,2027-03-08,Active
2124,95163588,20299288,ACU,ACU-302S-CUP,FLIGHTLINE,,True,True,True,2026-04-06,2026-01-31,2025-07-24,2026-05-06,2026-07-30,2025-11-05,Active
2125,96007895,20245887,FUEL INERTING BLANKING CAP,S500-470011-TFIX01,LCS003 CAGE,,False,False,True,,,2025-11-03,,,2026-11-03,Active
2126,96002103,20207337,"CABINET, 60 GAL FLAMMABLE",896000,LCS010/020,,False,False,True,2025-08-11,2025-08-11,2025-08-11,2025-09-10,2026-02-07,2026-08-11,Active
2128,96006836,20238240,"TORQ 5-40 SCREWDRIVER, SNAP-ON",TORQ 5-40,ELT SHOP,,False,False,False,,,,,,,Cannot Find
2130,96007499,20245804,PLIER FOR GROMMET ACS510A,GT999657-GTOO01,LCS003 CAGE,,False,False,True,2025-10-14,,2026-04-27,2025-11-13,,2027-04-27,Active
2131,96007581,20284449,5-STEP WHITE LADDER,C01601001-SCLD01,GUAGING CANOPY,,False,False,True,,,2026-01-16,,,2027-01-16,Active
2132,96007806,20246676,10-STEP LADDER - BLUE,,,,False,False,False,,,,,,,Deactivated
2133,96011495,20329699,MLG Para SV Adaptor,S500-321011-TFIX07,LC10/20 CAGE ON FLR.,,True,False,True,2026-03-01,,2026-01-01,2027-01-31,,2028-01-01,Active
2134,96006718,20234670,"SCALE, AC40-LP-IS LOW PROFILE PLATFORM",AC40-LP-IS,LCS070,,False,False,True,2025-09-09,,2025-09-15,2025-10-09,,2026-09-15,Active
2135,96007868,20246719,PLASTIC FUEL CONTAINER 45 GALLONS,S500-280011-TFIX12,LCS070,,False,False,True,,,2025-11-26,,,2026-11-26,Active
2136,96007798,20247010,FOD PROTECTION COVER,S500-210001-SFIX04,LCS070 CAGE,,False,False,True,,,2025-12-12,,,2026-12-12,Active
2137,96007985,20247037,JUMPERS SHORTING CLIP (KIT OF 50),E-RES-24-30-99 #85,BATTERY SHOP,,False,False,True,,,2025-12-09,,,2026-12-09,Active
2138,96011599,20330263,CAPSEAL PROTECT,C01603001-002-SFIX04,,,True,False,True,2026-04-27,,2026-01-01,2026-05-27,,2027-01-01,Active
2139,96007577,20328867,Cargo Access,C01550000-SCLD03,,,True,False,True,2026-03-01,,2026-01-01,2026-04-22,,2027-01-01,Active
2140,96007959,20246059,CABIN WASH LIGHT,S500-332011-TFIX01,LCS010/020 CAGE,,False,False,True,,,2025-11-17,,,2026-11-17,Active
2141,96007814,20246894,5-STEP LADDER - BLUE,SEP5-2436-NH,GUAGING CANOPY,,False,False,True,,,2026-01-09,,,2027-01-09,Active
2142,96007153,20243157,DRILL TEMPLATE FOR STRINGER SPLICE FR30,C01302000-DJIG67,LCS001 LOWER,,False,False,True,,,2025-10-20,,,2026-10-20,Active
2143,96007868,20246726,PLASTIC FUEL CONTAINER 45 GALLONS,S500-280011-TFIX12,LCS070,,False,False,True,,,2025-11-24,,,2026-11-24,Active
2144,96007586,20245987,6-STEP LADDER WITH SERVICE,C01300000-SCLD28,LCS010/020,,False,False,True,,,2025-11-17,,,2026-11-17,Active
2146,96007331,20245226,Z3 STOWAGE LEVELLING STRAIGHT EDGE,C04400302-LJIG01,LCS010/020 INTERIORS CAGE,,False,False,True,2025-09-30,,,2025-10-30,,2026-06-04,Active
2147,96006428,20223069,"CABLE, HEATER BH405",BH405,LCS030/040,,False,False,True,2025-08-26,,2025-09-03,,,2026-09-03,Active
2148,96010823,20582348,Latch beam door cover,,BLDG. 31 CAGE,,True,False,True,2026-04-27,,2026-01-01,2026-06-26,,2027-05-27,Active
2149,96007228,20243232,DRILL TEMPLATE FOR STRINGER SPLICE FR61,C01303000-DJIG62,LCS001 TOP,,False,False,True,,,2026-02-27,,,2027-02-27,Active
2150,96007859,20245869,FLAP RIG PIN KIT,S500-275201-TFIX08,LCS003 CAGE/ TOP RH WING PLATFORM,,False,False,True,,,2025-11-05,,,2026-11-05,Active
2151,96007856,20330129,PROLINE 3600 POWER CONNECTOR,S500-275011-TFIX03,LCS003 CAGE - RACK 5,,False,False,True,,,2026-02-12,,,2028-02-12,Active
2152,96007465,20327604,SWIVEL TENSION FITTING DRILL JIG,GT9910461-GTOO01,US-LCS002-MEC,,False,False,False,2026-02-12,,2026-03-06,,,,Deactivated
2153,96007114,20243118,DRILL TEMPLATE FOR STRINGER SPLICE FR30,C01302000-DJIG28,LCS001 TOP,,False,False,True,,,2025-10-21,,,2026-10-21,Active
2154,96011299,20324539,GRADUATED CYLINDER 200 ML,HF622,903 CAGE,,False,False,True,,,2026-01-27,,,2027-01-27,Active
2155,96007562,20245513,RIGGING UPPER ECCENTRIC BUSHING,C02100110-RFIX01,LCS002 CAGE,,False,False,True,2025-10-14,,2026-03-30,2025-11-13,,2027-03-30,Active
2156,96007820,20282355,10-STEP LADDER - GREY (IMPR),CAL-ML-104421G-AB,LCS070,,False,False,True,,,2026-01-12,,,2027-01-12,Active
2157,96007846,20245707,FIREX SYSTEM-LEAK-FAL LCS040 KIT,S500-262001-TFIX03,US-LCS030-MEC,,False,False,False,2025-08-01,2025-08-01,2025-08-01,,,,Deactivated
2158,96005229,20230177,"STOOL, LIGHTWEIGHT RUBBER COATED 2 STEP",RUBBER STEP STOOL,LCS002 RH WING PLATFORM,,False,False,True,,,2025-10-23,,,2026-10-23,Active
2159,96007580,20246809,3-STEP AVIONIC LADDER  + WHITE EXTENSION,C01300000-SCLD23,LCS030/040,,False,False,True,,,2025-12-01,,,2026-12-01,Active
2160,96007502,20245962,BATTERY INSTALLATION TOOL,C01368009-HFIX01,LCS070,,False,False,True,,,2025-11-05,,,2026-11-05,Active
2161,96007578,20245985,MLG PLATFORM INSTL,C01619001-SCLD11,LCS002,,False,False,True,,,2025-11-05,,,2026-11-05,Active
2162,96007819,20245698,9-STEP LADDER - GREY (IMPR),CAL-ML-094421G-AB,GUAGING CANOPY,,False,False,True,,,2025-11-05,,,2026-11-05,Active
2163,96005297,20212186,"REGULATOR, HOSE WITH 0-2500 PSI",REGULATOR,LCS003 CAGE,,True,False,True,2026-04-27,2025-08-22,2025-08-22,2026-05-27,,,Active
2164,96007769,20245998,CARGO DOOR ACTUATOR MANUAL TOOL,C01559489-SFIX01,LCS010/020 CAGE,,False,False,True,,,2025-11-17,,,2026-11-17,Active
2165,96007827,20246912,DUMMY SLIDE,C01518150-TFIX03,LCS010/020 CAGE,,False,False,True,,,2026-01-09,,,2027-01-09,Active
2166,96009333,20278551,MLG DOOR ROD ADAPTER,S500-321011-TFIX09,LCS010/020,,False,False,True,,,2025-12-16,,,2026-12-16,Active
2167,96007493,20246564,ZERO ENERGY / POWER OFF,GT9910182-GTOO02,LCS003 CAGE,,False,False,True,,,2025-11-25,,,2026-11-25,Active
2168,95166702,20026209,"HAND LAMP, L39"", LED, HEAVY DUTY",,,,False,False,False,,,,,,,Deactivated
2169,96007300,20243304,CS300 FWD TRIFORM,C01663001-001-DJIG30,LCS002,,False,False,False,,,2026-02-24,,,,Deactivated
2170,96005695,20232023,"REFLECTOR, HEAT GUN",HEAT GUN,LCS002 CAGE,,False,False,True,,,2025-09-05,,,2026-09-05,Active
2171,96007342,20245264,"PROTECTION, EMERGENC DR SLIDE LVR, A321",C05258250-SFIX01,LCS070,,False,False,True,,,2026-03-08,,,2027-03-08,Active
2172,96007958,20245738,HARNESS FOR PCU CONTROLLER,S500-290012-TFIX06,LCS003 CAGE,,False,False,True,2025-10-09,,2026-03-23,2025-11-08,,2027-03-23,Active
2173,96007302,20243306,CS300 AFT TRIFORM,C01663001-001-DJIG32,LCS002,,False,False,False,,,2026-02-26,,,,Deactivated
2174,96006609,20234793,"TESTER, HARNESS DISCHARGE",475612,LCS030/040 CAGE,,False,False,True,2025-09-08,,2025-09-15,2025-10-08,,2026-09-15,Active
2175,96011615,20332417,Wing false work padding protection,C01686364-SFIX01,ACS825,,False,False,True,,,2026-02-12,,,2027-02-12,Active
2177,96007629,20245559,AFT FUSE HFIX SUPPORT,C01200000-SFIX99,US-LCS001-MEC,,False,False,True,2025-11-06,,2026-02-20,2025-12-06,,2027-02-20,Active
2178,96006965,20240772,BUSHING ID (A) - .4077 INCH,,,,False,False,False,,,,,,,Deactivated
2179,96006480,20224004,#1 FINAL FIT WATTMETER,,,,False,False,False,,,,,,,Deactivated
2180,96011475,20329391,Laser monument short shaft,2301-010000,LASER CAGE,,False,False,True,,,2026-02-04,,,2027-02-04,Active
2181,96007632,20246661,AFT CARGO BEAM SUPPORT,C01344100-SFIX01,MULT,,False,False,True,,,2025-11-26,,,2026-11-26,Active
2182,96007858,20246025,EXCENTRIC FLAP POSITIONER,S500-275201-TFIX05,LCS003 CAGE,,False,False,True,,,2025-11-17,,,2026-11-17,Active
2183,96007868,20246747,PLASTIC FUEL CONTAINER 45 GALLONS,S500-280011-TFIX12,LCS070,,False,False,True,,,2025-11-25,,,2026-11-25,Active
2184,96007815,20246795,5-STEP LADDER NO HAND RAIL - BLUE,,,,False,False,False,,,,,,,Deactivated
2185,96011847,20312323,OUTIL DE POSITIONNEMENT POUR CONTAINMENT RINGS PAR RAPPORT SHAFT FLAP F2,C01570010-SFIX10,LCS003,,False,False,True,,,2026-03-16,,,2027-03-16,Active
2186,96009113,20271443,"VACUUM, UPRIGHT CORDLESS LITHIUM-ION KIT",DYSON,LCS010/020 INTERIORS CAGE,,False,False,False,,,,,,,Cannot Find
2187,96007772,20245671,TEFLON SHIM FS2,C01603001-001-SFIX03,Basement,,False,False,True,2025-10-10,,,2025-11-09,,2026-07-05,Active
2188,96007431,20246599,WHEEL CHOCK,,,,False,False,False,,,,,,,Deactivated
2189,96007128,20243132,DRILL TEMPLATE FOR STRINGER SPLICE FR30,C01302000-DJIG42,LCS001 LOWER,,False,False,True,,,2025-10-21,,,2026-10-21,Active
2190,96011476,20329402,Laser monument long shaft,2301-020000,,,True,False,True,2026-04-29,,2026-01-01,2026-05-29,,2027-01-01,Active
2191,95164389,20236594,"DISPENSER, SHOE COVER, BOOTIE BUTLER",SHOE COVER DISPENSER,,,False,False,False,2026-04-08,,2026-01-01,,,,Run to Failure
2192,96010538,20582361,Side console cockpit LH protection,,,,True,False,True,2026-04-27,,2026-01-01,2026-05-27,,2027-01-01,Active
2193,96007257,20243261,FLOOR FR61 RBL43.5 RBL23 LCS010,C01304262-DJIG05,LCS001 TOP,,False,False,True,,,2026-03-06,,,2027-03-06,Active
2194,96007279,20243283,RH AFT CORNER FITTING DRILL JIG,C01603001-002-DJIG42,US-LCS002-MEC,,False,False,False,,,,,,,Cannot Find
2195,96006409,20223020,"INCLINOMETER, WIRELESS (S500-273011-TFIX05)",S500-273011-TFIX05,FLIGHTLINE,,False,False,True,2025-09-12,2025-08-14,2025-08-14,2025-10-12,2026-02-10,2026-08-05,Active
2196,96006664,20231728,RESERVOIR SERVICE UNIT,06-5022-6500-A7,FLIGHTLINE,,False,False,True,2025-09-11,,2025-09-05,2025-10-11,,2026-04-08,Active
2197,96007798,20247002,FOD PROTECTION COVER,S500-210001-SFIX04,LCS010/020 CAGE,,False,False,True,,,2025-12-09,,,2026-12-09,Active
2198,96007692,20246530,CARGO MID FLOOR CS100&300,C01370000-SFIX03,MULT,,False,False,False,,,,,,,Cannot Find
2199,96005345,20228643,"LIGHT, HEAVY DUTY 210 SERIES LED STRING",210 SERIES,LCS070,,False,False,False,,,,,,,Cannot Find
2200,96007111,20243115,DRILL TEMPLATE FOR STRINGER SPLICE FR30,C01302000-DJIG25,LCS001 TOP,,False,False,True,,,2025-09-22,,,2026-09-22,Active
2201,96007881,20246944,TARGET  MLG,S500-326101-TFIX03,LCS003 CAGE,,False,False,True,,,2026-01-21,,,2027-01-21,Active
2202,96007536,20245813,FLOOR ALIGNMENT IN BL FOR FR30 & FR61,C01302000-002-LJIG01,LCS001 TOP - AFT LH,,False,False,True,2025-10-14,,2026-02-20,,,2026-11-13,Active
2203,96006374,20220585,"TUG, MASTER MOVER MT800 ELECTRIC",MT800,LCS003,,False,False,True,2025-08-28,,2025-09-03,2025-09-27,,2026-09-03,Active
2204,96007453,20245453,DRILL TEST BENCH,GT9910365-GTOO01,LCS002,,False,False,True,,,2026-03-08,,,2027-03-08,Active
2205,96007748,20246245,LATERAL BIN PROTECTION,C04400501-SFIX03,LCS010/020 INTERIORS CAGE,,False,False,True,,,2025-11-11,,,2026-11-11,Active
2206,96007423,20246734,WING JACK TRIPOD (US PROCURED),D03034K2D1B01B0 PM1,LCS003,,True,True,True,2026-04-08,2026-02-04,2025-12-09,2026-05-08,2026-08-03,2026-12-09,Active
2207,96007881,20246948,TARGET  MLG,S500-326101-TFIX03,LCS003 CAGE,,False,False,True,,,2026-01-19,,,2027-01-19,Active
2208,96007827,20246910,DUMMY SLIDE,C01518150-TFIX03,LCS001,,False,False,True,,,2026-01-07,,,2027-01-07,Active
2209,96007529,20245968,CARGO DOOR DOLLY,C01550000-HFIX02,LCS002,,False,False,True,,,2025-11-05,,,2026-11-05,Active
2210,96004491,20204644,"TESTER, GENERAL ASSEMBLY BLEED LOOP",C500-362111-TFIX01,LCS010/020 CAGE,,False,False,True,2025-09-15,2025-08-19,2025-09-05,2025-10-15,,2026-08-15,Active
2211,96007023,20242612,SLING-WEAR-FLEX-EE4-0902 X-CHOKER 8800,,,,False,False,False,,,,,,,Deactivated
2212,96007856,20330135,PROLINE 3600 POWER CONNECTOR,S500-275011-TFIX03,LCS010/020 CAGE,,False,False,True,,,2026-02-13,,,2027-02-13,Active
2213,96009717,20296676,H STAB PROTECTIONS STORAGE CART,C01600000-SFIX90,LCS002,,False,False,True,,,2026-01-13,,,2027-01-13,Active
2214,96007789,20246002,AFT CORNER FTG INBD FACE,C01663221-002-SFIX03,LCS002,,False,False,True,,,2025-11-17,,,2026-11-17,Active
2215,96006410,20223025,#1 FINAL FIT WATTMETER,,,,False,False,False,,,,,,,Deactivated
2216,96005879,20218914,"SOCKET, FOR B0203070-14",GT9910331-GTOO01,LCS003 CAGE,,False,False,True,2025-08-15,2025-08-15,2025-08-15,2025-09-14,2026-02-11,2026-08-15,Active
2217,96007977,20245910,DOME LIGHT J4030 JUMPER,S500-331011-TFIX01,LCS010/020 CAGE,,False,False,True,,,2025-11-05,,,2026-11-05,Active
2218,96007162,20243166,DRILL TEMPLATE FOR STRINGER SPLICE FR30,C01302000-DJIG76,LCS001 LOWER,,False,False,True,,,2025-10-20,,,2026-10-20,Active
2219,96007946,20303617,MLG SV ADAPTER,S500-321011-TFIX01,LCS010/020 CAGE,,False,False,True,,,2026-01-15,,,2027-01-15,Active
2220,96004613,20205171,"LIGHT, 4FT 30W 5K DIMMABLE SHOP",,,,False,False,False,,,,,,,Deactivated
2221,96007941,20246052,GO NO-GO GAUGES,S500-275201-TFIX01,LCS010/020 CAGE,,False,False,True,,,2025-11-17,,,2026-11-17,Active
2222,96011662,20350613,XLBIN OWEED LOCATING JIG RHS,C04400552-002-LJIG02,LCS010,,False,False,True,,,2026-02-17,,,2027-02-17,Active
2223,96007496,20246354,FAL APD SAFETY  FENCE,GT9910589-GTOO02,LCS070 CAGE,,False,False,False,2025-08-06,2025-08-06,2025-08-06,2025-09-05,2026-02-02,2026-08-06,Deactivated
2224,96007783,20245680,CS300 TENSION FTGS LH,C01663001-001-SFIX02,LCS002,,False,False,True,2025-10-06,,2026-01-19,2025-11-05,,2027-01-19,Active
2225,96007851,20246020,ELEVATOR BACKLASH BAR,S500-273011-TFIX01,LCS010/020 CAGE,,False,False,True,,,2025-11-17,,,2026-11-17,Active
2226,96007527,20245497,SERVICE DOOR DOLLY,C01528250-HFIX02,LCS001,,False,False,True,2025-09-30,,,2025-10-30,,2026-09-15,Active
2227,96006980,20241361,TELEX HEADSET,TELEX HEADSET,LCS030/040,,False,False,False,,,,,,,Cannot Find
2228,96007511,20245963,INB'D FLAP INSTALLATION L/H AND R/H,C01606001-HFIX01,LCS003 RH FOD,,False,False,True,,,2025-11-04,,,2026-11-04,Active
2229,96004420,20275445,"KIT, SERVICE GAUGE, TIRE/STRUT, A220",14-6833-6030,LCS003,,False,False,True,,,2025-12-11,,,2026-12-11,Active
2230,96008026,20245926,Vacuum Pump,,,,True,False,True,2026-03-01,,2026-01-01,,,2027-01-01,Active
2231,96007880,20246971,ANTI-TARGET,S500-326101-TFIX02,LCS003 CAGE,,False,False,False,2025-07-31,2025-07-31,2025-07-31,2025-08-30,2026-01-27,2026-07-31,Deactivated
2232,96007715,20245625,BACKUP PLATE FWD C/FTG RH CS300,C01663001-002-SFIX40,"LCS002 CAGE Rack 3, Row A",,False,False,True,,,2025-11-03,,,2026-11-03,Active
2234,96007458,20245456,FTI KIT,FTI KIT,LCS002 (TOOLBOX),,False,False,False,,,2025-08-19,,,,Deactivated
2235,96009338,20278615,EXTENSION HEADSET,BD500EXT-100-SFIX01,LCS903,,False,False,True,,,2025-12-16,,,2026-12-16,Active
2236,96007132,20243136,DRILL TEMPLATE FOR STRINGER SPLICE FR30,C01302000-DJIG46,LCS001 LOWER,,False,False,True,,,2025-10-21,,,2026-10-21,Active
2237,96007882,20303610,Antenna Attenuator,,,,True,False,True,2026-03-01,,2026-01-01,,,2027-01-01,Active
2238,96007520,20245490,WTBF SECTION HANDLING TOOL,C02380000-HFIX01,LCS010/020,,True,False,True,2026-04-27,,2025-11-18,2026-05-27,,2026-11-18,Active
2239,96007137,20243141,DRILL TEMPLATE FOR STRINGER SPLICE FR30,C01302000-DJIG51,LCS001 TOP,,True,False,True,2026-04-06,,2025-10-28,2026-05-06,,2026-10-28,Active
2240,96007809,20245694,13-STEP LADDER - GREY (PRIMER),,,,False,False,False,,,,,,,Deactivated
2241,96010515,20582343,Big Antenna,,BLDG. 31 CAGE,,True,False,True,2026-04-27,,2026-01-01,2026-06-26,,2027-05-27,Active
2242,96008014,20246074,APT-6000 AFDX PING TOOL (US PROCURED),810-0296-002,LCS003,,False,False,False,,,,,,,Cannot Find
2243,96007943,20245896,SLATS OVERLAP GO NO-GO GAGE,S500-278101-TFIX01,LCS30/40 CAGE Rack 2 Shelf D,,False,False,False,,,2025-11-05,,,,Deactivated
2244,96007421,20582325,Nose Jack,BLD. 31 BAY 21,,,True,False,True,2026-03-01,,2026-01-01,2027-01-31,,2028-01-01,Active
2245,96007391,20246304,GROUND SPOILER PISTON ROD COLLAR   (US P,490640GSE1-1001,LCS0003 Rack 5,,False,False,True,,,2025-11-11,,,2026-11-11,Active
2246,96007834,20246194,EOAM TRIGGER RIGGING,,,,False,False,False,,,,,,,Deactivated
2247,96007930,20246643,ENG WEIGHT PYLON INTERFACE,S500-100011-TFIX03,LCS030/040,,False,False,True,,,2025-11-26,,,2026-11-26,Active
2248,96011648,20490997,adjustable bushing lower tool,,,,True,False,True,2026-03-01,,2026-01-01,,,2027-01-01,Active
2249,96007882,20278523,TSS ANTENNA ATTENUATOR,S500-344311-TFIX02,LCS903,,False,False,True,,,2025-12-19,,,2026-12-19,Active
2250,96011475,20329363,Laser monument short shaft,2301-010000,TBD,,False,False,True,,,2026-02-06,,,2027-02-06,Active
2251,96007691,20246393,CARGO MID FLOOR CS100&300,C01370000-SFIX02,MULT,,False,False,True,,,,,,,Cannot Find
2252,96008001,20246071,AIR DATA ACCESSORIES KIT - ADS,CSERIES-945,LCS010/020,,False,False,False,,,,,,,Cannot Find
2253,96008008,20245760,OPTION KIT FOR EDTS10-843 ELECTROSTATIC,,,,False,False,False,,,,,,,Deactivated
2254,96007831,20303621,Extension head set,BA670-40001-SFIX02,,,True,False,True,2026-03-01,,2026-01-01,,,2027-01-01,Active
2255,96007743,20245651,PROTECTION JIG,C04400002-SFIX04,LCS010/020 INTERIORS CAGE,,False,False,True,,,2025-11-03,,,2026-11-03,Active
2256,96007830,20246011,FUEL INERTING UNION ADAPTOR,C500-470011-TFIX02,LCS003 CAGE,,False,False,True,,,2025-11-17,,,2026-11-17,Active
2257,96006584,20238556,"BAR, LOADING 47"" TO 75""",47 to 75 LOAD BAR,LCS070 CAGE,,False,False,True,,,2025-10-22,,,2026-10-22,Active
2258,96004613,20205222,"LIGHT, 4FT 30W 5K DIMMABLE SHOP",,,,False,False,False,,,,,,,Deactivated
2259,96007815,20246785,5-STEP LADDER NO HAND RAIL - BLUE,,,,False,False,False,,,,,,,Deactivated
2260,96007798,20246998,FOD PROTECTION COVER,S500-210001-SFIX04,LCS010/020 CAGE,,False,False,True,,,2025-12-10,,,2026-12-10,Active
2261,96007881,20246938,TARGET  MLG,S500-326101-TFIX03,LCS003 CAGE,,False,False,True,,,2026-01-21,,,2027-01-21,Active
2262,96007968,20245740,WING SHIM DOLLY,C01603001-TRDY01,US-LCS002-MEC,,False,False,True,2025-10-07,,2026-02-19,2025-11-06,,2027-02-19,Active
2263,96007856,20330194,PROLINE 3600 POWER CONNECTOR,S500-275011-TFIX03,LCS010/020 CAGE/RACK 2,,False,False,True,,,2026-02-13,,,2028-02-13,Active
2264,96011476,20329413,Laser monument long shaft,2301-020000,,,True,False,True,2026-03-01,,2026-01-01,,,2027-01-01,Active
2265,96007984,20245744,CLIMATIC CHAMBER (BATTERY SHOP),BTU-433,LCS003,,False,False,False,,,,,,,Cannot Find
2267,96007504,20245481,MLG BEAM REMOVER,C01637453-HFIX01,LCS002,,False,False,True,2025-10-14,,,2025-11-13,,2026-05-15,Active
2268,96005221,20261475,"TESTER, MIT410 INSULATION",MIT 410/2,BATTERY SHOP,,False,False,False,,,,,,,Deactivated
2269,96004408,20203610,"BLOCK, MEASURING",GT9910564-GTOO01,LCS001 TOP,,False,False,False,2025-08-21,2025-08-21,2025-08-21,,,,Cannot Find
2271,96007412,20245943,OXYGEN ADAPTER FOR SERVICING CART  (US,,,,False,False,False,,,,,,,Deactivated
2272,96007747,20246244,SMALL TEFLON SQUARE,C04400201-SFIX01,LCS010/020 INTERIORS CAGE,,False,False,True,,,2025-11-10,,,2026-11-10,Active
2273,96007746,20245838,LARGE TEFLON SQUARE,C04400009-SFIX01,LCS010/020 INTERIORS CAGE,,False,False,True,2025-10-17,,2026-01-22,2025-11-16,,2027-01-22,Active
2274,96007574,20246321,4-STEP LADDER WITHOUT SERVICE,C01300000-SCLD29,BUILDING 17,,False,False,True,,,2025-11-14,,,2026-11-14,Active
2275,96007688,20245603,F. SPLICE FS1 FS2 SHIMS,C01356503-0002-SFIX10,LCS002,,False,False,False,,,,,,,Cannot Find
2276,96007880,20246985,ANTI-TARGET,S500-326101-TFIX02,LCS010/020 TOOLBOX,,False,False,False,,,2026-01-22,,,2027-01-22,Active
2277,96005898,20441926,"CART,HE-2 HYDRAULIC POWER UNIT CART",HE-2,Contingency,,True,False,True,2026-03-25,,2026-02-19,2026-04-24,,2027-02-19,Active
2278,96007969,20246166,COCKPIT DOLLY,C01200000-TRDY02,NORTH OUTER OF FAL,,False,False,True,,,2025-11-20,,,2026-11-20,Active
2279,96007465,20327587,SWIVEL TENSION FITTING DRILL JIG,GT9910461-GTOO01,US-LCS002-MEC,,True,False,True,2026-04-10,,2026-03-04,2026-05-10,,2027-03-04,Active
2280,96001901,20211702,"FAN, MAX PERFORMANCE PIVOTING",,,,False,False,False,,,,,,,Deactivated
2281,96007496,20246225,FAL APD SAFETY  FENCE,GT9910589-GTOO02,LCS010/020 CAGE,,False,False,False,,,2025-11-11,,,,Active
2282,96007814,20303557,5-STEP LADDER - BLUE,SEP5-2436,LCS001,,False,False,True,,,2026-01-12,,,2027-01-12,Active
2283,96007806,20319933,10 STEP LADDER,WA103214GSU,LCS070,,False,False,True,,,2026-01-27,,,2027-01-27,Active
2284,96008015,20245764,MAXI UNIVERSAL ADAPTER KIT (COAX ADAPTER,POMONA MODEL 5748,EWIS - ENGINEERING OFFICE,,True,False,False,2026-03-02,,,2026-04-01,,,Active
2285,96007581,20246796,5-STEP WHITE LADDER,C01601001-SCLD01,LCS003,,False,False,True,,,2025-11-25,,,2026-11-25,Active
2286,96007402,20245938,FUSELAGE SAFETY NETS,GT9910566-GTOO01,LCS001,,False,False,True,,,2025-11-05,,,2026-11-05,Active
2287,96002753,20236675,"HARNESS, SAFETY, VEST-STYLE, MED/LARGE",,,,False,False,False,,,,,,,Deactivated
2288,96007380,20245776,SERVICE UNIT RESERVOIR (US PROCURED),06-5020-3600,LCS070,,False,False,True,2025-10-17,,,2025-11-16,,2026-06-05,Active
2289,96007892,20246154,WATER AIR PRESSURE TEST KIT,S500-380011-TFIX07,LCS030/040 CAGE,,False,False,True,,,2025-11-19,,,2026-11-19,Active
2290,96007888,20245882,HP BLANKING KIT FAL,S500-360001-TFIX03,LCS003 CAGE,,False,False,True,,,2025-11-03,,,2026-11-03,Active
2291,96007423,20246706,WING JACK TRIPOD (US PROCURED),D03034K2D1B01B0 PM1,LCS010/020,,True,True,True,2026-03-05,2026-01-30,2025-07-22,2026-04-04,2026-07-29,2026-10-15,Active
2292,96007946,20328855,MLG SV ADAPTER,S500-321011-TFIX01,,,True,False,True,2026-03-01,,2026-01-01,,,2027-01-01,Active
2293,96007881,20246968,TARGET  MLG,S500-326101-TFIX03,LCS030/040 CAGE,,False,False,True,,,2026-01-23,,,2027-01-23,Active
2294,96007834,20306599,EOAM TRIGGER RIGGING,C01518150-TFIX06,DOORS BOX,,False,False,False,,,2026-01-13,,,,Deactivated
2295,96007926,20245893,*BLANKING CAP FUEL INERTING *OU: FUEL IN,C500-470011-TFIX01,LCS003 CAGE,,False,False,True,,,2025-11-05,,,2026-11-05,Active
2296,96009113,20271440,"VACUUM, UPRIGHT CORDLESS LITHIUM-ION KIT",DYSON,LCS010/020 INTERIORS CAGE,,False,False,False,,,,,,,Cannot Find
2297,96007361,20245410,GSE WASTE TANK DISPENSER CART,10-6401-0010,FLIGHTLINE,,False,False,True,2025-10-14,,2026-04-27,2025-11-13,,2027-04-27,Active
2298,96007868,20246705,PLASTIC FUEL CONTAINER 45 GALLONS,S500-280011-TFIX12,LCS070,,False,False,True,,,2025-11-28,,,2026-11-28,Active
2300,96007751,20246835,PSD ARMING PROTECT BLOCK,S500-120011-SFIX01,LCS070,,False,False,False,,,,,,,Cannot Find
2301,96007546,20246360,LH OWEED BINS LOCATING JIG,C04422007-LJIG07,LCS010/020 INTERIORS CAGE,,False,False,True,2025-07-22,2025-07-22,2025-07-22,2025-08-21,2026-01-18,2026-07-22,Active
2302,96007681,20246695,COCKPIT SEAT TRACK COVER,1430-03DZG-SFIX00,LCS010/020,,False,False,True,2025-07-23,2025-07-23,2025-07-23,2025-08-22,2026-01-19,2026-07-23,Active
2303,96006637,20242649,SPOILER INCLINOMETER,S500-276011-TFIX02,FLIGHTLINE,,False,False,True,2025-08-01,2025-08-01,2025-08-01,2025-08-31,2026-01-28,2026-08-01,Active
2304,96007798,20246995,FOD PROTECTION COVER,S500-210001-SFIX04,LCS010/020 INTERIORS CAGE,,False,False,True,,,2025-12-12,,,2026-12-12,Active
2306,96004491,20204645,"TESTER, GENERAL ASSEMBLY BLEED LOOP",C500-362111-TFIX01,LCS002 CAGE,,False,False,True,2025-08-26,2025-08-21,2025-09-04,,,2026-09-04,Active
2307,96007794,20246247,TEMPORARY CKP CABIN FLOOR DOLLY,,,,False,False,False,,,,,,,Deactivated
2308,9601643,20350506,Protection floor cargo FWD,C04471000-SFIX01,,,True,False,True,2026-03-01,,2026-01-01,,,2027-01-01,Active
2309,96006637,20230135,SPOILER INCLINOMETER,S500-276011-TFIX02,LCS010/020 CAGE,,False,False,True,2025-09-17,,2025-09-04,2025-10-17,,2026-08-08,Active
2310,96007421,20246399,NOSE JACK TRIPOD (US PROCURED),D01258K2D1B01B0,LCS010/20,,True,True,True,2026-03-06,2026-02-06,2025-12-09,2026-04-05,2026-05-20,2026-11-21,Active
2312,96009333,20278550,MLG DOOR ROD ADAPTER,S500-321011-TFIX09,LCS010/020,,False,False,True,,,2025-12-15,,,2026-12-15,Active
2313,96007631,20246281,TEMPORARY FLOOR DOLLY,,,,False,False,False,,,,,,,Deactivated
2314,96005484,20217440,"CART, AIR PRESSURE",TE-0256,LCS010/020 CAGE,,False,False,True,2025-08-14,2025-08-14,2025-08-14,2025-09-13,2026-02-10,2026-08-14,Active
2315,96007421,20303571,Nose Jack,,,,True,False,True,2026-04-08,,2026-01-01,2026-05-08,,2027-01-01,Active
2316,96007904,20246046,DRINKABLE WATER SYSTEM,S670-381003-TFIX01,LCS030/040 CAGE,,False,False,True,,,2025-11-17,,,2026-11-17,Active
2317,96006991,20242598,"SLING-ST.PIERRE-285.62""-SPN3-3-1904",,,,False,False,False,,,,,,,Deactivated
2318,96008004,20245756,COPPER CABLE ANALYZER,,,,False,False,False,,,,,,,Deactivated
2319,96002753,20233458,"HARNESS, SAFETY, VEST-STYLE, MED/LARGE",,,,False,False,False,,,,,,,Deactivated
2320,96007567,20245515,MEZZANINE LCS001,C00100018-SCLD02,LCS001,,False,False,True,2025-09-30,,2025-11-21,2025-10-30,,2026-11-21,Active
2321,96007852,20246513,RUDDER/ELEVATOR LOAD PAD,S500-273011-TFIX02,LCS010/020 CAGE,,False,False,True,,,2026-03-19,,,2027-03-19,Active
2322,96007674,20246422,TEMPORARY FLOOR DOLLY,,,,False,False,False,,,,,,,Deactivated
2323,96007822,20246103,6-STEP LADDER - BLUE,ML-063221G,LCS003,,False,False,True,,,2025-11-18,,,2026-11-18,Active
2324,96004436,20209415,"LADDER, CAGE ADJ SAFETY TYPE 1AA 3-5FT",18503-240,LCS001,,False,False,True,2025-08-12,2025-08-12,2025-08-12,2025-09-11,2026-02-08,2026-08-12,Active
2325,96011476,20329399,Laser monument long shaft,2301-020000,,,True,False,True,2026-04-27,,2026-01-01,2026-05-27,,2027-01-01,Active
2326,96007693,20246099,FWD-MID-REAR TARGET LASER KIT,,,,False,False,False,,,,,,,Deactivated
2327,96007323,20245216,DRAIN INSTALLATION PLATE,C04401961-SFIX01,LCS010/020 INTERIORS CAGE,,False,False,True,,,2026-03-02,,,2027-03-02,Active
2329,96007341,20245240,AFT & FWDPAX DOOR HANDLE PROTECTION,C05158150-SFIX01,LCS001,,False,False,True,,,2026-03-23,,,2027-03-23,Active
2330,96007674,20246392,TEMPORARY FLOOR DOLLY,,,,False,False,False,,,,,,,Deactivated
2331,96007583,20245829,AFT FUSE INTERIOR PLATFORM (GOLDORAK),C01400001-SCLD03,LCS002,,False,False,True,2025-10-14,,2026-01-06,2025-11-13,,2027-01-06,Active
2332,96007452,20328766,SIDE STICK RIG PIN,490100GSE1,LCS003 CAGE,,False,False,True,,,2026-01-31,,,2027-01-31,Active
2333,96007726,20245636,AFT FAIRING PYLON AND PLATFORM LOCATING,C01703000-SFIX01,LCS030/040,,False,False,True,2025-10-10,,2025-12-16,2025-11-09,,2026-12-16,Active
2334,96006683,20290199,"CART, 18H0000540 MLG HYDRAULIC",18H0000148MLG,LCS010/020,,True,True,True,2026-03-06,2026-02-03,2026-01-16,2026-04-05,2026-08-02,2027-01-16,Active
2335,96007112,20243116,DRILL TEMPLATE FOR STRINGER SPLICE FR30,C01302000-DJIG26,LCS001 TOP,,False,False,True,,,2025-10-20,,,2026-10-20,Active
2336,96007827,20246927,DUMMY SLIDE,C01518150-TFIX03,TRANS,,False,False,False,,,,,,,Cannot Find
2337,96007161,20243165,DRILL TEMPLATE FOR STRINGER SPLICE FR30,C01302000-DJIG75,LCS001 LOWER,,False,False,True,,,2025-10-21,,,2026-10-21,Active
2338,96007495,20407688,FWD SERVICE DOOR SAFETY NET,GT9910588-GTOO02,MULT,,False,False,True,,,2026-02-19,,,2027-02-19,Active
2339,96007282,20243286,LH AFT CRUCIFORM DRILL JIG,C01603002-001-DJIG12,BASEMENT,,False,False,True,,,2026-02-23,,,2027-02-23,Active
2340,96002103,20207324,"CABINET, 60 GAL FLAMMABLE",896000,LCS001,,False,False,False,2025-08-12,2025-08-12,2025-08-12,,,,Active
2341,96007576,20245519,RH PASSERELLE WING CUFF STAGING,C01351300-002-SCLD11,LCS002,,False,False,True,2025-10-13,,2026-02-19,2025-11-12,,2027-02-19,Active
2342,96007727,20314655,POS TOOL AFT PYLON,C01703011-SFIX01,LCS030/040 CAGE,,False,False,True,,,2026-01-12,,,2027-01-12,Active
2343,96001961,20212098,"FAN, CIRCULATION, 24IN WITH GUARDS",AFB-243-VKM,LCS002,,False,False,True,2025-08-12,2025-08-12,2025-08-12,2025-09-11,2026-02-08,2026-08-12,Active
2344,96005483,20217434,"CART, 2PO AIR HOSE REEL",S500-120011-SFIX03,BLD. 17,,False,False,True,2025-09-18,2025-08-11,2026-02-18,2025-10-18,2026-02-07,2027-02-18,Active
2345,96011798,20350499,Ventilation Machine,C01400001-SFIX11,,,True,False,True,2026-04-27,,2026-01-01,2026-05-27,,2027-01-01,Active
2346,96007764,20245665,B-S CS300 B3-1 A B5-1 LCS002,C01356611-003-SFIX01,LCS002,,False,False,False,2025-08-13,2025-08-13,2025-08-13,2025-09-12,2026-02-09,2026-08-13,Deactivated
2347,96007873,20246292,MODIFIED FUEL ACCESS PANEL,S500-281001-TFIX05,LCS003 CAGE,,False,False,True,,,2025-11-11,,,2026-11-11,Active
2348,96006387,20220868,"STAND, PRESSURIZATION",TE-0801,LCS003,,True,True,True,2026-04-06,2025-12-10,2025-09-04,2026-05-06,2026-06-08,2026-08-08,Active
2351,96007827,20246914,DUMMY SLIDE,C01518150-TFIX03,LCS010/020 CAGE,,False,False,False,,,,,,,Deactivated
2352,96007421,20441925,Nose Jack,FEN301A21,,,False,False,True,2025-07-25,2025-07-25,2025-07-25,2025-08-24,2026-01-21,2026-07-25,Active
2353,96007535,20245812,FLOOR ALIGNMENT IN BL FOR FR30 & FR61,C01302000-001-LJIG01,LCS001 TOP,,False,False,True,2025-10-16,,2026-02-18,2025-11-15,,2027-02-18,Active
2354,96007632,20246625,AFT CARGO BEAM SUPPORT,C01344100-SFIX01,MULT,,False,False,True,,,2025-11-26,,,2026-11-26,Active
2355,96010617,20572845,Honda Portable Gasoline Generator,,,,True,False,True,2026-04-27,,2026-01-01,2026-05-27,,2027-01-01,Active
2356,96011475,20329359,Laser monument short shaft,2301-010000,,,True,False,True,2026-03-01,,2026-01-01,,,2027-01-01,Active
2357,96007546,20246231,LH OWEED BINS LOCATING JIG,C04422007-LJIG07,LCS010/020 INTERIORS CAGE,,False,False,True,2025-07-22,2025-07-22,2025-07-22,2025-08-21,2026-01-18,2026-07-22,Active
2358,96007436,20246175,"TELEX LH-302 DOUBLE SIDE, DYNAMIC, MIC A",LH-302-DM-A5M,LCS003,,False,False,False,,,,,,,Cannot Find
2359,96007498,20246812,FAL OVERWING SAFETY FENCE,GT9910591-GTOO01,LCS010/020 CAGE,,False,False,False,,,2025-12-04,,,,Active
2360,96007680,20245598,AFT PAX DOOR TRIM TOOL,C01345000-SFIX02,LCS001,,False,False,False,,,,,,,Cannot Find
2361,96007443,20246177,JIG EXTENSION CABLE (10 FEET) (US PROCUR,26018498-401,LCS003,,False,False,True,,,2026-03-08,,,2027-03-08,Active
2362,96007849,20328859,Rudder Goniometer,S500-272011-TFIX03,,,True,False,True,2026-03-01,,2026-01-01,,,2027-01-01,Active
2363,96007789,20245845,AFT CORNER FTG INBD FACE,C01663221-002-SFIX03,LCS002,,False,False,False,,,,,,,Cannot Find
2364,96007437,20321880,WING ADAPTER ASSEMBLY,PRG265T1,LCS070,,False,False,True,,,2026-01-27,,,2027-01-27,Active
2365,96007405,20245439,"DUMMY PINKIT, HSTAB",KCS126000,LCS002 CAGE,,False,False,True,2025-09-29,,,2025-10-29,,2026-06-15,Active
2366,96007751,20246847,PSD ARMING PROTECT BLOCK,S500-120011-SFIX01,LCS030/040 CAGE,,False,False,True,,,2025-12-03,,,2026-12-03,Active
2367,96007201,20243205,DRILL TEMPLATE FOR STRINGER SPLICE FR61,C01303000-DJIG35,LCS001 LOWER,,False,False,True,,,2025-10-28,,,2026-10-28,Active
2368,96007446,20246660,HEADSET STECOM 26-5007 (US PROCURED),CSB-990MAX KIT,LCS003,,False,False,True,,,,,,,Cannot Find
2369,96006619,20235764,"STRIPPER, ROUND WIRE 0.18"" TO 1.02"" WIRE",,,,False,False,False,,,,,,,Deactivated
2370,96005111,20210345,"PLATE, AIR DATA TEST",TE-0750,LCS003 CAGE,,False,False,True,2025-09-22,2025-08-13,2025-08-13,2025-10-22,2026-02-09,2026-09-22,Active
2371,96006781,20290200,"CART, TIRE AND BRAKE CHANGING",14-6883-0110,AIT SHOP,,False,False,False,,,,,,,Deactivated
2372,96007484,20246501,STOW PIN FOR R.A.T. LCS002,,,,False,False,False,,,,,,,Deactivated
2373,96004781,20209448,"PUMP, NOVATOR ORBITAL",,,,False,False,False,,,,,,,Deactivated
2374,96010678,20582341,Overwing door protection,,,,True,False,True,2026-04-27,,2026-01-01,2026-05-27,,2027-01-01,Active
2375,96011516,20329887,BLANKET VACUUM ADAPTOR,GT9910696-GTOO01,BASEMENT,,False,False,True,,,2026-03-16,,,2027-03-16,Active
2376,96007814,20246884,5-STEP LADDER - BLUE,SEP5-2436-NH,LCS030/040,,False,False,True,,,2026-01-07,,,2027-01-07,Active
2378,96007570,20246546,4-STEP NO-HANDRAIL WHITE LADDER,C01300000-SCLD20,MULT,,False,False,True,,,2026-03-08,,,2027-03-08,Active
2379,96007495,20246224,FWD SERVICE DOOR SAFETY NET,GT9910588-GTOO02,MULT,,False,False,True,,,,,,,Cannot Find
2380,96007982,20246479,HEADSET DUAL TO SINGLE PLUG ADAPTOR,S670-234001-TFIX01,FLIGHTLINE,,False,False,False,,,,,,,Deactivated
2381,96001901,20211703,"FAN, MAX PERFORMANCE PIVOTING",,,,False,False,False,,,,,,,Deactivated
2383,96007681,20246709,COCKPIT SEAT TRACK COVER,1430-03DZG-SFIX00,LCS003 (FWD PLATFORM),,False,False,True,,,2025-11-24,,,2026-11-24,Active
2384,96007961,20245904,PWWS ELECT INTER TFIX %% PWWS HEATER TES,S500-380006-TFIX01,LCS010/020 CAGE,,False,False,True,,,2025-11-03,,,2026-11-03,Active
2385,96007004,20314659,Garden hose assy rack,,,,True,False,True,2026-03-01,,2026-01-01,,,2027-01-01,Active
2386,96007880,20246987,ANTI-TARGET,S500-326101-TFIX02,LCS010/020 TOOLBOX,,False,False,False,2025-07-31,2025-07-31,2025-07-31,2025-08-30,2026-01-27,2026-07-31,Deactivated
2387,96007737,20245647,TAIL CONE HFIX SUPPORT,C02100000-001-SFIX99,LCS002,,False,False,True,2025-10-07,,2026-03-23,2025-11-06,,2027-03-23,Active
2388,96009341,20280013,"TABLE, STAINLESS STEEL WITH SHELF, 3684T",3684T,AIT SHOP,,False,False,False,,,,,,,Cannot Find
2389,96009358,20279431,STAGING WTBF AFT LH LCS010,C023800000-001-SCLD02,LCS010/020,,False,False,True,,,2025-12-19,,,2026-12-19,Active
2390,96007632,20246613,AFT CARGO BEAM SUPPORT,C01344100-SFIX01,MULT,,False,False,True,,,2025-11-27,,,2026-11-27,Active
2391,96007670,20246484,MID CARGO CSE PANEL DOLLY,C01370000-SFIX09,LCS001,,False,False,False,,,,,,,Deactivated
2392,96007872,20246033,WING FUEL TANK PRESSURE CAPS KIT,S500-281001-TFIX04,LCS003 CAGE,,True,False,True,2026-03-23,,2025-11-18,2026-04-22,,2026-11-18,Active
2393,96007955,20246300,BATTERY SIMULATOR,S500-240001-TFIX01,LCS030/040 CAGE,,False,False,True,,,2025-11-14,,,2026-11-14,Active
2394,95163226,20087059,TECHKIT/SEMKIT CARTRIDGE MIXER,TS6500,LCS030/040,,False,False,True,2025-09-22,2025-08-18,2025-09-03,2025-10-22,,2026-09-22,Active
2395,96007880,20246941,ANTI-TARGET,S500-326101-TFIX02,LCS010/020 TOOLBOX,,False,False,False,,,2026-01-23,,,2027-01-23,Active
2396,96007678,20246444,TEMP REAR FUSE FLOOR KIT,,,,False,False,False,,,,,,,Deactivated
2397,96007423,20303567,Wings Jack,FEN301A21,,,True,False,True,2026-03-01,2026-02-10,2026-01-01,2026-04-07,2026-08-09,2027-01-01,Active
2398,96003841,20207235,"GAPMAN, REMOTE CONFIG., 1.5M CABLE SET",KCS128006,LCS002 CAGE,,False,False,True,2025-09-15,2025-08-20,2026-03-30,2025-10-15,,2027-03-30,Active
2400,96007518,20246482,NOSEWEIGHT CSERIES,C02310000-HFIX16,LCS030/040,,False,False,True,,,2026-03-10,,,2027-03-10,Active
2401,96007813,20246617,4-STEP LADDER - BLUE,SEP4-2436,LCS010/020,,False,False,True,,,2025-11-26,,,2026-11-26,Active
2402,96007619,20245552,STG FWD LH,C02315000-001-SCLD13,LCS002,,False,False,True,2025-09-29,,2026-02-20,2025-10-29,,2027-02-20,Active
2403,96006582,20226371,"START PAC, 28.5V DC300 AMPS MAX",53300,LCS030/040 CAGE,,False,False,True,2025-08-26,,2025-09-03,,,2026-09-03,Active
2404,96007981,20246595,DUMMY BATTERY,S500-247012-TFIX00,LCS010/020 CAGE,,False,False,True,,,2025-11-26,,,2026-11-26,Active
2405,96007390,20246873,MFS PISTON ROD COLLAR  (US PROCURED),490500GSE1-1001,LCS010/020 CAGE,,False,False,True,,,2025-12-05,,,2026-12-05,Active
2406,96009343,20279727,MAINTENANCE JUMPER,S500-461111-TFIX99,LCS030/040,,False,False,True,,,,,,,Cannot Find
2407,96007836,20246195,OWEED CLOSING TOOL,C500-522111-TFIX04,LCS003 CAGE,,False,False,True,,,2025-11-12,,,2026-11-12,Active
2408,96007931,20246560,ENGINE WEIGHT,S500-100011-TFIX04,LCS010/020,,False,False,True,,,2026-03-16,,,2027-03-16,Active
2409,96007806,20246590,10-STEP LADDER - BLUE,ML-103221G,LCS002,,False,False,True,,,2025-11-27,,,2026-11-27,Active
2410,96002753,20227554,"HARNESS, SAFETY, VEST-STYLE, MED/LARGE",,,,False,False,False,,,,,,,Deactivated
2411,96007701,20245611,SHIM BONDING FIXTURES FOR PROJECT 38,C01603001-SFIX30,LCS002,,False,False,True,,,2025-11-06,,,2026-11-06,Active
2412,96007283,20243287,RH FWD CRUCIFORM,C01603002-002-DJIG10,BASEMENT,,True,False,True,2026-03-30,,,2026-04-29,,2026-06-06,Active
2413,96007931,20246455,ENGINE WEIGHT,S500-100011-TFIX04,LCS010/020,,False,False,True,,,2026-03-16,,,2027-03-16,Active
2414,96007817,20245697,7-STEP LADDER - GREY (PRIMER),,,,False,False,False,,,,,,,Deactivated
2415,96007275,20243279,TENSION FITTING DRILL JIGS,KCS128005,BASEMENT,,True,False,True,2026-03-30,,2026-02-25,2026-04-29,,2027-02-08,Active
2416,96007004,20314658,Garden hose assy rack,,,,True,False,True,2026-03-01,,2026-01-01,,,2027-01-01,Active
2417,96006718,20234671,"SCALE, AC40-LP-IS LOW PROFILE PLATFORM",AC40-LP-IS,LCS070,,False,False,True,2025-09-09,,2025-09-15,2025-10-09,,2026-09-15,Active
2418,96009364,20279457,"LOCKING PIN, OWEED TOOL",S500-522110-SFIX01,LCS070,,False,False,True,,,,,,,Cannot Find
2419,96007481,20246141,BUSH ADAPTOR -3 LOCK SCREWS,GT996690-GTOO08-GE001085,ADU SHOP TOOLBOX,,False,False,True,,,2025-11-21,,,2026-11-21,Active
2420,96007475,20246223,HANDLE C/SINK,GT9910693-GTOO01,Basement,,False,False,True,,,2025-11-11,,,2026-11-11,Active
2421,96007952,20245899,CARGO SOV CONTROL BOX,S500-210001-TFIX02,LCS003 CAGE,,False,False,True,,,2025-11-03,,,2026-11-03,Active
2422,96007877,20245711,NLG SECURE GROUND LOCK PIN,S500-321011-TFIX02,LCS002 CAGE Rack 6 Shelf A,,False,False,True,2025-10-08,,2026-01-20,2025-11-07,,2027-01-20,Active
2423,96007553,20245975,LEVELLING KIT,C04421011-LJIG04,LCS010/020 INTERIORS CAGE,,False,False,True,,,2025-11-03,,,2026-11-03,Active
2424,96004432,20234208,"LADDER, CAGE ADJ SAFETY TYPE 1AA 3-5FT",SEP5-2436,LCS001,,False,False,True,,,2025-09-03,,,2026-09-03,Active
2425,96007682,20246731,COCKPIT WORKING BENCH,,,,False,False,False,,,,,,,Deactivated
2426,96007998,20245913,HSTA RIGGING BAR  (US PROCURED),490700GSE4-1001,LCS003 CAGE,,False,False,True,,,2025-11-03,,,2026-11-03,Active
2427,96007946,20245735,MLG SV ADAPTER,S500-321011-TFIX01,LCS003 CAGE,,False,False,True,2025-10-06,,,2025-11-05,,2026-06-10,Active
2428,96007881,20246972,TARGET  MLG,S500-326101-TFIX03,FLIGHTLINE,,False,False,True,,,2026-01-20,,,2027-01-20,Active
2429,96009113,20271438,"VACUUM, UPRIGHT CORDLESS LITHIUM-ION KIT",DYSON,LCS010/020 INTERIORS CAGE,,False,False,False,,,,,,,Cannot Find
2430,96007371,20245930,NOSE WEIGHT LIFT TABLE,LT03-6448-5000,LCS002,,False,False,True,2025-07-25,2025-07-25,2025-07-25,2025-08-24,2026-01-21,2026-07-25,Active
2431,96007412,20245786,OXYGEN ADAPTER FOR SERVICING CART  (US,,,,False,False,False,,,,,,,Deactivated
2432,96007769,20245841,CARGO DOOR ACTUATOR MANUAL TOOL,C01559489-SFIX01,LCS010/020 CAGE,,False,False,True,2025-10-15,,,2025-11-14,,2026-07-09,Active
2433,96007815,20246793,5-STEP LADDER NO HAND RAIL - BLUE,,,,False,False,False,,,,,,,Deactivated
2434,96007827,20246932,DUMMY SLIDE,C01518150-TFIX03,TRANS,,False,False,False,,,,,,,Cannot Find
2435,96007310,20243314,CS300 FWD TRIFORM,C01663001-002-DJIG30,LCS002,,False,False,False,,,2026-02-26,,,,Deactivated
2436,96007581,20246776,5-STEP WHITE LADDER,C01601001-SCLD01,FLIGHTLINE,,False,False,True,,,2025-11-25,,,2026-11-25,Active
2437,96011451,20328816,"POWER UNIT, FCX ELECTRIC GROUND",PFC072,LCS070,,False,False,True,2025-07-23,2025-07-23,2025-07-23,2025-08-22,2026-01-19,2026-07-23,Active
2438,96007675,20246650,FWD CARGO BEAM SUPPORT,C01754200-SFIX01,US-LCS001-MEC,,False,False,True,,,2025-11-25,,,2026-11-25,Active
2439,96007074,20248182,"CHARGER-ANALYZER, INTELLIGENT BATTERY",9899603001,BATTERY SHOP,,False,False,True,,,2025-12-12,,,2026-12-12,Active
2440,96007803,20246746,7-STEP LADDER - GREY,ML-073221G,LCS070,,False,False,True,,,2025-11-24,,,2026-11-24,Active
2441,96007395,20246129,LOAD RESISTOR 5W,5-T-MTB,LCS010/020,,False,False,True,,,2025-12-16,,,2026-12-16,Active
2442,96007814,20319927,5-STEP LADDER - BLUE,WA053214GSU,LCS070,,False,False,True,,,2026-01-31,,,2027-01-31,Active
2443,96007561,20284450,TAIL CONE DOLLY,C02100110-TRDY01,BUILDING 6,,False,False,True,,,2026-01-12,,,2027-01-12,Active
2445,96007751,20246865,PSD ARMING PROTECT BLOCK,S500-120011-SFIX01,LCS070,,False,False,True,,,2025-12-05,,,2026-12-05,Active
2446,96007192,20243196,DRILL TEMPLATE FOR STRINGER SPLICE FR61,C01303000-DJIG26,LCS001 TOP,,False,False,True,,,2025-10-29,,,2026-10-29,Active
2447,96007580,20246819,3-STEP AVIONIC LADDER  + WHITE EXTENSION,C01300000-SCLD23,LCS002,,False,False,True,,,2025-12-01,,,2026-12-01,Active
2448,96007140,20243144,DRILL TEMPLATE FOR STRINGER SPLICE FR30,C01302000-DJIG54,LCS001 TOP,,False,False,True,,,2025-10-21,,,2026-10-21,Active
2449,96007463,20245799,MLG ORING PUSHER LCS002,GT9910343-GTOO01,LCS002 CAGE,,False,False,True,2025-10-14,,2026-04-27,2025-11-13,,2027-04-27,Active
2450,96007560,20284444,MID FUSE SUPPORT (4 POSTS),C01370000-PUPJ08,LCS001,,False,False,True,,,2026-01-14,,,2027-01-14,Active
2451,96007710,NO-BFM-1766156643-5795,Spoiler Holder While Flap Instl.,,LCS003,,False,False,False,,,,,,,Deactivated
2452,96007390,20246864,MFS PISTON ROD COLLAR  (US PROCURED),490500GSE1-1001,LCS010/020 CAGE,,False,False,True,,,2025-12-04,,,2026-12-04,Active
2453,96008422,20263217,ESD Cabinet,? TENNSCO CABINET?,LCS070,,False,False,True,,,2025-12-12,,,2026-12-12,Active
2454,96007360,20245409,OXYGEN SERVICING CART (TRONAIR) (US PROC,20-4505-7000,903,,False,False,True,2025-07-25,2025-07-25,2025-07-25,2025-08-24,2026-01-21,2026-07-25,Active
2455,96007730,20245640,PROTECT. VSTAB LINK INSTL LCS002,C01900100-001-SFIX01,LCS002 CAGE,,False,False,True,2025-07-22,2025-07-22,2025-07-22,2025-08-21,2026-01-18,2026-07-22,Active
2456,96007879,20246642,UPLOCK CONSIGNATION,S500-321011-TFIX04,LCS010/020 CAGE,,False,False,True,,,2025-11-25,,,2026-11-25,Active
2457,96006637,20242653,SPOILER INCLINOMETER,S500-276011-TFIX02,FLIGHTLINE,,False,False,True,2025-09-18,,,2025-10-18,,2026-09-09,Active
2458,95167435,20070181,D000-74405-202W8230-89A99,,,,False,False,False,,,,,,,Deactivated
2459,96007250,20243254,FLOOR FR30 RBL23 BL0 LCS010,,,,False,False,False,,,,,,,Deactivated
2460,96008020,20245765,MAINTENANCE PORT PROGRAMMING KIT (US PRO,0061RT1,LCS003 CAGE,,False,False,True,2025-10-14,,,2025-11-13,,2026-10-14,Active
2461,96007570,20246525,4-STEP NO-HANDRAIL WHITE LADDER,C01300000-SCLD20,LCS070,,False,False,True,,,2026-03-12,,,2027-03-12,Active
2462,96007798,20247012,FOD PROTECTION COVER,S500-210001-SFIX04,LCS070 CAGE,,False,False,True,,,2025-12-09,,,2026-12-09,Active
2463,96007484,20246459,STOW PIN FOR R.A.T. LCS002,,,,False,False,False,,,,,,,Deactivated
2464,96007528,20245498,CARGO DOOR LIFTING FIXTURE,C01550000-HFIX01,LCS001,,False,False,True,2025-10-14,,2026-02-17,2025-11-13,,2027-02-17,Active
2465,96007379,20303563,Skydrol Oil servicing hand pump,06-4035-3600,BLD. 17 STORAGE,,True,False,True,2026-04-06,,2026-01-01,2026-06-05,,2027-05-06,Active
2466,96007675,20246588,FWD CARGO BEAM SUPPORT,C01754200-SFIX01,US-LCS001-MEC,,False,False,True,,,2025-11-25,,,2026-11-25,Active
2467,96007580,20246815,3-STEP AVIONIC LADDER  + WHITE EXTENSION,C01300000-SCLD23,LCS010/020,,False,False,True,,,2025-12-02,,,2026-12-02,Active
2468,96006488,20230895,"HEADSET, CSB SERIES",CSB-990MAX KIT,LCS010/020 CAGE,,False,False,True,,,2025-10-21,,,2026-10-21,Active
2471,96005882,20218949,SLAT TRACK FRONT STOP NO-GO GAUGE,S500-278101-TFIX03,LCS003 CAGE,,False,False,True,2025-08-12,2025-08-12,2025-08-12,2025-09-11,2026-02-08,2026-08-12,Active
2472,96004780,20208742,"PUMP, ACCULUBE FOR CLECO ADU",,,,False,False,False,,,,,,,Deactivated
2473,96007249,20243253,FLOOR FR30 LBL23 BL0 LCS010,,,,False,False,False,,,,,,,Deactivated
2474,96007575,20245518,LH PASSERELLE WING CUFF STAGING,C01351300-001-SCLD11,LCS002,,False,False,True,2025-09-30,,2026-03-23,2025-10-30,,2027-03-23,Active
2476,96007480,20246096,BUSHING GUIDE -3  GB000697,GT996690-GTOO05-GB000697,US-LCS002,,False,False,True,,,,,,,Cannot Find
2477,96007905,20245715,PNEUMATIC TEST PANEL (BATTERY SHOP),TE-0177H1,LCS003,,False,False,False,,,,,,,Deactivated
2479,96007979,20246214,MAINTENANCE PANEL HARNESS,S500-461111-TFIX03,LCS 003 CAGE RACK 2,,True,False,True,2026-03-23,,2026-01-09,2026-04-22,,2027-03-21,Active
2480,96008848,20261094,ESD Continuous Monitor,19321,MULT,,False,False,True,,,2025-12-11,,,2026-12-11,Active
2481,96007514,20245966,MLG S/BRACE ADAPTOR HEAD LCS002,C01619001-HFIX02,LCS002,,False,False,True,,,2025-11-04,,,2026-11-04,Active
2482,95164389,20236593,"DISPENSER, SHOE COVER, BOOTIE BUTLER",SHOE COVER DISPENSER,DELIVERY CENTER,,False,False,False,,,,,,,Cannot Find
2483,96007341,20245248,AFT & FWDPAX DOOR HANDLE PROTECTION,C05158150-SFIX01,LCS070,,False,False,False,,,,,,,Deactivated
2484,96007827,20246926,DUMMY SLIDE,C01518150-TFIX03,TRANS,,False,False,False,,,,,,,Cannot Find
2485,96005150,20254328,"CARGO BAR, 40""-70"" HEAVY DUTY",,,,False,False,False,,,,,,,Deactivated
2487,96007682,20246745,COCKPIT WORKING BENCH,,,,False,False,False,,,,,,,Deactivated
2488,96007856,20330136,PROLINE 3600 POWER CONNECTOR,S500-275011-TFIX03,LCS010/020 CAGE/RACK 2,,False,False,True,,,2026-03-24,,,2027-03-24,Active
2489,96007390,20246867,MFS PISTON ROD COLLAR  (US PROCURED),490500GSE1-1001,LCS010/020 CAGE,,False,False,True,,,2025-12-01,,,2026-12-01,Active
2490,96007854,20246152,CLINO ANTENNA HOLDER BRACKET,S500-273011-TFIX04,LCS010/020 CAGE,,False,False,False,,,,,,,Deactivated
2493,96011516,20329888,BLANKET VACUUM ADAPTOR,GT9910696-GTOO01,BASEMENT,,True,False,True,2026-04-28,,2026-01-01,2026-06-27,,2027-05-28,Active
2494,96011476,20329418,Laser monument long shaft,2301-020000,,,True,False,True,2026-04-30,,2026-01-01,2026-05-30,,2027-01-01,Active
2495,96007565,20245980,C SERIES SELF-OPENING DOOR CAMERA,C01570000-RFIX03,LCS003 CAGE,,False,False,True,,,2025-11-07,,,2026-11-07,Active
2496,96007957,20246058,CABLE FOR HSTAB BRAKE,S500-274011-TFIX01,LCS003 CAGE,,False,False,True,,,2025-11-17,,,2026-11-17,Active
2497,95160058,20003095,D533-7400-000W8000-84A99 (LADDER),,,,False,False,False,,,,,,,Deactivated
2498,96005311,20281981,"HEADSET, H10-30 AVIATION",2006690,FLIGHTLINE,,False,False,True,,,,,,,Cannot Find
2499,96007831,20246554,HEADSET EXTENSION (30 FT),BA670-40001-SFIX02,LCS003 CAGE,,False,False,True,,,2026-03-16,,,2027-03-16,Active
2500,96007893,20246043,WATER SYSTEM KIT,S500-381001-TFIX01,US-LCS003-MEC,,False,False,True,,,2025-11-20,,,2026-11-20,Active
2501,96009713,20296663,WINGS PROTECTIONS STORAGE CART,C01600000-SFIX90,LCS030/040,,False,False,True,,,2026-01-13,,,2027-01-13,Active
2502,96007342,20245265,"PROTECTION, EMERGENC DR SLIDE LVR, A321",C05258250-SFIX01,LCS070,,False,False,True,,,2026-03-09,,,2027-03-09,Active
2504,96007930,20246619,ENG WEIGHT PYLON INTERFACE,S500-100011-TFIX03,LCS030/040,,False,False,True,,,2025-11-28,,,2026-11-28,Active
2505,96007507,20245484,LCS002 TRONAIR LIFTING DEVICE (US PROCUR,C01368058-HFIX01,LCS001,,True,True,True,2026-03-08,2026-01-15,,2026-04-07,2026-07-14,2026-06-15,Active
2506,96007165,20243169,DRILL TEMPLATE FOR STRINGER SPLICE FR30,C01302000-DJIG79,LCS001 LOWER,,False,False,True,,,2025-10-21,,,2026-10-21,Active
2507,96007845,20282604,FIREX COMPLETE TEST KIT,S500-262001-TFIX01,LCS903,,False,False,True,,,2026-01-14,,,2027-01-14,Active
2508,96007848,20246017,AILERON LOAD PAD,S500-271011-TFIX02,LCS010/020 CAGE,,False,False,True,,,2025-11-21,,,2026-11-21,Active
2509,96007928,20246538,OWEED DUMMY ACTUATOR,C500-522111-TFIX01,LCS002 CAGE,,False,False,True,,,2026-03-20,,,2027-03-20,Active
2510,96007395,20246173,LOAD RESISTOR 5W,5-T-MTB,LCS010/020-Located inside WattMetter Kit,,False,False,True,,,2025-12-17,,,2026-12-17,Active
2511,96007982,20246563,HEADSET DUAL TO SINGLE PLUG ADAPTOR,S670-234001-TFIX01,LCS030/040 CAGE,,False,False,False,,,2026-03-18,,,,Cannot Find
2512,96007443,20246089,JIG EXTENSION CABLE (10 FEET) (US PROCUR,26018498-401,LCS003 CAGE,,False,False,True,,,2025-11-20,,,2026-11-20,Active
2513,96008262,20250706,TLD DIESEL GPU,GPU-409-E-CUP-28,FLIGHTLINE,,True,True,True,2026-03-08,2025-12-12,2026-03-23,2026-04-07,2026-06-10,2027-03-23,Active
2514,96007889,20246040,TOTALIZER,S500-380011-TFIX03,LCS030/040 CAGE,,False,False,False,,,2025-11-18,,,2026-11-18,Active
2515,96007154,20243158,DRILL TEMPLATE FOR STRINGER SPLICE FR30,C01302000-DJIG68,LCS001 LOWER,,False,False,True,,,2025-10-23,,,2026-10-23,Active
2516,96007911,20246112,SUPER AIR AMPLIFIER,TE-0804,BASEMENT,,False,False,True,,,2025-11-20,,,2026-11-20,Active
2517,96007832,20246192,EXTERNAL HANDLE ADAPTER (ESCAPE HATCH),C01204500-TFIX01,LCS003 CAGE,,False,False,True,,,2025-11-13,,,2026-11-13,Active
2518,96006637,20230139,SPOILER INCLINOMETER,S500-276011-TFIX02,LCS010/020 CAGE,,False,False,True,2025-09-08,,2025-09-05,2025-10-08,,2026-09-05,Active
2519,96007632,20246673,AFT CARGO BEAM SUPPORT,C01344100-SFIX01,MULT,,False,False,True,,,2025-11-24,,,2026-11-24,Active
2520,96007673,20246369,TEMPORARY FLOOR DOLLY,,,,False,False,False,,,,,,,Deactivated
2521,96007552,20245510,FWD C/FTG RH CS300,C01663001-002-LJIG40,LCS002 CAGE,,False,False,True,2025-09-30,,2026-04-27,,,2026-10-30,Active
2522,96009359,20279433,STAGING WTBF AFT RH LCS010,C023800000-002-SCLD02,LCS010/020,,False,False,True,,,2026-01-21,,,2027-01-21,Active
2523,96003688,20269068,RIVETLESS NUTPLATE INSTALLATION GUN,,,,False,False,False,,,,,,,Deactivated
2524,95164332,20026080,"DRAWER CABINET, 6 DRAWERS, H39.38""XD28.5""",K101,ADU SHOP,,False,False,True,2025-08-13,2025-08-13,2025-08-13,2025-09-12,2026-02-09,2026-08-13,Active
2525,96007682,20246710,COCKPIT WORKING BENCH,1430-03DZG-SFIX01,LCS003,,False,False,True,,,2025-11-25,,,2026-11-25,Active
2526,96005868,20218832,"GUAGE, FLUID SERVICE UNIT",14-6884-6000,FLIGHTLINE,,False,False,True,2025-09-18,2025-08-14,2026-03-23,2025-10-18,2026-02-10,2027-03-23,Active
2527,96007565,20245823,C SERIES SELF-OPENING DOOR CAMERA,C01570000-RFIX03,LCS003 CAGE,,False,False,True,,,2026-03-08,,,2027-03-08,Active
2528,96007492,20245477,PRIMARY LOAD PINS TORQUE TOOL,GT9910106-GTOO01,LCS002 CAGE,,False,False,True,,,2025-11-04,,,2026-11-04,Active
2529,96007423,20303570,WING JACK TRIPOD (US PROCURED),FEN301A21,BUILDING 31,,False,False,True,2025-07-23,2025-07-23,2025-07-23,2025-08-22,2026-01-19,2026-07-23,Active
2530,96007676,20246464,FWD CARGO FLOOR DOLLY,C02310000-SFIX11,LCS001,,False,False,False,,,,,,,Deactivated
2531,96007197,202431201,DRILL TEMPLATE FOR STRINGER SPLICE FR61,C01303000-DJIG31,LCS001 TOP,,False,False,False,,,2025-10-28,,,,Cannot Find
2532,96003873,20254425,"OHMMETER, MICRO, LOW RESISTANCE",,,,False,False,False,,,,,,,Deactivated
2533,96011343,20328092,LCS001 FUSELAGE JUNCTION POSITIONERS,C00100018-AJFA01,LCS001,,True,True,True,2026-03-03,2026-02-11,2025-11-14,2026-04-02,2026-08-10,2026-11-14,Active
2534,96007803,20246711,7-STEP LADDER - GREY,ML-073221G,LCS003,,False,False,True,,,2025-11-26,,,2026-11-26,Active
2535,96007710,NO-BFM-1766156905-2079,Spoiler Holder While Flap Instl.,,LCS003,,False,False,False,,,,,,,Deactivated
2536,96007541,20246272,INTER-DADO POSITIONING JIG,C04400708-LJIG01,LCS010/020 Cage Rack 1 Row C,,False,False,True,,,2025-11-11,,,2026-11-11,Active
2537,96007423,20246699,WING JACK TRIPOD (US PROCURED),D03034K2D1B01B0 PM1,BLD. 17 BAY 5,,True,True,True,2026-03-04,2026-02-03,2025-12-12,2026-04-03,2026-08-02,2026-12-12,Active
2538,96007806,20319932,10 STEP LADDER,WA103214GSU,GUAGING CANOPY,,False,False,True,,,2026-01-31,,,2027-01-31,Active
2539,96007088,20243092,DRILL TEMPLATE FOR STRAP FR30,C01302000-DJIG02,LCS001 TOP,,False,False,True,,,2025-09-08,,,2026-09-08,Active
2540,96004944,20214690,"BAG, TOOL TOTE",,,,False,False,False,,,,,,,Deactivated
2542,96007831,20303622,Extension head set,BA670-40001-SFIX02,,,True,False,True,2026-03-01,2025-07-23,2026-01-01,2025-08-22,2026-01-19,2027-01-01,Active
2543,96007953,20582323,Power Supply 28 V DC,,,,True,False,True,2026-03-01,,2026-01-01,,,2027-01-01,Active
2544,96007811,20245849,14-STEP LADDER - GREY (IMPR),,,,False,False,False,,,,,,,Deactivated
2545,96011615,20332416,Wing false work padding protection,C01686364-SFIX01,,,True,False,True,2026-04-27,,2026-01-01,2026-05-27,,2027-01-01,Active
2546,96005155,20210631,"STAND, STATIONARY SCREW JACK",JACK STAND,LCS003 CAGE/Floor,,False,False,True,2025-09-22,2025-08-14,2025-08-14,2025-10-22,2026-02-10,2026-09-12,Active
2547,96007854,20246196,CLINO ANTENNA HOLDER BRACKET,S500-273011-TFIX04,LCS010/020 CAGE,,False,False,True,,,2025-11-10,,,2026-11-10,Active
2549,96007670,20246526,MID CARGO CSE PANEL DOLLY,C01370000-SFIX09,LCS001,,False,False,True,,,2026-03-18,,,2027-03-18,Active
2550,96008328,20253308,"DETECTOR, PARTICLE / BP6NN021",IPD22322130,LCS030/040,,False,False,True,,,2025-12-12,,,2026-12-12,Active
2551,96007934,20246298,PRESSURIZATION BLANKING KIT,S500-213001-TFIX03,LCS003 CAGE,,False,False,False,,,,,,,Cannot Find
2552,96007407,20245940,WINGRIP WING KIT,KIT–WINGRIP - PM1-VACUUM,LCS002,,False,False,True,,,2025-11-11,,,2026-11-11,Active
2553,96007342,20303607,Protection Service Door Handle,,,,True,False,True,2026-04-07,,2026-01-01,2026-05-07,,2027-01-01,Active
2554,96007396,20245936,VALVE CONTROL BOX,99422A010000,LCS003 CAGE,,False,False,True,,,2025-11-03,,,2026-11-03,Active
2555,96007477,20246183,CASE FOR FR61 PLIERS + CLECO,GT9910724-GTOO02,LCS001 TOP,,False,False,True,,,2025-11-14,,,2026-11-14,Active
2556,96007982,20246521,HEADSET DUAL TO SINGLE PLUG ADAPTOR,S670-234001-TFIX01,LCS003 CAGE,,False,False,True,,,2026-03-16,,,2027-03-16,Active
2557,96007523,20245493,BTL LIFT TOOL ADAPTOR,C00812602-HFIX01,LCS003 CAGE,,False,False,True,2025-10-15,,,2025-11-14,,2026-10-20,Active
2558,96004780,20208738,"PUMP, ACCULUBE FOR CLECO ADU",,,,False,False,False,,,,,,,Deactivated
2559,96007759,20245660,RSPAR CS300 RS1-1 & RS2-1 LCS002,C01356604-003-SFIX03,LCS002,,False,False,True,2025-10-08,,2026-03-23,2025-11-07,,2027-03-23,Active
2560,96007784,20245681,T-FTG CS300 TF13-2/TF20-2,C01663001-001-SFIX03,LCS002,,False,False,False,,,,,,,Cannot Find
2561,96007964,20246064,L/H ELECTRICAL ENGINE INTERFACE TEST HAR,S500-710006-TFIX02,LCS003 CAGE,,False,False,True,,,2025-11-20,,,2026-11-20,Active
2562,96007840,20246291,PRESSURE PANEL,S500-213001-TFIX01,LCS003 CAGE,,False,False,True,,,2025-11-10,,,2026-11-10,Active
2563,96007751,20246838,PSD ARMING PROTECT BLOCK,S500-120011-SFIX01,LCS030/040 CAGE,,False,False,True,,,2025-12-02,,,2026-12-02,Active
2564,96007579,20245520,NOSE CONE PLATFORM,C01200000-SCLD01,LCS003,,False,False,True,2025-09-30,,2026-03-23,2025-10-30,,2027-03-23,Active
2565,96007755,20245656,ACS410 AFT W/WASTE TEMP FLOOR,C01340000-SFIX04,US-LCS002-MEC,,False,False,True,2025-10-06,,,2025-11-05,,2026-07-08,Active
2566,96007827,20246915,DUMMY SLIDE,C01518150-TFIX03,LCS003 CAGE,,False,False,False,,,,,,,Deactivated
2567,96004944,20214692,"BAG, TOOL TOTE",,,,False,False,False,,,,,,,Deactivated
2568,96007883,20246453,RADIO ALTIMETER DUMMY ANTENNA,S500-344411-TFIX01,LCS003 CAGE,,False,False,True,,,2026-03-16,,,2027-03-16,Active
2569,96007073,20243090,"POWER PACK, TECHNO PLATE DETACHABLE CONT",POWER PACK,LCS002 CAGE,,False,False,True,2025-09-08,,2025-09-19,2025-10-08,,2026-09-19,Active
2570,96007311,20243315,CS300 CTR TRIFORM,C01663001-002-DJIG31,LCS002,,False,False,False,,,2026-02-27,,,,Deactivated
2572,96007420,20245792,ALL-TERRAIN PALLET TRUCK,H-2722,LCS003,,False,False,False,,,,,,,Cannot Find
2573,96007519,20246577,JACK BALL NOSE LANDING GEAR,C02310000-HFIX18,MULT,,False,False,True,,,2025-11-27,,,2026-11-27,Active
2574,96007913,20246201,"EXTERNAL HANDLE ADAPTER (FPD, APD, FSD,",C01518150-TFIX01,LCS003 CAGE,,False,False,True,,,2025-11-10,,,2026-11-10,Active
2575,96007383,20245425,SKYDROL OIL SERVICING - AIR PUMP 55 GAL,06-5024-3610,A220 FAL South Wall,,False,False,True,2025-10-17,,,2025-11-16,,2026-05-20,Active
2576,96004780,20208743,"PUMP, ACCULUBE FOR CLECO ADU",012X00XXX210X100X,LCS002 TOP,,False,False,False,2025-08-25,,,,,,Cannot Find
2577,96007493,20246579,ZERO ENERGY / POWER OFF,GT9910182-GTOO02,FLIGHTLINE,,False,False,True,,,2025-11-28,,,2026-11-28,Active
2578,96007369,20245415,GANTRY ENGINE WEIGHT,FG-3-20-10 PM2,LCS003,,False,False,True,2025-10-08,,,2025-11-07,,2026-06-05,Active
2579,96007075,20245033,"CART, NITROGEN-LAV A LEAK & OBST TFIX",C500-351011-TFIX01,LCS010/020 CAGE,,False,False,True,2025-10-13,,,2025-11-12,,2026-05-05,Active
2580,96007921,20245724,HP AIR ADAPTER MID,C500-360011-TFIX02,LCS003 CAGE,,False,False,True,2025-10-06,,2026-02-20,2025-11-05,,2027-02-20,Active
2581,96007291,20243295,FRONT SPAR DRILL JIG LH,C01603005-001-DJIG01,BASEMENT,,False,False,True,,,2026-02-24,,,2027-02-24,Active
2582,96011475,20329373,Laser monument short shaft,2301-010000,LCS-003 - LASER BOX A,,False,False,True,,,2026-02-06,,,2028-02-06,Active
2584,96007943,20284454,SLATS OVERLAP GO NO-GO GAGE,S500-278101-TFIX01,LCS003 CAGE,,False,False,False,,,2026-01-15,,,,Deactivated
2585,96007541,20246315,INTER-DADO POSITIONING JIG,C04400708-LJIG01,LCS010/020 INTERIORS CAGE,,False,False,False,,,2025-08-19,,,,Deactivated
2586,96007024,20242614,SLING-WEAR-FLEX-EE4-0902 X 10 -CHOKER 88,,,,False,False,False,,,,,,,Deactivated
2587,96007473,20245801,DRILLING CUP,GT9910678-GTOO01,LCS002 CAGE,,False,False,True,2025-10-14,,2026-04-27,2025-11-13,,2027-04-27,Active
2588,96007661,20245588,F/S WEB RH FS1-2 & FS2-2 LCS002,C01356503-002-SFIX01,LCS002,,False,False,True,2025-09-30,,,2025-10-30,,2026-09-15,Active
2589,96007794,20246333,TEMPORARY CKP CABIN FLOOR DOLLY,,,,False,False,False,,,,,,,Deactivated
2590,96003699,20217295,TORQ WRENCH,,,,False,False,False,,,,,,,Deactivated
2591,96007683,20246371,PILOT HEADSET SPLITTER EXTENSION,BD500-23001-SFIX02,LCS003,,False,False,True,,,,,,,Cannot Find
2592,96007395,20246085,LOAD RESISTOR 5W,5-T-MTB,LCS-003,,False,False,False,,,,,,,Cannot Find
2593,96005506,20217606,"TEST SET, AIR DATA DPST-9300A",DPST-9300A,LCS030/040 CAGE,,False,False,False,,,,,,,Deactivated
2594,96007166,20243170,DRILL TEMPLATE FOR STRINGER SPLICE FR30,C01302000-DJIG80,LCS001 LOWER,,False,False,True,,,2025-10-20,,,2026-10-20,Active
2595,96007813,20246665,4-STEP LADDER - BLUE,SEP4-2436,LCS070,,False,False,True,,,2025-11-25,,,2026-11-25,Active
2596,96007252,20243256,FLOOR FR30 RBL43.5 LCS010,,,,False,False,False,,,,,,,Deactivated
2597,96009468,20282597,"BELT, BARRIER, RETRACTABLE STRIPPED YELLOW",60145T267,LCS001,,False,False,False,,,2026-01-13,,,2027-01-13,Active
2598,96007834,20306596,EOAM TRIGGER RIGGING,C01518150-TFIX06,DOORS BOX,,False,False,True,,,2026-01-15,,,2027-01-15,Active
2599,96007739,20246394,TEMP FWD FUSE FLOOR KIT,,,,False,False,False,,,,,,,Deactivated
2600,96005353,20212419,"CART, ONE BOTTLE 12-3103-6011-02",12-3103-6011,LCS003 CAGE,,False,False,True,2025-09-15,2025-08-13,2026-04-27,2025-10-15,2026-02-09,2027-04-27,Active
2601,96009345,20279844,CANTILEVER ROLLING LADDER,UCS500730242,ACS825,,False,False,True,,,2026-01-29,,,2027-01-29,Active
2602,96007256,20243260,FLOOR FR61 RBL23 BL0 LCS010,C01304262-DJIG04,LCS001 TOP,,False,False,True,,,2026-03-05,,,2027-03-05,Active
2605,96003909,20200372,SAFE-T-CABLE VERIFICATION BLOCK,,,,False,False,False,,,,,,,Deactivated
2606,96007316,20288998,AFT PYLON DRILL JIG,C01703011-DJIG02,LCS030/040 CAGE,,False,False,True,,,2026-02-24,,,2027-02-24,Active
2607,96007879,20246654,UPLOCK CONSIGNATION,S500-321011-TFIX04,LCS010/020 CAGE,,False,False,True,,,2025-11-28,,,2026-11-28,Active
2608,96009468,20282593,"BELT, BARRIER, RETRACTABLE STRIPPED YELLOW",60145T267,LCS030/040,,False,False,False,,,2026-01-14,,,2027-01-14,Active
2609,96007423,20246741,WING JACK TRIPOD (US PROCURED),D03034K2D1B01B0 PM1,LCS003,,True,True,True,2026-03-02,2026-01-31,2025-12-10,2026-04-01,2026-07-30,2026-12-10,Active
2611,96007826,20245852,AM/FM RECEIVER AND SAFETY KIT,S500-518011-TFIX01,FLIGHTLINE,,False,False,True,2025-10-14,,,2025-11-13,,2026-07-08,Active
2612,96007856,20330137,PROLINE 3600 POWER CONNECTOR,S500-275011-TFIX03,LCS030/040 CAGE,,False,False,True,,,2026-02-10,,,2027-02-10,Active
2613,96007179,20243183,DRILL TEMPLATE FOR STRINGER SPLICE FR61,C01303000-DJIG13,LCS001 TOP,,False,False,True,,,2025-10-28,,,2026-10-28,Active
2614,96007953,20246208,POWER SUPPLY 28 VDC,S500-210006-TFIX01,LCS003,,False,False,True,,,2025-11-12,,,2026-11-12,Active
2615,95163226,20026978,TECHKIT/SEMKIT CARTRIDGE MIXER,TS6500,LCS070,,False,False,True,2025-09-22,,2025-09-03,2025-10-22,,2026-09-22,Active
2616,96004389,20218831,"TOOL, BAND-IT BANDING",,,,False,False,False,,,,,,,Deactivated
2617,96007355,20245928,CSERIES INTERIORS CHK JIG,C04400000-CKGG01,LCS030/040 CAGE,,False,False,True,,,2025-11-03,,,2026-11-03,Active
2619,96011516,20329892,BLANKET VACUUM ADAPTOR,GT9910696-GTOO01,BASEMENT,,True,False,True,2026-05-01,,2026-01-01,2026-06-30,,2027-05-31,Active
2620,96006853,20238355,"INDUSTRIAL VIDEOSCOPE, IPLEX G LITE",IV9435GL,FLIGHTLINE,,False,False,True,2025-09-18,,2026-03-23,2025-10-18,,2027-03-23,Active
2621,96006374,20220583,"TUG, MASTER MOVER MT800 ELECTRIC",MT800,LCS002,,False,False,True,2025-08-28,,2025-09-02,2025-09-27,,2026-09-02,Active
2622,96007512,20245807,LIFTING KIT WINGLET,C01618001-HFIX03,LCS002 CAGE,,False,False,True,2025-10-17,,,2025-11-16,,2026-07-08,Active
2624,96006541,20248576,"ASSEMBLY, HYDRAULIC CRIMPER",PWR FEED CRIMPER KIT,LCS002 CAGE,,False,False,True,,,2025-12-09,,,2026-12-09,Active
2625,96007849,20245861,RUDDER GONIOMETER,,,,False,False,False,,,,,,,Deactivated
2626,96011516,20329891,BLANKET VACUUM ADAPTOR,GT9910696-GTOO01,BASEMENT,,True,False,True,2026-04-30,,2026-01-01,2026-06-29,,2027-05-30,Active
2627,96007601,20245536,STG-OVER_WING_LH,C01600000-001-SCLD13,LCS003,,False,False,True,2025-09-29,,,2025-10-29,,2026-07-05,Active
2628,96007933,20246254,SAFETY NET KIT,S500-213001-TFIX02,LCS903,,False,False,True,,,2025-11-14,,,2026-11-14,Active
2629,96007667,20245594,RSPAR CS300 RS3-2 LCS002,C01356604-004-SFIX01,LCS002,,False,False,True,2025-09-30,,,2025-10-30,,2026-09-05,Active
2630,96011327,20327669,TENSION FTG SHIMS,C01603001-002-LJIG01,LCS001,,False,False,True,,,,,,,Cannot Find
2631,96007473,20245958,DRILLING CUP,GT9910678-GTOO01,LCS002 CAGE,,False,False,True,,,2025-11-05,,,2026-11-05,Active
2632,96007959,20245902,CABIN WASH LIGHT,S500-332011-TFIX01,LCS010/020 CAGE Rack 8,,False,False,True,,,2025-11-03,,,2026-11-03,Active
2633,96011796,20491004,Erosion tape hole opening tool,,,,False,False,False,2026-03-01,,2026-01-01,,,,Run to Failure
2634,96010745,20582332,Sealent Mixer,,,,True,False,True,2026-03-01,,2026-01-01,,,2027-01-01,Active
2635,96006613,20242776,"MONITOR, HYDRAULIC CONDITION",S500-290012-TFIX02,FLIGHTLINE,,False,False,False,,,,,,,Deactivated
2636,96007196,202431200,DRILL TEMPLATE FOR STRINGER SPLICE FR61,C01303000-DJIG30,LCS001 TOP,,False,False,False,,,2025-10-28,,,2026-10-28,Cannot Find
2637,96011870,20569393,Hole finder front spar wing,,,,True,False,True,2026-03-01,,2026-01-01,,,2027-01-01,Active
2638,96007196,20243200,DRILL TEMPLATE FOR STRINGER SPLICE FR61,,,,False,False,False,,,,,,,Deactivated
2639,96007025,20242620,SLING-HERCULES-12867751 1-02,,,,False,False,False,,,,,,,Deactivated
2640,96007885,20246036,OXYGEN AUTO-DEPLOY TFIX,S500-352011-TFIX01,LCS030/040 CAGE,,False,False,True,,,2025-11-17,,,2026-11-17,Active
2641,96007504,20282605,MLG BEAM REMOVER,C01637453-HFIX01,LCS002,,False,False,True,,,2026-01-15,,,2027-01-15,Active
2642,96003664,20197028,RIVET SET,,,,False,False,False,,,,,,,Deactivated
2643,96007733,20277020,HSTAB INSIDE FUSE HOLDING TOOL,C02040910-SFIX01,LCS002,,False,False,True,,,2025-12-18,,,2026-12-18,Active
2644,96007981,20328862,Dummy battery,S500-247012-TFIX00,,,True,False,True,2026-03-01,,2026-01-01,,,2027-01-01,Active
2645,96007943,20246053,SLATS OVERLAP GO NO-GO GAGE,,,,False,False,False,,,,,,,Deactivated
2646,96009343,20279730,MAINTENANCE JUMPER,S500-461111-TFIX99,LCS030/040,,False,False,True,,,2026-01-31,,,2027-01-31,Active
2648,96007305,20243309,CS300 FWD SPAR,C01663001-002-DJIG01,LCS002,,False,False,False,2026-02-24,,,,,,Deactivated
2649,96007539,20245971,NYLON ROUND BAR FOR LOCATING FWD MONUMEN,C04400002-LJIG01,LCS010/020 INTERIORS CAGE,,False,False,True,,,2025-11-05,,,2026-11-05,Active
2650,96007898,20246395,HANDLE ADAPTER (FEBD),S500-520005-TFIX01,LCS003 CAGE,,False,False,True,,,2025-11-13,,,2026-11-13,Active
2651,96007355,20245771,CSERIES INTERIORS CHK JIG,C04400000-CKGG01,LCS010/020 INTERIORS CAGE,,False,False,True,2025-10-13,,,2025-11-12,,2026-05-05,Active
2652,96006623,20230099,"TEST SET, CTS-700 SELCAL",CTS-700,LCS030/040 CAGE,,False,False,True,2025-09-17,,2025-09-04,2025-10-17,,2026-06-05,Active
2653,96007748,20246288,LATERAL BIN PROTECTION,C04400501-SFIX03,LCS010/020 INTERIORS CAGE,MAXIMO 76509,False,False,True,,,,,,,Cannot Find
2654,96007188,20243192,DRILL TEMPLATE FOR STRINGER SPLICE FR61,C01303000-DJIG22,LCS001 TOP,,False,False,True,,,2025-10-28,,,2026-10-28,Active
2656,96006585,20249150,"BAR,LOADING 84"" TO 114""",720976,LCS003 CAGE,,False,False,True,,,2025-12-10,,,2026-12-10,Active
2657,96007698,20245608,BCKUP PLATE AFT C/FTG LH,C01603001-001-SFIX42,BASEMENT,,False,False,True,,,2025-11-04,,,2026-11-04,Active
2658,96009357,20279428,PQUAD L/E PLATFORM,C02900000-SCLD05,LCS030/040,,False,False,True,,,2025-12-17,,,2026-12-17,Active
2659,96006488,20230897,"HEADSET, CSB SERIES",CSB-990MAX KIT,LCS030/040 CAGE,,False,False,True,,,2025-10-22,,,2026-10-22,Active
2660,96006980,20241359,TELEX HEADSET,TELEX HEADSET,LCS030/040,,False,False,False,,,,,,,Cannot Find
2661,96009497,20289046,CARPET CART,AIC_FEC2201_V1,LCS001,,False,False,False,,,2026-01-12,,,,Active
2662,96011475,20329375,Laser monument short shaft,2301-010000,,,True,False,True,2026-03-01,,2026-01-01,,,2027-01-01,Active
2663,96007580,20246827,3-STEP AVIONIC LADDER  + WHITE EXTENSION,C01300000-SCLD23,FLIGHTLINE,,False,False,True,,,2025-12-04,,,2026-12-04,Active
2664,96003841,20199684,"GAPMAN, REMOTE CONFIG., 1.5M CABLE SET",KCS128006,LCS002 CAGE,,False,False,True,2025-09-22,2025-08-20,2025-09-04,2025-10-22,,2026-08-20,Active
2665,96006488,20230894,"HEADSET, CSB SERIES",,,,False,False,False,,,,,,,Deactivated
2667,96007498,20246822,FAL OVERWING SAFETY FENCE,GT9910591-GTOO01,LCS002 CAGE,,False,False,False,,,2025-12-04,,,,Active
2668,96007887,20246038,APU AIR ADAPTER,S500-360001-TFIX02,LCS010/020 CAGE,,False,False,True,,,2025-11-17,,,2026-11-17,Active
2669,96010594,20340338,GOLF CART 02,YDREX5,903,,False,False,True,2025-07-23,2025-07-23,2025-07-23,2025-08-22,2026-01-19,2026-07-23,Active
2670,96007180,20243184,DRILL TEMPLATE FOR STRINGER SPLICE FR61,C01303000-DJIG14,LCS001 TOP,,False,False,True,,,2025-10-27,,,2026-10-27,Active
2671,96007692,20246509,CARGO MID FLOOR CS100&300,C01370000-SFIX03,MULT,,False,False,False,,,,,,,Cannot Find
2672,96007858,20245868,EXCENTRIC FLAP POSITIONER,S500-275201-TFIX05,LCS003 Under Wing on Top,,False,False,True,,,2025-11-04,,,2026-11-04,Active
2673,96007939,20245733,RUDDER RIG PIN KIT LCS020,S500-272011-TFIX02,LCS010/020 CAGE,,False,False,True,2025-10-07,,,2025-11-06,,2026-10-05,Active
2674,96007913,20246113,"EXTERNAL HANDLE ADAPTER (FPD, APD, FSD,",C01518150-TFIX01,LCS003 CAGE,,False,False,True,,,2025-11-17,,,2026-11-17,Active
2675,96007604,20245539,MAIN STAGING PYLON A/FRNG RH,C01703000-002-SCLD01,LCS030/040,,False,False,True,2025-09-29,,2026-01-08,2025-10-29,,2027-01-08,Active
2676,96007792,20245848,PERMANENT FLOOR DOLLY,C01850000-SFIX01,LCS003,,False,False,False,,,,,,,Cannot Find
2677,96007970,20246123,REAR & AFT DOLLY,C01340000-TRDY01,TRANS,,False,False,True,,,2025-11-17,,,2026-11-17,Active
2678,96007622,20272058,"PASSENGER STAIR, CLYDE",15F2820,GUAGING CANOPY,,False,False,True,,,2025-12-08,,,2026-12-08,Active
2679,96007496,20291575,FAL APD SAFETY  FENCE,GT9910589-GTOO02,LCS001,,False,False,False,,,2026-01-13,,,,Active
2681,96007675,20246614,FWD CARGO BEAM SUPPORT,C01754200-SFIX01,US-LCS001-MEC,,False,False,True,,,2025-11-28,,,2026-11-28,Active
2682,96006609,20234796,"TESTER, HARNESS DISCHARGE",475612,LCS030/040 CAGE,,False,False,True,2025-09-08,,2025-09-15,2025-10-08,,2026-09-15,Active
2683,96011475,20329367,Laser monument short shaft,2301-010000,,,True,False,True,2026-03-01,,2026-01-01,,,2027-01-01,Active
2684,96003709,20216681,NUTRUNNER TORQUE W/ E-TECH HEAD 20IP,,,,False,False,False,,,,,,,Deactivated
2685,96011224,20319262,RH AFT SPAR,C01603006-002-DJIG20,BASEMENT,,True,False,True,2026-03-30,,,2026-04-29,,2026-11-23,Active
2686,96007341,20303609,Protection Passenger Door Handle,C05158150-SFIX01,,,True,False,True,2026-03-01,2025-08-06,2026-01-01,2025-09-05,2026-02-02,2027-01-01,Active
2687,96007396,20245779,VALVE CONTROL BOX,99422A010000,LCS010/020 CAGE,,False,False,True,2025-10-14,,,2025-11-13,,2026-10-15,Active
2688,96009713,20296665,WINGS PROTECTIONS STORAGE CART,C01600000-SFIX90,LCS030/040,,False,False,True,,,2026-01-15,,,2027-01-15,Active
2689,96007134,20243138,DRILL TEMPLATE FOR STRINGER SPLICE FR30,C01302000-DJIG48,LCS001 TOP,,False,False,True,,,2025-10-21,,,2026-10-21,Active
2690,96007484,20246543,STOW PIN FOR R.A.T. LCS002,,,,False,False,False,,,,,,,Deactivated
2691,96007909,20245717,AIR PRESSURE PANEL 0-260 PSI,TE-0256,MULT,,False,False,False,,,,,,,Cannot Find
2692,96005150,20230033,"CARGO BAR, 40""-70"" HEAVY DUTY",,,,False,False,False,,,,,,,Deactivated
2693,96007814,20319926,5-STEP LADDER - BLUE,WA053214GSU,GUAGING CANOPY,,False,False,True,,,2026-01-16,,,2027-01-16,Active
2694,96003896,20230060,"SCREWDRIVER, PHEUMATIC, TORQUE",LUM12 HRX5,FLIGHTLINE,,False,False,True,,,2025-09-04,,,2026-09-04,Active
2695,96007465,20245460,SWIVEL TENSION FITTING DRILL JIG,GT9910461-GTOO01,US-LCS002-MEC,,False,False,False,,,,,,,Deactivated
2696,96006718,20234669,"SCALE, AC40-LP-IS LOW PROFILE PLATFORM",AC40-LP-IS,LCS070,,False,False,True,2025-09-09,,2025-09-15,2025-10-09,,2026-09-15,Active
2697,96008328,20251166,"DETECTOR, PARTICLE / BP6NN021",IPD22322130,LCS070,,False,False,True,,,2025-12-11,,,2026-12-11,Active
2698,96006421,20223051,TEST SET NAV COMM RAMP 4000,IFR-4000,FLIGHTLINE,,False,False,True,2025-08-28,,2025-09-05,,,2026-09-05,Active
2699,96007303,20243307,CS300 FWD CORNER FITTING,C01663001-001-DJIG40,US-LCS002-MEC,,False,False,False,,,2026-03-04,,,,Deactivated
2700,96007975,20278524,#1 FINAL FIT WATTMETER,S500-231111-TFIX01,TOOL ROOM,,False,False,True,,,2025-12-15,,,2027-12-15,Active
2701,96008050,20248172,"LASER, DISTANCE METER INDOOR MEASURING",,,,False,False,False,,,,,,,Deactivated
2702,96007881,20246940,TARGET  MLG,S500-326101-TFIX03,LCS003 CAGE,,False,False,True,,,2026-01-22,,,2027-01-22,Active
2703,96007738,20311446,Cargo Floor FWD CS100/300,,Multi,,True,False,True,,,2026-01-30,,,2027-01-30,Cannot Find
2704,96005487,20220030,"LINK, 1-1/16"" 30,000LB GRADE 100 OBLONG",,,,False,False,False,,,,,,,Deactivated
2705,96006422,20223053,"TESTER, TEMCAL H394R",H394R-2,TOOLSHOP,,False,False,True,2025-08-26,,2025-09-05,,,2026-09-05,Active
2706,96007894,20246111,PCU TESTING TOOL,S500-441011-TFIX01,US-LCS030-MEC,,False,False,True,,,,,,,Cannot Find
2707,96006289,20225501,"CRIMPER, SAFETY  CABLE .032-3 IN",,,,False,False,False,,,,,,,Deactivated
2708,96009364,20279465,"LOCKING PIN, OWEED TOOL",S500-522110-SFIX01,LCS070,,False,False,True,,,2026-01-31,,,2027-01-31,Active
2709,96007885,20303612,Oxygen Auto Deploy,S500-352011-TFIX01,,,False,False,False,2026-03-01,2025-08-05,2026-01-01,,,,Cannot Find
2710,96006427,20223063,TEMPCAL PROBE,BH1278,LCS030/040 CAGE,,False,False,True,,,2025-09-03,,,2026-09-03,Active
2711,96007725,20245635,REAR SPAR LOWER CAP,C01686402-001-SFIX10,LCS002,,False,False,True,2025-10-09,,,2025-11-08,,2026-10-08,Active
2712,96007856,20246023,PROLINE 3600 POWER CONNECTOR,S500-275011-TFIX03,LCS010/020 CAGE Rack 2 Shelf C,,False,False,True,,,2025-11-24,,,2026-11-24,Active
2713,96007491,20245476,RNC REPAIR KIT,KCS-PL8-2/3,LCS002,,False,False,False,,,,,,,Cannot Find
2714,96007292,20243296,FRONT SPAR DRILL JIG RH,C01603005-002-DJIG01,BASEMENT,,False,False,True,,,2026-02-25,,,2027-02-25,Active
2715,96007880,20246981,ANTI-TARGET,S500-326101-TFIX02,LCS010/020 TOOLBOX,,False,False,False,,,2026-01-23,,,2027-01-23,Active
2717,96007622,20284436,"PASSENGER STAIR, CLYDE",15F2820,NEW DOCK,,False,False,True,,,2026-01-14,,,2027-01-14,Active
2718,96007930,20246631,ENG WEIGHT PYLON INTERFACE,S500-100011-TFIX03,LCS030/040,,False,False,True,,,2025-11-27,,,2026-11-27,Active
2719,96007542,20245972,LH DELTA  PSU LOCATING JIG,,,,False,False,False,,,,,,,Deactivated
2720,96007580,20246813,3-STEP AVIONIC LADDER  + WHITE EXTENSION,C01300000-SCLD23,LCS070,,False,False,True,,,2025-12-05,,,2026-12-05,Active
2721,96007857,20245867,FLAP RIGGING KIT,S500-275201-TFIX04,LCS003 RH Wing Platform,,False,False,True,,,2025-11-04,,,2026-11-04,Active
2722,96007678,20246486,TEMP REAR FUSE FLOOR KIT,,,,False,False,False,,,,,,,Deactivated
2723,95166415,20026136,"DRAWER CABINET 9 DRAWERS, H57.13""XD28.5""",K115,ADU SHOP,,False,False,True,2025-08-26,2025-08-26,2025-09-03,,,2026-09-03,Active
2724,96007484,20246438,STOW PIN FOR R.A.T. LCS002 (6 Piece Kit),GT999452-GTOO01,LCS002,,False,False,False,,,,,,,Cannot Find
2725,96007326,20245221,MONUMENT HANDLING JIG,C04400000-HFIX06,BASEMENT,,False,False,False,,,,,,,Deactivated
2726,96006427,20223064,TEMPCAL PROBE,BH1278,LCS030/040 CAGE,,False,False,True,,,2025-09-03,,,2026-09-03,Active
2727,96007753,20246531,MLG DETAIL 79 SUPPORT,C00100018-SFIX02,LCS001,,False,False,True,,,2026-03-11,,,2027-03-11,Active
2728,96007700,20245610,BACKUP PLATE AFT C/FTG RH,C01603001-002-SFIX42,BASEMENT,,False,False,True,,,2025-11-04,,,2026-11-04,Active
2729,96007880,20246959,ANTI-TARGET,S500-326101-TFIX02,LCS003 CAGE,,False,False,False,,,,,,,Cannot Find
2730,96007880,20246977,ANTI-TARGET,S500-326101-TFIX02,LCS010/020 TOOLBOX,,False,False,False,,,2026-01-19,,,2027-01-19,Active
2731,96007852,20246555,RUDDER/ELEVATOR LOAD PAD,S500-273011-TFIX02,LCS010/020 CAGE,,False,False,True,,,2026-03-16,,,2027-03-16,Active
2732,96007333,20245228,CORDE VERT. LOCALISATION MONUMENT Z5,C04400611-LJIG01,LCS010/020 INTERIORS CAGE,,False,False,False,2025-10-14,,,,,,Deactivated
2733,96007920,20245723,BLANKING KIT HP MID,C500-360011-TFIX01,LCS003 CAGE,,False,False,False,2025-10-07,,2026-02-16,,,,Cannot Find
2734,96006584,20238558,"BAR, LOADING 47"" TO 75""",47 to 75 LOAD BAR,LCS003 CAGE,,False,False,True,,,2025-10-20,,,2026-10-20,Active
2735,96004613,20205175,"LIGHT, 4FT 30W 5K DIMMABLE SHOP",,,,False,False,False,,,,,,,Deactivated
2736,96009364,20279459,"LOCKING PIN, OWEED TOOL",S500-522110-SFIX01,LCS070,,False,False,True,,,2026-01-30,,,2027-01-30,Active
2737,96007495,20407687,FWD SERVICE DOOR SAFETY NET,GT9910588-GTOO02,MULT,,False,False,True,,,2026-02-18,,,2027-02-18,Active
2738,96006361,20220582,"PANEL, AIR PRESSURE TE-0195",TE-0195,LCS003 CAGE,,False,False,True,2025-08-25,,2025-09-02,2025-09-24,,2026-09-02,Active
2739,96004420,20240569,"KIT, SERVICE GAUGE, TIRE/STRUT, A220",,LCS001,,False,False,False,,,,,,,Deactivated
2740,96009468,20282588,"BELT, BARRIER, RETRACTABLE STRIPPED YELLOW",60145T267,LCS001,,False,False,False,,,2026-01-15,,,,Active
2741,96007681,20246751,COCKPIT SEAT TRACK COVER,,,,False,False,False,,,,,,,Deactivated
2742,96006691,20233082,SMARTPROBE VERIF KIT,C01219300-SFIX03,LCS003 CAGE,,False,False,True,2025-09-17,,2025-09-03,2025-10-17,,2026-09-05,Active
2743,96007478,20245802,WING TOOL AID KIT,GT9910876-GTOO01,LCS002,,False,False,True,,,,,,,Active
2744,96007390,20246852,MFS PISTON ROD COLLAR  (US PROCURED),490500GSE1-1001,LCS010/020 CAGE,,False,False,True,,,2025-12-01,,,2026-12-01,Active
2746,96007448,20245449,CHEMICAL FILL CONNECTOR,K-2410,LCS070,,False,False,True,,,2026-03-08,,,2027-03-08,Active
2748,96007220,20243224,DRILL TEMPLATE FOR STRINGER SPLICE FR61,C01303000-DJIG54,LCS001 TOP,,False,False,True,,,2026-02-24,,,2027-02-24,Active
2749,96007815,20246787,5-STEP LADDER NO HAND RAIL - BLUE,,,,False,False,False,,,,,,,Deactivated
2752,96007506,20245483,JACK PAD DOLLY,C01342000-TRDY01,LCS001,,False,False,True,,,2025-11-03,,,2026-11-03,Active
2753,96007441,20245796,ICOM A14 HANDHELD PORTABLE RF RADIO,11-05904,LCS003 CAGE,,False,False,True,2025-10-16,,,2025-11-15,,2026-07-08,Active
2754,96007091,20243095,DRILL TEMPLATE FOR STRAP FR30,C01302000-DJIG05,LCS001 LOWER,,False,False,True,,,2025-10-21,,,2026-10-21,Active
2755,96007672,20246239,TEMPORARY FLOOR DOLLY,,,,False,False,False,,,,,,,Deactivated
2756,96007931,20246539,ENGINE WEIGHT,S500-100011-TFIX04,LCS003,,False,False,True,,,2026-03-20,,,2027-03-20,Active
2757,96006541,20224214,"ASSEMBLY, HYDRAULIC CRIMPER",PWR FEED CRIMPER KIT,LCS003 CAGE,,False,False,True,2025-08-26,,2025-09-03,,,2026-09-03,Active
2758,96003815,20240632,"PROTRACTOR, DIGITAL, PRO3600",31-040-9,LCS003 CBFM CAL. TOOL BOX,,True,False,True,2026-04-27,,2025-09-17,2026-05-27,,2026-09-17,Active
2759,96006606,20348979,RAT load shear bolt,S500-242301-TFIX01,,,True,False,True,2026-04-28,,2026-01-01,2026-05-28,,2027-01-01,Active
2760,96009199,20407810,WOW T-Fix (ALTERNATE EXTENSION),S500-323111-TFIX01,LCS002 CAGE RACK 6 SHELF C,,True,False,True,2026-04-27,,2026-01-01,2026-05-27,,2028-01-01,Active
2762,96006409,20223022,"INCLINOMETER, WIRELESS (S500-273011-TFIX05)",S500-273011-TFIX05,FLIGHTLINE,,False,False,True,2025-08-26,,2025-09-05,,,2026-09-05,Active
2763,96007814,20246880,5-STEP LADDER - BLUE,SEP5-2436-NH,LCS001,,False,False,True,,,2025-12-04,,,2026-12-04,Active
2764,96007519,20246574,JACK BALL NOSE LANDING GEAR,C02310000-HFIX18,MULT,,False,False,True,,,2025-11-25,,,2026-11-25,Active
2765,96007431,20246635,WHEEL CHOCK,,,,False,False,False,,,,,,,Deactivated
2766,96007554,20246318,MASTER MOVER,MM000573,LCS002,,False,False,True,,,2025-11-12,,,2026-11-12,Active
2767,96007446,20246672,HEADSET STECOM 26-5007 (US PROCURED),CSB-990MAX KIT,LCS003,,False,False,True,,,,,,,Cannot Find
2768,96099001,HYD-UNIT-001,HYDRAULIC POWER UNIT - LCS001,HYD-PWR-001,LCS001,,False,False,False,,,,,,,Active
2769,96006920,20240321,GUN COBRA 20FT CABLE,CABLE GUN,LCS010/020 INTERIORS CAGE,,False,False,True,2025-09-08,,2026-03-02,2025-10-08,,2027-03-02,Active
2770,96006871,20239774,CABLE SPLITTER,PWC39A,FLIGHTLINE,,False,False,False,,,2025-11-11,,,2026-11-11,Cannot Find
2771,96007500,20245478,BENDING TOOL ACS510A,GT999658-GTOO01,LCS003 CAGE,,False,False,True,,,2025-11-05,,,2026-11-05,Active
2772,96007883,20246558,RADIO ALTIMETER DUMMY ANTENNA,S500-344411-TFIX01,LCS30/40,,False,False,True,,,2026-03-16,,,2028-03-15,Active
2773,96007827,20246925,DUMMY SLIDE,C01518150-TFIX03,TRANS,,False,False,False,,,,,,,Cannot Find
2774,96008007,20245759,DAYTON GRANGER TEST SET (US PROCURED),EDTS10-843,LCS070,,False,False,False,,,,,,,Cannot Find
2775,96007827,20246924,DUMMY SLIDE,C01518150-TFIX03,LCS001 TOP,,False,False,True,,,2026-01-06,,,2027-01-06,Active
2776,96007423,20303569,WING JACK TRIPOD (US PROCURED),FEN301A21,BUILDING 31,,False,False,True,2025-08-06,2025-08-06,2025-08-06,2025-09-05,2026-02-02,2026-08-06,Active
2777,96009717,20296678,H STAB PROTECTIONS STORAGE CART,C01600000-SFIX90,LCS002,,False,False,True,,,2026-01-15,,,2027-01-15,Active
2778,96007185,20243189,DRILL TEMPLATE FOR STRINGER SPLICE FR61,C01303000-DJIG19,LCS001 TOP,,False,False,True,,,2025-10-27,,,2026-10-27,Active
2780,96007702,20245612,SHIM BONDING FIXTURES FOR PROJECT 38,C01603001-SFIX31,BASEMENT,,False,False,False,,,,,,,Cannot Find
2781,96007881,20246976,TARGET  MLG,S500-326101-TFIX03,FLIGHTLINE,,False,False,True,,,2026-01-23,,,2027-01-23,Active
2783,96007387,20245935,HYDRAULIC POWER UNIT CART (1 SYSTEM),,,,False,False,False,,,,,,,Deactivated
2784,96007927,20245729,PASS &SERV DOOR BALLAST KIT,C500-521111-TFIX07,LCS003 CAGE,,False,False,True,2025-10-06,,2026-03-08,2025-11-05,,2027-03-08,Active
2785,96004389,20260037,"TOOL, BAND-IT BANDING",,,,False,False,False,,,,,,,Deactivated
2787,96007833,20246193,"INTERNAL HANDLE ADAPTER (FPD, APD, FSD,",C01518150-TFIX04,LCS001 TOP,,False,False,True,,,2025-11-14,,,2026-11-14,Active
2788,96001961,20212099,"FAN, CIRCULATION, 24IN WITH GUARDS",AFB-243-VKM,LCS002,,False,False,True,2025-08-12,2025-08-12,2025-08-12,2025-09-11,2026-02-08,2026-08-12,Active
2789,96006609,20229503,"TESTER, HARNESS DISCHARGE",475612,LCS030/040 CAGE,,False,False,True,2025-09-18,,2025-09-04,2025-10-18,,2026-08-08,Active
2790,96007799,20245687,DOOR HFIX SUPPORT,C01550000-SFIX99,LCS001,,False,False,True,2025-10-09,,,2025-11-08,,2026-07-05,Active
2791,96006428,20223066,"CABLE, HEATER BH405",BH405,LCS030/040,,False,False,True,2025-08-26,,2025-09-03,,,2026-09-03,Active
2792,96011476,20329415,Laser monument long shaft,2301-020000,,,True,False,True,2026-04-29,,2026-01-01,2026-05-29,,2027-01-01,Active
2793,96005229,20230176,"STOOL, LIGHTWEIGHT RUBBER COATED 2 STEP",RUBBER STEP STOOL,MULT,,False,False,True,,,2025-10-20,,,2026-10-20,Active
2794,95300025,20119868,D572-40003-000W8200-84A99,,,,False,False,False,,,,,,,Deactivated
2795,96008024,20246081,Vacuum Pump,,,,True,False,True,2026-03-01,,2026-01-01,,,2027-01-01,Active
2796,96010661,20312927,MLG ROBOT,C01619001-HFIX05,LCS002,,True,True,True,2026-02-25,2026-01-29,2026-01-12,2026-03-27,2026-07-28,2027-01-12,Active
2797,96007807,20245692,12-STEP LADDER - BLUE,ML-123221G,LCS002,,False,False,True,,,2025-11-05,,,2026-11-05,Active
2798,96009468,20282602,"BELT, BARRIER, RETRACTABLE STRIPPED YELLOW",60145T267,TRIAGE,,False,False,False,,,,,,,Deactivated
2799,96010661,20312926,MLG ROBOT,C01619001-HFIX05,LCS002,,True,True,True,2026-03-02,2026-02-03,2025-11-26,2026-04-01,2026-08-02,2026-11-26,Active
2800,96002103,20207339,"CABINET, 60 GAL FLAMMABLE",896000,LCS002,,False,False,True,2025-08-13,2025-08-13,2025-08-13,2025-09-12,2026-02-09,2026-08-13,Active
2801,96007563,20246234,OWEED HANDLE LOCK PIN,,,,False,False,False,,,,,,,Deactivated
2802,96002753,20227553,"HARNESS, SAFETY, VEST-STYLE, MED/LARGE",,,,False,False,False,,,,,,,Deactivated
2803,96007766,20245667,B-S CS300 B6-1 & B7-1 LCS002,C01356612-001-SFIX01,LCS002,,False,False,False,2025-08-06,2025-08-06,2025-08-06,2025-09-05,2026-02-02,2026-08-06,Deactivated
2804,96007418,20245790,HYDRO AXLE JACK 45 TONS  (US PROCURED),RT4550-001 PM1,BLD. 17 BAY 5,,True,True,True,2026-02-27,2026-01-31,,2026-04-28,2026-09-25,2027-03-29,Active
2805,96007138,20243142,DRILL TEMPLATE FOR STRINGER SPLICE FR30,C01302000-DJIG52,LCS001 TOP,,False,False,True,,,2025-10-21,,,2026-10-21,Active
2806,96007815,20246799,5-STEP LADDER NO HAND RAIL - BLUE,,,,False,False,False,,,,,,,Deactivated
2807,96008422,20263215,ESD Cabinet,? TENNSCO CABINET?,LCS010/020,,False,False,True,,,2025-12-10,,,2026-12-10,Active
2808,96007423,20246720,WING JACK TRIPOD (US PROCURED),D03034K2D1B01B0 PM1,BUILDING 31,,True,True,True,2026-02-24,2026-01-28,2025-12-09,2026-03-26,2026-07-27,2026-12-09,Active
2809,96007691,20246413,CARGO MID FLOOR CS100&300,C01370000-SFIX02,MULT,,False,False,True,,,2026-03-09,,,2027-03-09,Active
2810,96008026,20245769,Vacuum Pump,,,,False,False,False,2026-03-01,,2026-01-01,,,,Deactivated
2812,96007494,20246523,FWD PASSENGER DOOR SAFETY NET,GT9910587-GTOO02,LCS070,,False,False,True,,,2026-03-12,,,2027-03-12,Active
2813,96007820,20246101,10-STEP LADDER - GREY (IMPR),CAL-ML-104421G-AB,320 DELIVERY,,True,False,True,2026-03-23,,2025-11-25,2026-04-22,,2027-03-21,Active
2814,96007589,20245526,REAR SPAR LH,C01600000-001-SCLD12,LCS002,,False,False,True,2025-09-30,,2026-03-23,2025-10-30,,2027-03-23,Active
2815,96009362,20279441,STAGING INSTALL FIREX BOTTLE,C00812602-SCLD01,LCS030/040,,False,False,True,,,2026-01-30,,,2027-01-30,Active
2816,96007684,20245599,PANASONIC ANTENNA PRESSURE PLATE,C00814420-SFIX01,US-LCS002-MEC,,False,False,False,,,,,,,Cannot Find
2817,96007981,20246633,DUMMY BATTERY,S500-247012-TFIX00,LCS010/020,,False,False,True,,,2025-11-28,,,2026-11-28,Active
2818,96011344,20328093,BLUE ENGINE DOLLY,PWA115185,LCS030/040,,False,False,True,,,2026-01-27,,,2027-01-27,Active
2819,96007381,20276996,ENGINE OIL SERVICING - HAND PUMP,06-5021-1800,LCS070,,False,False,True,,,2026-01-23,,,2027-01-23,Active
2820,96007856,20245866,PROLINE 3600 POWER CONNECTOR,S500-275011-TFIX03,LCS003,,False,False,True,,,2025-11-05,,,2026-11-05,Active
2821,96007329,20245223,MONUMENTS Z3 LOCALIZATION STRING,C04400013-LJIG01,LCS010/020 INTERIORS CAGE-RACK 1,,False,False,True,2025-09-29,,2026-02-11,,,2026-10-29,Active
2822,96007380,20282569,SERVICE UNIT RESERVOIR (US PROCURED),06-5020-3600,AIT SHOP,,False,False,True,,,2026-03-16,,,2027-03-16,Active
2823,96007827,20246934,DUMMY SLIDE,C01518150-TFIX03,MULT,,False,False,False,,,,,,,Deactivated
2824,96099000,HYD-UNITS-ALL,HYDRAULIC UNITS — ALL (HYD Unit 01 / 02 / 03),HYD-PWR-ALL,LCS001 / LCS002 / LCS030/040,,False,False,False,,,,,,,Active
2825,96007169,20243173,DRILL TEMPLATE FOR STRAP FR61,C01303000-DJIG03,LCS001 TOP,,False,False,True,,,2025-10-21,,,2026-10-21,Active
2826,96007159,20243163,DRILL TEMPLATE FOR STRINGER SPLICE FR30,C01302000-DJIG73,LCS001 LOWER,,False,False,True,,,2025-10-21,,,2026-10-21,Active
2827,96009333,20278546,MLG DOOR ROD ADAPTER,S500-321011-TFIX09,LCS010/020,,False,False,True,,,2025-12-19,,,2026-12-19,Active
2828,96006637,20230136,SPOILER INCLINOMETER,S500-276011-TFIX02,LCS010/020 CAGE,,False,False,True,2025-09-17,,2025-09-04,2025-10-17,,2026-08-10,Active
2829,96007881,20246978,TARGET  MLG,S500-326101-TFIX03,FLIGHTLINE,,False,False,True,,,2026-01-20,,,2027-01-20,Active
2830,95164389,20236596,"DISPENSER, SHOE COVER, BOOTIE BUTLER",SHOE COVER DISPENSER,,,False,False,False,2026-04-09,,2026-01-01,,,,Run to Failure
2831,96011847,20312323,OUTIL DE POSITIONNEMENT POUR CONTAINMENT RINGS PAR RAPPORT SHAFT FLAP F2,C01570010-SFIX10,LCS003,,False,False,True,,,2026-03-16,,,2027-03-16,Active
2833,96007976,20245742,TFIX FOR AUDIO FTP,S500-234011-TFIX02,LCS003 CAGE,,False,False,True,2025-10-17,,,2025-11-16,,2026-09-08,Active
2834,96006423,20223056,TEST SET. NAV COMM RAMP 6000,IFR-6000,LCS010/020 CAGE,,False,False,True,2025-09-22,,2025-09-05,2025-10-22,,2026-08-10,Active
2835,96007949,20245736,AEV CONTROL BOX,C500-210011-TFIX06,LCS003 CAGE,,False,False,True,2025-10-09,,2026-04-27,2025-11-08,,2027-04-27,Active
2837,96007574,20246364,4-STEP LADDER WITHOUT SERVICE,C01300000-SCLD29,BUILDING 17,,False,False,True,,,2025-11-10,,,2026-11-10,Active
2838,96007102,20243106,DRILL TEMPLATE FOR STRINGER SPLICE FR30,C01302000-DJIG16,LCS001 TOP,,False,False,True,,,2025-09-19,,,2026-09-19,Active
2839,96003841,20207234,"GAPMAN, REMOTE CONFIG., 1.5M CABLE SET",KCS128006,LCS002 CAGE,,False,False,True,2025-08-20,2025-08-20,2025-08-20,,,,Active
2840,96007880,20246989,ANTI-TARGET,S500-326101-TFIX02,LCS010/020 TOOLBOX,,False,False,False,,,,,,,Deactivated
2841,96007944,20246161,MOORING BRACKET ADAPTOR,S500-280011-TFIX02,FLIGHTLINE,,False,False,True,,,2025-11-21,,,2026-11-21,Active
2842,96007812,20321952,3 STEP LADDER,SEP3-2436,BAY 5,,False,False,True,,,2028-01-30,,,2029-01-29,Active
2843,95160058,20003096,D533-7400-000W8000-84A99 (LADDER),,,,False,False,False,,,,,,,Deactivated
2844,96007885,20278521,OXYGEN AUTO DEPLOY TFIX,S500-352011-TFIX01,LCS903,,True,False,True,2026-04-27,,2026-02-03,2026-05-27,,2027-02-03,Active
2845,96009363,20279444,WHITE PLATFORM STAIRCASE,C023800000-SCLD01,LCS010/020,,False,False,True,,,2026-01-31,,,2027-01-31,Active
2846,96007319,20243324,CUSTOM MINI STAND ZERO G4  ADU,101-5000-20/105840,ADU SHOP,,False,False,True,2025-09-29,,,2025-10-29,,2026-06-10,Active
2847,96007898,20246415,HANDLE ADAPTER (FEBD),S500-520005-TFIX01,LCS003 CAGE,,False,False,True,,,2026-03-09,,,2027-03-09,Active
2850,96007452,20328772,SIDE STICK RIG PIN,490100GSE1,FLIGHTLINE,,False,False,True,,,,,,,Cannot Find
2852,96007856,20330187,PROLINE 3600 POWER CONNECTOR,S500-275011-TFIX03,LCS070 CAGE,,False,False,True,,,2026-02-13,,,2027-02-13,Active
2853,96007865,20246031,SLATS ADAPTOR DRIVER,S500-278101-TFIX04,LCS003 CAGE,,False,False,True,,,2025-11-20,,,2026-11-20,Active
2854,96011475,20329392,Laser monument short shaft,2301-010000,,,True,False,True,2026-03-01,,2026-01-01,,,2027-01-01,Active
2855,96006637,20242652,SPOILER INCLINOMETER,S500-276011-TFIX02,FLIGHTLINE,,False,False,True,2025-09-18,2025-08-01,2025-08-01,2025-10-18,2026-01-28,2026-07-12,Active
2856,96006387,20251152,"STAND, PRESSURIZATION",TE-0801,LCS070,,True,True,True,2026-02-25,2026-01-12,,2026-03-27,2026-07-11,2026-11-15,Active
2857,96007378,20245421,"WTS BASE STATION ,USB CONNECTION (US PRO",,,,False,False,False,,,,,,,Deactivated
2858,96005350,20247496,"PANEL, AIR REGULATING TE-0177 H3",TE-0177H3,LCS003,,False,False,True,,,2025-12-10,,,2026-12-10,Active
2859,96007845,20245858,FIREX COMPLETE TEST KIT,S500-262001-TFIX01,LCS003 CAGE,,False,False,True,2025-10-14,,,2025-11-13,,2026-08-18,Active
2860,95166702,20026220,"HAND LAMP, L39"", LED, HEAVY DUTY",,,,False,False,False,,,,,,,Deactivated
2861,96007498,20246808,FAL OVERWING SAFETY FENCE,GT9910591-GTOO01,LCS002 CAGE,,False,False,False,,,2025-12-05,,,,Active
2862,96007306,20243310,CS300 WING JOINING DRILL JIG,C01663001-002-DJIG10,LCS002 TOP,,False,False,False,,,2026-02-23,,,,Deactivated
2863,96007681,20246702,COCKPIT SEAT TRACK COVER,1430-03DZG-SFIX00,LCS010/020,,False,False,True,2025-07-23,2025-07-23,2025-07-23,2025-08-22,2026-01-19,2026-07-23,Active
2864,96007824,20246008,PDOS HAND PUMP,S500-710001-TFIX01,LCS070,,False,False,True,,,2025-11-21,,,2026-11-21,Active
2865,96012775,20647315,JLG Eco Lift 70,P900027717,LCS003 FOD AREA,,True,False,True,2026-04-27,,2026-01-01,2026-06-26,,2027-05-27,Active
2866,96011796,20491006,Erosion tape hole opening tool,,,,False,False,False,2026-04-30,,2026-01-01,,,,Run to Failure
2867,96011592,20330205,"VACUUM, SYSTEM BUILT NEDERMAN DC04",DC-04,APU SHOP,,True,True,True,2026-03-08,2026-02-11,2025-08-06,2026-04-07,2026-08-10,2026-10-06,Active
2868,96007865,20245874,SLATS ADAPTOR DRIVER,S500-278101-TFIX04,LCS003 CAGE,,False,False,True,,,2025-11-05,,,2026-11-05,Active
2869,96009340,20278687,LOCALIZATION ZMEMBER,C01331500-LJIG01,LCS001,,False,False,False,,,,,,,Cannot Find
2871,96007113,20243117,DRILL TEMPLATE FOR STRINGER SPLICE FR30,C01302000-DJIG27,LCS001 TOP,,False,False,True,,,2025-10-21,,,2026-10-21,Active
2873,96004420,20203675,"KIT, SERVICE GAUGE, TIRE/STRUT, A220",,,,False,False,False,,,,,,,Deactivated
2874,96009468,20282600,"BELT, BARRIER, RETRACTABLE STRIPPED YELLOW",60145T267,A220 TOOL SHOP,,False,False,False,,,2026-01-16,,,2027-01-16,Active
2875,96007513,20245808,UNIVERSAL LIFTER LG,C01619001-HFIX01,LCS002,,False,False,True,2025-10-14,,,2025-11-13,,2026-10-15,Active
2876,96009211,20278494,MAINTENANCE PANEL PATCH HARNESS,S500-461111-TFIX66,LCS010/020 CAGE,,False,False,True,,,2025-12-19,,,2026-12-19,Active
2877,96007814,20246890,5-STEP LADDER - BLUE,,,,False,False,False,,,,,,,Deactivated
2878,96007803,20319929,7 STEP LADDER,073214GSU,GUAGING CANOPY,,False,False,True,,,2026-01-28,,,2027-01-28,Active
2879,96007852,20246450,RUDDER/ELEVATOR LOAD PAD,S500-273011-TFIX02,LCS010/020 CAGE,,False,False,True,,,2026-03-16,,,2027-03-16,Active
2880,96007670,20246463,MID CARGO CSE PANEL DOLLY,C01370000-SFIX09,LCS001,,False,False,True,,,2026-04-06,,,2027-04-06,Active
2881,96006585,20226757,"BAR,LOADING 84"" TO 114""",720976,FLIGHTLINE,,False,False,False,,,2025-09-05,,,2026-09-05,Cannot Find
2882,96007806,20319931,10 STEP LADDER,WA103214GSU,FLIGHTLINE,,False,False,True,,,2026-01-30,,,2027-01-30,Active
2883,96007806,20246628,10-STEP LADDER - BLUE,ML-103221G,LCS001,,False,False,True,,,2025-11-24,,,2026-11-24,Active
2885,96007314,20243318,LOC & DRILL AFT CORNER FTG RH CS300,C01663001-002-DJIG42,LCS002 CAGE,,False,False,False,,,2026-02-24,,,,Deactivated
2886,96011476,20329401,Laser monument long shaft,2301-020000,LCS001 ROBOT CAGE,,True,False,True,2026-04-28,,2026-01-01,2026-05-28,,2028-01-01,Active
2887,96007284,20243288,RH MID CRUCIFORM,C01603002-002-DJIG11,BASEMENT,,True,False,True,2026-03-30,,,2026-04-29,,2026-06-05,Active
2888,96007093,20243097,DRILL TEMPLATE FOR STRAP FR30,C01302000-DJIG07,LCS001 TOP,,False,False,True,,,2025-10-21,,,2026-10-21,Active
2889,96005233,20218955,"CRIMPER, HAND TOOL RATCHETING 26-12GA",M22520/01-01,ELT SHOP,,False,False,True,2025-08-12,2025-08-12,2025-08-12,2025-09-11,2026-02-08,2026-08-12,Active
2890,96006830,20238228,CHK JIG INTERIOR CSERIES,C04400000-CKGG01,LCS010/020 INTERIORS CAGE,,False,False,True,2025-09-17,,2025-09-22,2025-10-17,,2026-09-22,Active
2891,96007798,20247009,FOD PROTECTION COVER,S500-210001-SFIX04,LCS003 CAGE,,False,False,True,,,2025-12-11,,,2026-12-11,Active
2892,96008328,20253309,"DETECTOR, PARTICLE / BP6NN021",IPD22322130,LCS003,,True,True,True,2026-03-30,2025-12-05,,2026-04-29,2026-06-03,2026-10-15,Active
2893,96007212,20243216,DRILL TEMPLATE FOR STRINGER SPLICE FR61,C01303000-DJIG46,LCS001 LOWER,,False,False,True,,,2025-10-28,,,2026-10-28,Active
2894,96007732,20245642,DORSAL ASSEMBLY,C01981100-SFIX01,LCS002 CAGE Rack 4 Shelf A,,False,False,True,2025-10-07,,2025-11-05,2025-11-06,,2026-11-05,Active
2895,96007545,20246359,RH OWEED BINS LOCATING JIG,C04422007-LJIG06,LCS010/020 INTERIORS CAGE,,False,False,True,,,2025-11-10,,,2026-11-10,Active
2896,96007518,20246524,NOSEWEIGHT CSERIES,C02310000-HFIX16,LCS010/020,,False,False,True,,,2026-03-12,,,2027-03-12,Active
2897,96007834,20306601,EOAM TRIGGER RIGGING,C01518150-TFIX06,DOORS BOX,,False,False,True,,,2026-01-15,,,2027-01-15,Active
2898,96007431,20246659,WHEEL CHOCK,,,,False,False,False,,,,,,,Deactivated
2899,96007934,20312269,Pressurization Blanking Kit,S500-213001-TFIX03,,,True,False,True,2026-03-01,,2026-01-01,,,2027-01-01,Active
2900,96007837,20245856,IASC PRESSURE CONTROL HOSE,S100-213002-TFIX01,LCS010/020 CAGE,,False,False,True,2025-10-14,,,2025-11-13,,2026-10-15,Active
2901,96009361,20279437,STAGING WTBF FWD LH LCS010,C023800000-002-SCLD01,LCS010/020,,False,False,True,,,2026-01-23,,,2027-01-23,Active
2902,96009497,20289039,CARPET CART,AIC_FEC2201_V1,LCS001,,False,False,False,,,2026-01-15,,,,Active
2903,96007407,20245783,WINGRIP WING KIT - 4 PIECS LABELED,KIT–WINGRIP - PM1-VACUUM,LCS002 TOP,,False,False,True,2025-10-20,,,2025-11-19,,2026-09-08,Active
2905,96007855,20245865,SLATS/FLAP KIT,S500-275011-TFIX02 #5,LCS010/020 CAGE Rack 4,,False,False,True,,,2025-11-03,,,2026-11-03,Active
2906,96007231,20243235,DRILL TEMPLATE FOR STRINGER SPLICE FR61,C01303000-DJIG65,LCS001 TOP,,False,False,True,,,2026-02-25,,,2027-02-25,Active
2907,96007751,20246829,PSD ARMING PROTECT BLOCK,S500-120011-SFIX01,FLIGHTLINE,,False,False,True,,,2025-12-01,,,2026-12-01,Active
2908,96011614,20332414,Protection laterale stowage bins,C04400552-SFIX01,10/20 INT. CAGE,,True,False,True,2026-04-27,,2026-01-01,2026-06-26,,2027-05-27,Active
2909,96007690,20246508,MID FUSE TEMP FLOOR KIT,,,,False,False,False,,,,,,,Deactivated
2910,96007798,20247032,FOD PROTECTION COVER,S500-210001-SFIX04,LCS002 CAGE,,False,False,False,,,,,,,Cannot Find
2911,96011798,20499984,Ventilation Machine,28-10000737,,,True,False,True,2026-03-01,,2027-01-01,,,2028-01-01,Active
2912,96007695,20245605,DUMMY ACTUATOR,C01579604-SFIX01,LCS002 CAGE Rack 3 Shelf B,,False,False,True,,,2025-11-04,,,2026-11-04,Active
2913,96007915,20246115,RIGGING SLIDE MECHANISM (OWEED),C01570000-TFIX05,LCS002 CAGE,,False,False,True,,,2025-11-17,,,2026-11-17,Active
2914,96007493,20293690,ZERO ENERGY / POWER OFF,GT9910182-GTOO02,FLIGHTLINE,,False,False,True,,,2026-01-16,,,2027-01-16,Active
2915,96007669,20245596,BUTTSTRAP GAGE RNR SECTION 1 CRUCIFORM,C01356610-001-SFIX01,LCS002,,False,False,False,2025-10-10,,,,,,Cannot Find
2916,96006603,20229314,"KIT, AIR DATA TEST SET ACCESSORIES",A220-JMQD-PS-A,LCS010/020 CAGE,,False,False,True,2025-08-26,,2025-09-04,,,2026-09-04,Active
2917,96007885,20245879,OXYGEN AUTO-DEPLOY TFIX,S500-352011-TFIX01,LCS030/040 CAGE,,False,False,True,,,2025-11-03,,,2026-11-03,Active
2918,96007831,20246533,HEADSET EXTENSION (30 FT),BA670-40001-SFIX02,LCS030/040 CAGE,,False,False,True,,,2026-03-20,,,2027-03-20,Active
2919,96007953,20246120,POWER SUPPLY 28 VDC,S500-210006-TFIX01,LCS003 CAGE,,False,False,True,,,2025-11-17,,,2026-11-17,Active
2920,96001961,20212102,"FAN, CIRCULATION, 24IN WITH GUARDS",AFB-243-VKM,LCS002,,False,False,False,2025-08-18,,,,,,Deactivated
2921,96007800,20245688,SHIM BONDING FIXTURES FOR PROJECT 38 CS3,C01663001-SFIX30,LCS002,,False,False,True,2025-10-07,,,2025-11-06,,2026-10-05,Active
2922,96006417,20223045,"COUPLER,  SINGLE ANTENNA",UC-584,LCS010/020 CAGE,,False,False,True,2025-08-26,,2025-09-05,,,2026-09-05,Active
2923,96007947,20246162,WASTE BLANKING CAPS,S500-383001-TFIX01,LCS030/040 CAGE,,False,False,True,,,2025-11-17,,,2026-11-17,Active
2925,96007733,20245643,H-STAB INSIDE FUSE HOLDING TOOL,C02040910-SFIX01,LCS002 CAGE,,False,False,True,2025-10-09,,,2025-11-08,,2026-06-15,Active
2926,96007631,20284442,TEMPORARY FLOOR DOLLY,,,,False,False,False,,,,,,,Deactivated
2928,96007856,20330193,PROLINE 3600 POWER CONNECTOR,S500-275011-TFIX03,LCS010/020 CAGE,,False,False,False,,,,,,,Cannot Find
2929,96007904,20245889,DRINKABLE WATER SYSTEM,S670-381003-TFIX01,LCS70 or BLD. 17 Bay 5,,False,False,True,,,2025-11-04,,,2026-11-04,Active
2930,96007518,20246440,NOSEWEIGHT CSERIES,C02310000-HFIX16,LCS070,,False,False,True,,,2026-03-08,,,2027-03-08,Active
2931,96007751,20246850,PSD ARMING PROTECT BLOCK,S500-120011-SFIX01,LCS070 CAGE,,False,False,False,,,,,,,Cannot Find
2932,96007322,20245215,OVERHEAD BINS INSTALLATION JIG,C04400501-SFIX01,LCS010/020,,False,False,True,2025-10-14,,,2025-11-13,,2026-08-10,Active
2933,96007371,20245773,NOSE WEIGHT LIFT TABLE,LT03-6448-5000,LCS002,,False,False,True,2025-10-16,,2026-03-30,2025-11-15,,2027-03-30,Active
2934,96009199,20278599,EXTENSION ALTERNANCE DORANCY,S500-323111-TFIX01,LCS003 CAGE,,False,False,False,,,,,,,Cannot Find
2935,96007341,20245253,AFT & FWDPAX DOOR HANDLE PROTECTION,C05158150-SFIX01,LCS070,,False,False,False,2025-08-15,2025-08-15,2025-08-15,2025-09-14,2026-02-11,2026-08-15,Deactivated
2936,96007075,20330128,Lav A Oxygen Tubing Test,C500-351011-TFIX01,,,True,False,True,2026-03-01,,2026-01-01,2026-05-31,2026-10-28,2027-01-01,Active
2937,96007452,20328773,SIDE STICK RIG PIN,490100GSE1,FLIGHTLINE,,False,False,True,,,,,,,Cannot Find
2938,96005229,20230178,"STOOL, LIGHTWEIGHT RUBBER COATED 2 STEP",RUBBER STEP STOOL,"FLIGHTLINE, BAY 1",,False,False,False,,,,,,,Deactivated
2939,96011642,20350505,Protection floor cargo OFF position,C04471000-SFIX03,,,True,False,True,2026-03-01,,2026-01-01,,,2027-01-01,Active
2941,96007496,20582333,Safety nets kit FWD Service Door,,,,False,False,False,2026-04-07,,2026-01-01,,,,Deactivated
2942,96007872,20245876,WING FUEL TANK PRESSURE CAPS KIT,S500-281001-TFIX04,LCS003 CAGE,,False,False,False,,,,,,,Cannot Find
2944,96007659,20245586,CRUCIFORM MEASURING TOOL,C01356503-001-SFIX01,LCS002,,True,False,True,2026-03-23,,2025-12-03,2026-04-22,,2026-12-03,Active
2945,96007622,20246323,"PASSENGER STAIR, CLYDE",15F2820,LCS030/040,,False,False,True,,,2025-11-14,,,2026-11-14,Active
2946,96007416,20246398,TAILSTAND (US PROCURED),03A5846C0100,LCS003,,False,False,True,2025-08-06,2025-08-06,2025-08-06,2025-09-05,2026-02-02,2026-08-06,Active
2947,96003873,20245112,"OHMMETER,  MICRO, LOW RESISTANCE",,,,False,False,False,,,,,,,Deactivated
2948,96007738,20246372,CARGO FLOOR FWD CS100/300,C02310000-SFIX08,MULT,,False,False,True,,,,,,,Cannot Find
2949,96007856,20330131,PROLINE 3600 POWER CONNECTOR,S500-275011-TFIX03,LCS030/040 CAGE,,False,False,True,,,2026-02-09,,,2027-02-09,Active
2950,96007580,20246807,3-STEP AVIONIC LADDER  + WHITE EXTENSION,C01300000-SCLD23,LCS001,,False,False,True,,,2025-12-04,,,2026-12-04,Active
2951,96011796,20491005,Erosion tape hole opening tool,,,,False,False,False,2026-05-29,,2026-01-01,,,,Run to Failure
2952,96011796,20490999,Erosion tape hole opening tool,,,,True,False,True,2026-04-28,,2026-01-01,2026-05-28,,2027-01-01,Active
2953,96004943,20241599,PHASE ROTATION INDICATOR ADAPTOR KIT-METER,FLUKE 9040-TFIX01,LCS030/040 CAGE,,False,False,True,2025-09-08,,2025-10-21,2025-10-08,,2026-10-21,Active
2954,96007842,20245704,CSERIES SHORT LIGHT BOX,S500-240011-TFIX01,LCS003 CAGE,,False,False,True,2025-10-09,,2026-03-30,2025-11-08,,2027-03-30,Active
2955,96006718,20234667,"SCALE, AC40-LP-IS LOW PROFILE PLATFORM",AC40-LP-IS,LCS070,,False,False,True,2025-09-08,,2026-03-23,2025-10-08,,2027-03-23,Active
2956,96007609,20245990,AFT PAX INTERIOR FINITION STAGING + ELEV,C01300000-SCLD03,LCS010/020,,False,False,True,2025-08-04,2025-08-04,2025-08-04,2025-09-03,2026-01-31,2026-08-04,Active
2957,96007785,20245682,T-FTG CS300 TF13-2/TF20-2,C01663001-002-SFIX03,LCS002,,False,False,True,2025-10-10,,,2025-11-09,,2026-10-15,Active
2959,96005880,20218915,RUDDER GONIOMETER,S500-272011-TFIX03,LCS010/20 - CAGE RACK 5 SHELF D,,True,False,True,2026-04-27,,2026-01-06,2026-06-26,,2027-05-27,Active
2960,96006637,20230137,SPOILER INCLINOMETER,S500-276011-TFIX02,LCS010/020 CAGE,,False,False,True,2025-09-17,,2025-09-04,2025-10-17,,2026-08-09,Active
2962,96007517,20245489,APU INSTALLATION TOOL - FISHPOLE BRACKET,C02181500-001-HFIX01,LCS030/040 CAGE,,True,True,True,2026-03-04,2025-12-10,2026-01-16,2026-04-03,2026-06-08,2027-01-16,Active
2963,96007373,20303579,Nitrogen servicing cart,18-4208-0010,,,True,False,True,2026-04-06,,2026-01-01,2026-05-06,,2027-01-01,Active
2964,96007541,20246358,INTER-DADO POSITIONING JIG,C04400708-LJIG01,LCS010/020 INTERIORS CAGE,,False,False,True,,,2025-11-10,,,2026-11-10,Active
2965,96011475,20329364,Laser monument short shaft,2301-010000,,,True,False,True,2026-03-01,,2026-01-01,,,2027-01-01,Active
2966,96011476,20329405,Laser monument long shaft,2301-020000,,,True,False,True,2026-04-30,,2026-01-01,2026-05-30,,2027-01-01,Active
2967,96007811,20246006,14-STEP LADDER - GREY (IMPR),,,,False,False,False,,,,,,,Deactivated
2968,96009468,20282595,"BELT, BARRIER, RETRACTABLE STRIPPED YELLOW",60145T267,LCS030/040,,False,False,False,,,2026-01-16,,,2027-01-16,Active
2969,96004432,20234213,"LADDER, CAGE ADJ SAFETY TYPE 1AA 3-5FT",SEP5-2436,"BUILDING 18, 320 SIDE",,False,False,True,,,2025-09-05,,,2026-09-05,Active
2970,96007899,20246436,HANDLE ADAPTER (MEBD),,,,False,False,False,,,,,,,Deactivated
2971,96007155,20243159,DRILL TEMPLATE FOR STRINGER SPLICE FR30,C01302000-DJIG69,LCS001 LOWER,,False,False,True,,,2025-10-21,,,2026-10-21,Active
2972,96009338,20278617,EXTENSION HEADSET,BD500EXT-100-SFIX01,LCS903,,False,False,True,,,2025-12-18,,,2026-12-18,Active
2973,96007751,20246832,PSD ARMING PROTECT BLOCK,S500-120011-SFIX01,FLIGHTLINE,,False,False,False,,,,,,,Cannot Find
2974,96005857,20218813,"SLING, 1/4"" 4"" OAL W/HOOK WIRE",,,,False,False,False,,,,,,,Deactivated
2975,96007851,20245863,ELEVATOR BACKLASH BAR,S500-273011-TFIX01,LCS010/020 CAGE,,False,False,True,,,2025-11-06,,,2026-11-06,Active
2976,96007465,20327602,SWIVEL TENSION FITTING DRILL JIG,GT9910461-GTOO01,US-LCS002-MEC,,True,False,True,2026-04-06,,2026-03-04,2026-05-06,,2027-03-04,Active
2977,96007391,20246261,GROUND SPOILER PISTON ROD COLLAR   (US P,490640GSE1-1001,LCS003 CAGE,,False,False,True,,,2025-11-10,,,2026-11-10,Active
2978,96007929,20246339,CARGO DOOR DUMMY ACTUATOR,C500-523000-TFIX01,LCS002 CAGE,,False,False,True,,,2025-11-10,,,2026-11-10,Active
2979,96006919,20240317,POWER SUP - G165 12V 50/60HZ,POWER SUPPLY,LCS010/020 INTERIORS CAGE,,False,False,True,2025-09-08,,2025-09-17,2025-10-08,,2026-09-17,Active
2980,96007670,20246442,MID CARGO CSE PANEL DOLLY,C01370000-SFIX09,LCS001,,False,False,False,,,,,,,Deactivated
2981,96006856,20238365,SCREEN BOX TSE 100,TSE-100 B,ELT SHOP,,False,False,True,2025-09-12,,2025-09-22,2025-10-12,,2026-09-22,Active
2982,96006991,20242606,"SLING-ST.PIERRE-285.62""-SPN3-3-1904",,,,False,False,False,,,,,,,Deactivated
2983,96007497,20246226,FAL ASD SAFETY  FENCE,GT9910590-GTOO02,LCS070,,False,False,False,,,,,,,Cannot Find
2984,96007708,20245618,MLG FUSE PIN PULLER CS100 LCS002,C01637405-SFIX01,LCS002 Basement,,False,False,True,,,2025-11-04,,,2026-11-04,Active
2985,96007295,20243299,CS300 FWD SPAR,C01663001-001-DJIG01,LCS002,,False,False,False,2026-02-27,,,,,,Deactivated
2986,96007380,20245933,SERVICE UNIT RESERVOIR (US PROCURED),06-5020-3600,LCS030/040,,False,False,True,,,2025-11-05,,,2026-11-05,Active
2987,96007738,20246243,CARGO FLOOR FWD CS100/300,C02310000-SFIX08,MULT,,False,False,False,,,,,,,Deactivated
2988,96007879,20246630,UPLOCK CONSIGNATION,S500-321011-TFIX04,LCS010/020 CAGE,,False,False,True,,,2025-11-26,,,2026-11-26,Active
2989,96006427,20582324,Tempcal Probe,,,,True,False,True,2026-03-01,,2026-01-01,,,2027-01-01,Active
2990,96007312,20243316,CS300 FWD TRIFORM,C01663001-002-DJIG32,LCS002,,False,False,False,,,2026-02-23,,,,Deactivated
2991,95163226,20087064,TECHKIT/SEMKIT CARTRIDGE MIXER,TS6500,LCS003,,False,False,True,2025-09-22,2025-08-18,2025-09-03,2025-10-22,,2026-09-22,Active
2992,96007385,20245934,100 WATTS 2-30 MHZ ELEMENT (US PROCURED),,,,False,False,False,,,,,,,Deactivated
2993,96011053,20313170,GABARIT DE PERCAGE,C02322600,LCS001,,False,False,False,,,,,,,Cannot Find
2994,96007815,20246789,5-STEP LADDER NO HAND RAIL - BLUE,,,,False,False,False,,,,,,,Deactivated
2995,96007736,20245646,HSTA I/R INNNER NUT TOOL,C02040910-SFIX05,LCS002,,False,False,True,2025-10-07,,2026-03-23,2025-11-06,,2027-03-23,Active
2996,96007804,20246615,8-STEP LADDER - BLUE,ML-083221G,LCS010/020,,False,False,True,,,2025-11-24,,,2026-11-24,Active
2997,96007379,20279840,SKYDROL OIL SERVICING - HAND PUMP FOR A2,06-4035-3600,LCS903,,False,False,False,,,,,,,Deactivated
2998,96007494,20582331,Safety nets kit FWD Passenger Door,,,,False,False,False,2026-04-27,,2026-01-01,,,,Run to Failure
2999,96011647,20350513,SLAT TRACK 0 DEGREE BLOCK,S500-278101-TFIX11,,,True,False,True,2026-04-27,,2026-01-01,2026-05-27,,2027-01-01,Active
3000,96010691,20582340,"Passager, service , fwd and aft door protection",,,,True,False,True,2026-03-01,,2026-01-01,,,2027-01-01,Active
3001,96007572,20245517,TAIL CONE APU DOOR ACCESS LADDER (WHITE),C01300000-SCLD26,LCS003,,False,False,True,2025-10-14,,,2025-11-13,,2026-08-09,Active
3002,96004748,20289010,"BLOCK, CALIBRATION",C01603001-CKGG01,LCS002 CAGE,,False,False,True,,,2026-01-14,,,2027-01-14,Active
3003,96004781,20209446,"PUMP, NOVATOR ORBITAL",,,,False,False,False,,,,,,,Deactivated
3004,96007465,20327591,SWIVEL TENSION FITTING DRILL JIG,GT9910461-GTOO01,US-LCS002-MEC,,True,False,True,2026-04-10,,2026-03-03,2026-05-10,,2027-03-03,Active
3005,96007074,20248380,"CHARGER-ANALYZER, INTELLIGENT BATTERY",9899603001,BATTERY SHOP,,False,False,True,,,2025-12-08,,,2026-12-08,Active
3006,96007839,20245703,NLG EXTENSION FITTING,S500-120011-TFIX32,LCS002 CAGE Rack6,,False,False,True,2025-10-07,,2025-11-04,2025-11-06,,2026-11-04,Active
3007,96007729,20245639,VSTAB STOPPER LCS002,C01900000-001-SFIX02,LCS002 CAGE RACK 3,,False,False,True,,,2025-11-04,,,2026-11-04,Active
3008,96006584,20238559,"BAR, LOADING 47"" TO 75""",47 to 75 LOAD BAR,LCS010/020,,False,False,True,,,2025-10-22,,,2026-10-22,Active
3009,96001901,20211712,"FAN, MAX PERFORMANCE PIVOTING",,,,False,False,False,,,,,,,Deactivated
3010,96001961,20212101,"FAN, CIRCULATION, 24IN WITH GUARDS",AFB-243-VKM,LCS002,,False,False,True,2025-08-19,2025-08-19,2025-08-19,,,,Active
3011,96007804,20246627,8-STEP LADDER - BLUE,ML-083221G,LCS030/040,,False,False,True,,,2025-11-28,,,2026-11-28,Active
3012,96011058,20313175,FLOOR PANEL DRILL JIG,C01392700,LCS001,,False,False,True,,,2026-02-25,,,2027-02-25,Active
3013,96006781,20236840,"CART, TIRE AND BRAKE CHANGING",14-6883-0110,FLIGHTLINE,,False,False,True,2025-09-12,,2026-03-05,2025-10-12,,2027-03-05,Active
3014,96009345,20279843,CANTILEVER ROLLING LADDER,UCS500730242,ACS825,,False,False,True,,,2026-01-28,,,2027-01-28,Active
3016,96007023,20242611,SLING-WEAR-FLEX-EE4-0902 X-CHOKER 8800,,,,False,False,False,,,,,,,Deactivated
3017,96009368,20307084,"Electric DISPENSER, SHOE COVER, BOOTIE BUTLER",,,,True,False,True,2026-03-01,,2026-01-01,,,2027-01-01,Active
3018,96007217,20243221,DRILL TEMPLATE FOR STRINGER SPLICE FR61,C01303000-DJIG51,LCS001 TOP,,False,False,True,,,2025-10-28,,,2026-10-28,Active
3019,96007760,20245661,SHIM MEASUREMENT TEMPLATE,C01356605-003-SFIX01,LCS002,,False,False,True,,,2025-11-21,,,2026-11-21,Active
3020,96007374,20245774,BIRD RF POWER ANALYST CUSTOM CASE,,,,False,False,False,,,,,,,Deactivated
3021,96008014,20245917,APT-6000 AFDX PING TOOL (US PROCURED),810-0296-002,LCS003,,False,False,False,,,,,,,Cannot Find
3022,96004780,20208744,"PUMP, ACCULUBE FOR CLECO ADU",,,,False,False,False,,,,,,,Deactivated
3023,96007100,20243104,DRILL TEMPLATE FOR STRINGER SPLICE FR30,C01302000-DJIG14,LCS001 TOP,,False,False,True,,,2025-09-19,,,2026-09-19,Active
3024,96007856,20330191,PROLINE 3600 POWER CONNECTOR,S500-275011-TFIX03,LCS070 CAGE,,False,False,True,,,2026-02-10,,,2027-02-10,Active
1000,96007493,20328874,ZERO ENERGY KIT,,LCS002 Cage,,False,False,True,,,,,,2027-04-06,Active
3025,96002103,20207341,"CABINET, 60 GAL. FLAMMABLE",BLD. 7,,,False,False,True,2025-08-12,2025-08-12,2025-08-12,,,2026-08-26,Active
3026,96013399,20668870,NITROGEN CART,,,,False,False,True,,,,,,2026-05-01,Active
1000,96010538,20574448,SIDE CONSOLE COCKPIT PROTECTION,,LCS001,,False,False,True,,,,,,,Active
